ISO-10303-21;
HEADER;
FILE_DESCRIPTION(('ViewDefinition[DesignTransferView]'),'2;1');
FILE_NAME('s03.ifc','2026-10-09T01:50:10+08:00',(''),(''),'IfcOpenShell 0.8.5-post1','Bonsai 0.8.5-post1','Nobody');
FILE_SCHEMA(('IFC4'));
ENDSEC;
DATA;
#1=IFCPROJECT('1r3MYwrdbC_hiY26PTLT1Q',$,'My Project',$,$,$,$,(#10,#22),#5);
#2=IFCSIUNIT(*,.LENGTHUNIT.,$,.METRE.);
#3=IFCSIUNIT(*,.AREAUNIT.,$,.SQUARE_METRE.);
#4=IFCSIUNIT(*,.VOLUMEUNIT.,$,.CUBIC_METRE.);
#5=IFCUNITASSIGNMENT((#4,#2,#3));
#6=IFCCARTESIANPOINT((0.,0.,0.));
#7=IFCDIRECTION((0.,0.,1.));
#8=IFCDIRECTION((1.,0.,0.));
#9=IFCAXIS2PLACEMENT3D(#6,#7,#8);
#10=IFCGEOMETRICREPRESENTATIONCONTEXT($,'Model',3,1.0000000000000001E-05,#9,$);
#11=IFCGEOMETRICREPRESENTATIONSUBCONTEXT('Body','Model',*,*,*,*,#10,$,.MODEL_VIEW.,$);
#12=IFCGEOMETRICREPRESENTATIONSUBCONTEXT('Axis','Model',*,*,*,*,#10,$,.GRAPH_VIEW.,$);
#13=IFCGEOMETRICREPRESENTATIONSUBCONTEXT('Box','Model',*,*,*,*,#10,$,.MODEL_VIEW.,$);
#14=IFCGEOMETRICREPRESENTATIONSUBCONTEXT('Annotation','Model',*,*,*,*,#10,$,.SECTION_VIEW.,$);
#15=IFCGEOMETRICREPRESENTATIONSUBCONTEXT('Annotation','Model',*,*,*,*,#10,$,.ELEVATION_VIEW.,$);
#16=IFCGEOMETRICREPRESENTATIONSUBCONTEXT('Annotation','Model',*,*,*,*,#10,$,.MODEL_VIEW.,$);
#17=IFCGEOMETRICREPRESENTATIONSUBCONTEXT('Annotation','Model',*,*,*,*,#10,$,.PLAN_VIEW.,$);
#18=IFCGEOMETRICREPRESENTATIONSUBCONTEXT('Profile','Model',*,*,*,*,#10,$,.ELEVATION_VIEW.,$);
#19=IFCCARTESIANPOINT((0.,0.));
#20=IFCDIRECTION((1.,0.));
#21=IFCAXIS2PLACEMENT2D(#19,#20);
#22=IFCGEOMETRICREPRESENTATIONCONTEXT($,'Plan',2,1.0000000000000001E-05,#21,$);
#23=IFCGEOMETRICREPRESENTATIONSUBCONTEXT('Axis','Plan',*,*,*,*,#22,$,.GRAPH_VIEW.,$);
#24=IFCGEOMETRICREPRESENTATIONSUBCONTEXT('Body','Plan',*,*,*,*,#22,$,.PLAN_VIEW.,$);
#25=IFCGEOMETRICREPRESENTATIONSUBCONTEXT('Annotation','Plan',*,*,*,*,#22,$,.PLAN_VIEW.,$);
#26=IFCGEOMETRICREPRESENTATIONSUBCONTEXT('Annotation','Plan',*,*,*,*,#22,$,.REFLECTED_PLAN_VIEW.,$);
#27=IFCSITE('3f5zCwRz94_wsNfnr4iNCY',$,'My Site',$,$,#50,$,$,$,$,$,$,$,$);
#33=IFCBUILDING('2S6fdkFJ1Fn81pfPdyZMh_',$,'My Building',$,$,#56,$,$,$,$,$,$);
#39=IFCBUILDINGSTOREY('3OqLjckEz6Z873nwyRi4Gb',$,'2F',$,$,#5469,$,$,$,$);
#45=IFCRELAGGREGATES('381RU2fsjCW8ueobm8e72I',$,$,$,#1,(#27));
#46=IFCCARTESIANPOINT((0.,0.,0.));
#47=IFCDIRECTION((0.,0.,1.));
#48=IFCDIRECTION((1.,0.,0.));
#49=IFCAXIS2PLACEMENT3D(#46,#47,#48);
#50=IFCLOCALPLACEMENT($,#49);
#51=IFCRELAGGREGATES('1Ovqe8DGn04hC0mqCvcCSa',$,$,$,#27,(#33));
#52=IFCCARTESIANPOINT((0.,0.,0.));
#53=IFCDIRECTION((0.,0.,1.));
#54=IFCDIRECTION((1.,0.,0.));
#55=IFCAXIS2PLACEMENT3D(#52,#53,#54);
#56=IFCLOCALPLACEMENT(#50,#55);
#57=IFCRELAGGREGATES('3QgiiVnb16QhFcLz8ZrTQ7',$,$,$,#33,(#63,#10828,#39));
#63=IFCBUILDINGSTOREY('1YlDvjkjnD3fFjDBj7c1$w',$,'GF',$,$,#79,$,$,$,$);
#75=IFCCARTESIANPOINT((0.,0.,0.));
#76=IFCDIRECTION((0.,0.,1.));
#77=IFCDIRECTION((1.,0.,0.));
#78=IFCAXIS2PLACEMENT3D(#75,#76,#77);
#79=IFCLOCALPLACEMENT(#56,#78);
#87=IFCWALLTYPE('088UcYACH4BucGYRt4cthM',$,'Wall',$,$,(#92),$,$,$,.SOLIDWALL.);
#88=IFCMATERIAL('Unknown',$,$);
#89=IFCMATERIALLAYERSET((#91),$,$);
#90=IFCRELASSOCIATESMATERIAL('1twR8YrlbEBREmn9$0BbWX',$,$,$,(#87),#89);
#91=IFCMATERIALLAYER(#88,0.10000000000000001,$,$,$,$,$);
#92=IFCPROPERTYSET('3HwQO0cvf3F8oKiOyUzI9C',$,'EPset_Parametric',$,(#93));
#93=IFCPROPERTYSINGLEVALUE('LayerSetDirection',$,IFCLABEL('AXIS2'),$);
#214=IFCWALL('1Hrl$odkLA1PTQpaASziaF',$,'Wall',$,$,#1336,#222,$,$);
#215=IFCRELCONTAINEDINSPATIALSTRUCTURE('2i2FuOHlX0mBFDW0V4g_n2',$,$,$,(#1037,#2900,#291,#4782,#1564,#391,#1062,#316,#5202,#3558,#2508,#1433,#4274,#864,#241,#734,#341,#759,#266,#214,#366,#3786),#63);
#216=IFCRELDEFINESBYTYPE('3Ze8E4$49EAQJQg6unTENL',$,$,$,(#1037,#291,#5724,#6262,#5649,#391,#1062,#5574,#316,#6404,#5749,#864,#241,#5674,#734,#341,#759,#5774,#6442,#266,#5599,#6237,#5624,#214,#366,#5799,#10888),#87);
#217=IFCMATERIALLAYERSETUSAGE(#89,.AXIS2.,.POSITIVE.,0.,$);
#218=IFCRELASSOCIATESMATERIAL('3HO$04wnn10fv3Nl1hHJv2',$,$,$,(#214),#217);
#222=IFCPRODUCTDEFINITIONSHAPE($,$,(#1331,#1328));
#238=IFCPROPERTYSET('0Y88AUuAr6cOI57vuPXBg$',$,'EPset_Parametric',$,(#240));
#239=IFCRELDEFINESBYPROPERTIES('2UTArn8Lv0AwOPVs_8CYD8',$,$,$,(#214),#238);
#240=IFCPROPERTYSINGLEVALUE('Engine',$,IFCLABEL('Bonsai.DumbLayer2'),$);
#241=IFCWALL('2Bm6QSwqDEOujp10w8qadJ',$,'Wall',$,$,#252,#247,$,$);
#242=IFCMATERIALLAYERSETUSAGE(#89,.AXIS2.,.POSITIVE.,0.,$);
#243=IFCRELASSOCIATESMATERIAL('0u7qGpAs98VuJLzO0_owJZ',$,$,$,(#241),#242);
#247=IFCPRODUCTDEFINITIONSHAPE($,$,(#578,#575));
#248=IFCCARTESIANPOINT((4.2283482551574707,-2.610029935836792,0.));
#249=IFCDIRECTION((0.,0.,1.));
#250=IFCDIRECTION((7.5497901264043109E-08,0.99999999999999711,0.));
#251=IFCAXIS2PLACEMENT3D(#248,#249,#250);
#252=IFCLOCALPLACEMENT(#79,#251);
#263=IFCPROPERTYSET('0$V99A0un8Ke5SMrme8ZuX',$,'EPset_Parametric',$,(#265));
#264=IFCRELDEFINESBYPROPERTIES('1ONUltyA1FH9$Y7Z6wRCfw',$,$,$,(#241),#263);
#265=IFCPROPERTYSINGLEVALUE('Engine',$,IFCLABEL('Bonsai.DumbLayer2'),$);
#266=IFCWALL('3wTLkD3PT9ugIOrxyqOmno',$,'Wall',$,$,#565,#272,$,$);
#267=IFCMATERIALLAYERSETUSAGE(#89,.AXIS2.,.POSITIVE.,0.,$);
#268=IFCRELASSOCIATESMATERIAL('3_cQV7tBr6aRD6n$fq0g3$',$,$,$,(#266),#267);
#272=IFCPRODUCTDEFINITIONSHAPE($,$,(#610,#607));
#288=IFCPROPERTYSET('0LXXdnr4j6Yf2tD_6$POYc',$,'EPset_Parametric',$,(#290));
#289=IFCRELDEFINESBYPROPERTIES('0ISiMmZlf4$vGVFctdUS8g',$,$,$,(#266),#288);
#290=IFCPROPERTYSINGLEVALUE('Engine',$,IFCLABEL('Bonsai.DumbLayer2'),$);
#291=IFCWALL('1ekrR2vNTDd9CV6XF$ruKz',$,'Wall',$,$,#597,#297,$,$);
#292=IFCMATERIALLAYERSETUSAGE(#89,.AXIS2.,.POSITIVE.,0.,$);
#293=IFCRELASSOCIATESMATERIAL('3kJU1iWCvDGhimWQXO6Jl6',$,$,$,(#291),#292);
#297=IFCPRODUCTDEFINITIONSHAPE($,$,(#2043,#2040));
#313=IFCPROPERTYSET('0iQ8cUd017pAZ4tbkbNF6a',$,'EPset_Parametric',$,(#315));
#314=IFCRELDEFINESBYPROPERTIES('2Ehv0P1_11yw0qDldb4$H8',$,$,$,(#291),#313);
#315=IFCPROPERTYSINGLEVALUE('Engine',$,IFCLABEL('Bonsai.DumbLayer2'),$);
#316=IFCWALL('1JWAN3i6bB9wzA0VEF$hMz',$,'Wall',$,$,#1426,#322,$,$);
#317=IFCMATERIALLAYERSETUSAGE(#89,.AXIS2.,.POSITIVE.,0.,$);
#318=IFCRELASSOCIATESMATERIAL('33ASSmXSr8zx5g1jEdDAiH',$,$,$,(#316),#317);
#322=IFCPRODUCTDEFINITIONSHAPE($,$,(#2030,#2027));
#338=IFCPROPERTYSET('3TFQNNAo10nehMLwVL7Akp',$,'EPset_Parametric',$,(#340));
#339=IFCRELDEFINESBYPROPERTIES('3Pxf8HYxPFWet6zuVkmP21',$,$,$,(#316),#338);
#340=IFCPROPERTYSINGLEVALUE('Engine',$,IFCLABEL('Bonsai.DumbLayer2'),$);
#341=IFCWALL('2KDr4GNdT5MPy1cjlSkQ5g',$,'Wall',$,$,#656,#347,$,$);
#342=IFCMATERIALLAYERSETUSAGE(#89,.AXIS2.,.POSITIVE.,0.,$);
#343=IFCRELASSOCIATESMATERIAL('2dh30cSfjCXfcsU_eDdwGZ',$,$,$,(#341),#342);
#347=IFCPRODUCTDEFINITIONSHAPE($,$,(#863,#860));
#363=IFCPROPERTYSET('0m5DTelRT2AwSuh$a9O3Ba',$,'EPset_Parametric',$,(#365));
#364=IFCRELDEFINESBYPROPERTIES('163bOm0A10SQaDLAhXo9k$',$,$,$,(#341),#363);
#365=IFCPROPERTYSINGLEVALUE('Engine',$,IFCLABEL('Bonsai.DumbLayer2'),$);
#366=IFCWALL('239S8c8w17Owu_8eRn9Dpg',$,'Wall',$,$,#688,#372,$,$);
#367=IFCMATERIALLAYERSETUSAGE(#89,.AXIS2.,.POSITIVE.,0.,$);
#368=IFCRELASSOCIATESMATERIAL('1CS3EIcq1AOeTE50f8jBYF',$,$,$,(#366),#367);
#372=IFCPRODUCTDEFINITIONSHAPE($,$,(#2386,#2383));
#388=IFCPROPERTYSET('1yldWkVOX83eW_NRUOPWIf',$,'EPset_Parametric',$,(#390));
#389=IFCRELDEFINESBYPROPERTIES('2SYrad4sn7xxhCqsbpQdA5',$,$,$,(#366),#388);
#390=IFCPROPERTYSINGLEVALUE('Engine',$,IFCLABEL('Bonsai.DumbLayer2'),$);
#391=IFCWALL('1JVM2bBAj3xvylkBns2fip',$,'Wall',$,$,#720,#397,$,$);
#392=IFCMATERIALLAYERSETUSAGE(#89,.AXIS2.,.POSITIVE.,0.,$);
#393=IFCRELASSOCIATESMATERIAL('3C3$kW9Ir8ZR8cggt0evTL',$,$,$,(#391),#392);
#397=IFCPRODUCTDEFINITIONSHAPE($,$,(#2318,#2315));
#413=IFCPROPERTYSET('2t0SXhij53avZaKs87cm5_',$,'EPset_Parametric',$,(#415));
#414=IFCRELDEFINESBYPROPERTIES('35ie8LmbT3jBuUcAyPdaCL',$,$,$,(#391),#413);
#415=IFCPROPERTYSINGLEVALUE('Engine',$,IFCLABEL('Bonsai.DumbLayer2'),$);
#520=IFCRELCONNECTSPATHELEMENTS('1zaLLyfBbAYg9fYXGZXIUj',$,$,$,$,#241,#214,(),(),.ATEND.,.ATSTART.);
#547=IFCRELCONNECTSPATHELEMENTS('2s1UR9Crn92Q4pvtX3gHwJ',$,$,$,$,#266,#241,(),(),.ATEND.,.ATSTART.);
#561=IFCCARTESIANPOINT((4.2283489436983039,6.5099697113038868,0.));
#562=IFCDIRECTION((0.,0.,1.));
#563=IFCDIRECTION((-0.99999999999998868,-1.5099580252808492E-07,0.));
#564=IFCAXIS2PLACEMENT3D(#561,#562,#563);
#565=IFCLOCALPLACEMENT(#79,#564);
#566=IFCCARTESIANPOINTLIST2D(((0.,0.),(0.099999992450210157,0.10000000000000001),(9.0199996244913319,0.10000000000000001),(9.1199996471407054,0.)));
#567=IFCINDEXEDPOLYCURVE(#566,(IFCLINEINDEX((1,2,3,4,1))),$);
#568=IFCARBITRARYCLOSEDPROFILEDEF(.AREA.,$,#567);
#569=IFCCARTESIANPOINT((0.,0.,0.));
#570=IFCDIRECTION((0.,0.,1.));
#571=IFCDIRECTION((1.,0.,0.));
#572=IFCAXIS2PLACEMENT3D(#569,#570,#571);
#573=IFCDIRECTION((0.,0.,1.));
#574=IFCEXTRUDEDAREASOLID(#568,#572,#573,3.);
#575=IFCSHAPEREPRESENTATION(#11,'Body','SweptSolid',(#574));
#576=IFCCARTESIANPOINTLIST2D(((0.,0.),(9.1199996471407054,0.)));
#577=IFCINDEXEDPOLYCURVE(#576,$,$);
#578=IFCSHAPEREPRESENTATION(#23,'Axis','Curve2D',(#577));
#579=IFCRELCONNECTSPATHELEMENTS('0BX6_G68PCgvqFIX3NBuw3',$,$,$,$,#291,#266,(),(),.ATEND.,.ATSTART.);
#593=IFCCARTESIANPOINT((0.76834774017334329,6.5099691888582285,0.));
#594=IFCDIRECTION((0.,0.,1.));
#595=IFCDIRECTION((7.5497901264043123E-08,-0.99999999999999722,0.));
#596=IFCAXIS2PLACEMENT3D(#593,#594,#595);
#597=IFCLOCALPLACEMENT(#79,#596);
#598=IFCCARTESIANPOINTLIST2D(((0.,0.),(0.10000002264937295,0.10000000000000001),(3.3600012110747901,0.10000000000000001),(3.4600012035250001,0.)));
#599=IFCINDEXEDPOLYCURVE(#598,(IFCLINEINDEX((1,2,3,4,1))),$);
#600=IFCARBITRARYCLOSEDPROFILEDEF(.AREA.,$,#599);
#601=IFCCARTESIANPOINT((0.,0.,0.));
#602=IFCDIRECTION((0.,0.,1.));
#603=IFCDIRECTION((1.,0.,0.));
#604=IFCAXIS2PLACEMENT3D(#601,#602,#603);
#605=IFCDIRECTION((0.,0.,1.));
#606=IFCEXTRUDEDAREASOLID(#600,#604,#605,3.);
#607=IFCSHAPEREPRESENTATION(#11,'Body','SweptSolid',(#606));
#608=IFCCARTESIANPOINTLIST2D(((0.,0.),(3.4600012035250001,0.)));
#609=IFCINDEXEDPOLYCURVE(#608,$,$);
#610=IFCSHAPEREPRESENTATION(#23,'Axis','Curve2D',(#609));
#638=IFCRELCONNECTSPATHELEMENTS('1VKypUC75DbuDCkL2$K7Y4',$,$,$,$,#341,#316,(),(),.ATEND.,.ATSTART.);
#652=IFCCARTESIANPOINT((-2.79165220260627,4.999970868737047,0.));
#653=IFCDIRECTION((0.,0.,1.));
#654=IFCDIRECTION((7.5497901264043123E-08,-0.99999999999999722,0.));
#655=IFCAXIS2PLACEMENT3D(#652,#653,#654);
#656=IFCLOCALPLACEMENT(#79,#655);
#670=IFCRELCONNECTSPATHELEMENTS('2PFMtZ3H9CcRVStqPojvJL',$,$,$,$,#366,#341,(),(),.ATEND.,.ATSTART.);
#684=IFCCARTESIANPOINT((-2.7916518168119517,-0.11002969741821289,0.));
#685=IFCDIRECTION((0.,0.,1.));
#686=IFCDIRECTION((1.,0.,0.));
#687=IFCAXIS2PLACEMENT3D(#684,#685,#686);
#688=IFCLOCALPLACEMENT(#79,#687);
#716=IFCCARTESIANPOINT((0.21834826469420376,-0.11002969741821289,0.));
#717=IFCDIRECTION((0.,0.,1.));
#718=IFCDIRECTION((-4.3711388286737889E-08,-0.99999999999999911,0.));
#719=IFCAXIS2PLACEMENT3D(#716,#717,#718);
#720=IFCLOCALPLACEMENT(#79,#719);
#734=IFCWALL('1RoyT2_xrDvuGBQQ20c_mq',$,'Wall',$,$,#2076,#740,$,$);
#735=IFCMATERIALLAYERSETUSAGE(#89,.AXIS2.,.POSITIVE.,0.,$);
#736=IFCRELASSOCIATESMATERIAL('1NoEtXQeL9zPsaSiffAkG5',$,$,$,(#734),#735);
#740=IFCPRODUCTDEFINITIONSHAPE($,$,(#2399,#2396));
#756=IFCPROPERTYSET('0lQ$7KuhDD$vonnaWuhL7P',$,'EPset_Parametric',$,(#758));
#757=IFCRELDEFINESBYPROPERTIES('2pJY08FM11S90fJBPQq6dM',$,$,$,(#734),#756);
#758=IFCPROPERTYSINGLEVALUE('Engine',$,IFCLABEL('Bonsai.DumbLayer2'),$);
#759=IFCWALL('0TTH6nMTvB2RCmo7FknX0z',$,'Wall',$,$,#770,#765,$,$);
#760=IFCMATERIALLAYERSETUSAGE(#89,.AXIS2.,.POSITIVE.,0.,$);
#761=IFCRELASSOCIATESMATERIAL('3Puv_13mn6QBCAjaZOrA9g',$,$,$,(#759),#760);
#765=IFCPRODUCTDEFINITIONSHAPE($,$,(#850,#847));
#766=IFCCARTESIANPOINT((0.3183484673500061,2.6299703121185303,0.));
#767=IFCDIRECTION((0.,0.,1.));
#768=IFCDIRECTION((-0.99999999999998868,-1.5099580252808492E-07,0.));
#769=IFCAXIS2PLACEMENT3D(#766,#767,#768);
#770=IFCLOCALPLACEMENT(#79,#769);
#781=IFCPROPERTYSET('0xszr0aCLFnxplu_NuW5Cy',$,'EPset_Parametric',$,(#783));
#782=IFCRELDEFINESBYPROPERTIES('1BYVQSLWz7UQ4YK_U1zPy1',$,$,$,(#759),#781);
#783=IFCPROPERTYSINGLEVALUE('Engine',$,IFCLABEL('Bonsai.DumbLayer2'),$);
#810=IFCRELCONNECTSPATHELEMENTS('3a8opFGu11TRQhboM_1fst',$,$,$,$,#759,#734,(),(),.ATEND.,.ATSTART.);
#837=IFCRELCONNECTSPATHELEMENTS('1WZqFUECn0FeDj3yGV0W6j',$,$,$,$,#759,#341,(),(),.ATPATH.,.ATEND.);
#838=IFCCARTESIANPOINTLIST2D(((0.,0.),(0.10000002264937295,0.10000000000000001),(3.0100004892742005,0.10000000000000001),(3.0100004817244104,0.)));
#839=IFCINDEXEDPOLYCURVE(#838,(IFCLINEINDEX((1,2,3,4,1))),$);
#840=IFCARBITRARYCLOSEDPROFILEDEF(.AREA.,$,#839);
#841=IFCCARTESIANPOINT((0.,0.,0.));
#842=IFCDIRECTION((0.,0.,1.));
#843=IFCDIRECTION((1.,0.,0.));
#844=IFCAXIS2PLACEMENT3D(#841,#842,#843);
#845=IFCDIRECTION((0.,0.,1.));
#846=IFCEXTRUDEDAREASOLID(#840,#844,#845,3.);
#847=IFCSHAPEREPRESENTATION(#11,'Body','SweptSolid',(#846));
#848=IFCCARTESIANPOINTLIST2D(((0.,0.),(3.1100004817244109,0.)));
#849=IFCINDEXEDPOLYCURVE(#848,$,$);
#850=IFCSHAPEREPRESENTATION(#23,'Axis','Curve2D',(#849));
#851=IFCCARTESIANPOINTLIST2D(((0.,0.),(0.1000000464912377,0.10000000000000001),(5.0100005737050637,0.10000000000000001),(5.1100005661552741,0.)));
#852=IFCINDEXEDPOLYCURVE(#851,(IFCLINEINDEX((1,2,3,4,1))),$);
#853=IFCARBITRARYCLOSEDPROFILEDEF(.AREA.,$,#852);
#854=IFCCARTESIANPOINT((0.,0.,0.));
#855=IFCDIRECTION((0.,0.,1.));
#856=IFCDIRECTION((1.,0.,0.));
#857=IFCAXIS2PLACEMENT3D(#854,#855,#856);
#858=IFCDIRECTION((0.,0.,1.));
#859=IFCEXTRUDEDAREASOLID(#853,#857,#858,3.);
#860=IFCSHAPEREPRESENTATION(#11,'Body','SweptSolid',(#859));
#861=IFCCARTESIANPOINTLIST2D(((0.,0.),(5.1100005661552741,0.)));
#862=IFCINDEXEDPOLYCURVE(#861,$,$);
#863=IFCSHAPEREPRESENTATION(#23,'Axis','Curve2D',(#862));
#864=IFCWALL('2WivN5ohH0jfZMllvPdcFq',$,'Wall',$,$,#906,#870,$,$);
#865=IFCMATERIALLAYERSETUSAGE(#89,.AXIS2.,.POSITIVE.,0.,$);
#866=IFCRELASSOCIATESMATERIAL('2nbfjaZKn05htb$HVTtRd1',$,$,$,(#864),#865);
#870=IFCPRODUCTDEFINITIONSHAPE($,$,(#1208,#1205));
#886=IFCPROPERTYSET('3NGrbAJivDGgQzWyrUQSgU',$,'EPset_Parametric',$,(#888));
#887=IFCRELDEFINESBYPROPERTIES('16N0kT0s1FJ97gsFNUuUU7',$,$,$,(#864),#886);
#888=IFCPROPERTYSINGLEVALUE('Engine',$,IFCLABEL('Bonsai.DumbLayer2'),$);
#902=IFCCARTESIANPOINT((-1.1796574592590332,2.6299703121185303,0.));
#903=IFCDIRECTION((0.,0.,1.));
#904=IFCDIRECTION((1.9470718370939353E-07,0.99999999999998113,0.));
#905=IFCAXIS2PLACEMENT3D(#902,#903,#904);
#906=IFCLOCALPLACEMENT(#79,#905);
#907=IFCRELCONNECTSPATHELEMENTS('1vX1F_INDAqR6tmOaM2xpV',$,$,$,$,#864,#316,(),(),.ATPATH.,.ATEND.);
#1037=IFCWALL('2kB$2X1M13ugdY7RmsE6dV',$,'Wall',$,$,#1259,#1043,$,$);
#1038=IFCMATERIALLAYERSETUSAGE(#89,.AXIS2.,.POSITIVE.,0.,$);
#1039=IFCRELASSOCIATESMATERIAL('1Njw1DzFLARf3YIzpRN3mk',$,$,$,(#1037),#1038);
#1043=IFCPRODUCTDEFINITIONSHAPE($,$,(#2016,#2013));
#1059=IFCPROPERTYSET('3bEGx7_B1Fz8YPhwA7Fsn5',$,'EPset_Parametric',$,(#1061));
#1060=IFCRELDEFINESBYPROPERTIES('3hzE8HhfDEOPoYRNt5V4Vj',$,$,$,(#1037),#1059);
#1061=IFCPROPERTYSINGLEVALUE('Engine',$,IFCLABEL('Bonsai.DumbLayer2'),$);
#1062=IFCWALL('1m_iCvYJXB5BHO1GS6ymXN',$,'Wall',$,$,#1291,#1068,$,$);
#1063=IFCMATERIALLAYERSETUSAGE(#89,.AXIS2.,.POSITIVE.,0.,$);
#1064=IFCRELASSOCIATESMATERIAL('1hTlk9DVr95uit9ERS0nWf',$,$,$,(#1062),#1063);
#1068=IFCPRODUCTDEFINITIONSHAPE($,$,(#1286,#1283));
#1084=IFCPROPERTYSET('1Xysl$ivrChA$cimXYj38z',$,'EPset_Parametric',$,(#1086));
#1085=IFCRELDEFINESBYPROPERTIES('2S_qI4d$z37Qb3lXzrCuCP',$,$,$,(#1062),#1084);
#1086=IFCPROPERTYSINGLEVALUE('Engine',$,IFCLABEL('Bonsai.DumbLayer2'),$);
#1182=IFCRELCONNECTSPATHELEMENTS('0WO6vLC0D7ew$WcieMmOh7',$,$,$,$,#1062,#864,(),(),.ATPATH.,.ATEND.);
#1196=IFCCARTESIANPOINTLIST2D(((0.,0.),(0.,0.10000000000000001),(2.2699999483551845,0.10000000000000001),(2.2699999288844661,0.)));
#1197=IFCINDEXEDPOLYCURVE(#1196,(IFCLINEINDEX((1,2,3,4,1))),$);
#1198=IFCARBITRARYCLOSEDPROFILEDEF(.AREA.,$,#1197);
#1199=IFCCARTESIANPOINT((0.,0.,0.));
#1200=IFCDIRECTION((0.,0.,1.));
#1201=IFCDIRECTION((1.,0.,0.));
#1202=IFCAXIS2PLACEMENT3D(#1199,#1200,#1201);
#1203=IFCDIRECTION((0.,0.,1.));
#1204=IFCEXTRUDEDAREASOLID(#1198,#1202,#1203,3.);
#1205=IFCSHAPEREPRESENTATION(#11,'Body','SweptSolid',(#1204));
#1206=IFCCARTESIANPOINTLIST2D(((0.,0.),(2.369999928884468,0.)));
#1207=IFCINDEXEDPOLYCURVE(#1206,$,$);
#1208=IFCSHAPEREPRESENTATION(#23,'Axis','Curve2D',(#1207));
#1255=IFCCARTESIANPOINT((0.76834783991192956,4.9999694824218839,0.));
#1256=IFCDIRECTION((0.,0.,1.));
#1257=IFCDIRECTION((1.9470718370939353E-07,-0.99999999999998113,0.));
#1258=IFCAXIS2PLACEMENT3D(#1255,#1256,#1257);
#1259=IFCLOCALPLACEMENT(#79,#1258);
#1273=IFCRELCONNECTSPATHELEMENTS('3IoZGZR0L9DgmnNETXni0W',$,$,$,$,#1062,#1037,(),(),.ATEND.,.ATSTART.);
#1274=IFCCARTESIANPOINTLIST2D(((0.,0.),(-0.10000005841217217,0.10000000000000001),(1.9480053828951391,0.10000000000000001),(1.9480054023658575,0.)));
#1275=IFCINDEXEDPOLYCURVE(#1274,(IFCLINEINDEX((1,2,3,4,1))),$);
#1276=IFCARBITRARYCLOSEDPROFILEDEF(.AREA.,$,#1275);
#1277=IFCCARTESIANPOINT((0.,0.,0.));
#1278=IFCDIRECTION((0.,0.,1.));
#1279=IFCDIRECTION((1.,0.,0.));
#1280=IFCAXIS2PLACEMENT3D(#1277,#1278,#1279);
#1281=IFCDIRECTION((0.,0.,1.));
#1282=IFCEXTRUDEDAREASOLID(#1276,#1280,#1281,3.);
#1283=IFCSHAPEREPRESENTATION(#11,'Body','SweptSolid',(#1282));
#1284=IFCCARTESIANPOINTLIST2D(((0.,0.),(1.9480054023658575,0.)));
#1285=IFCINDEXEDPOLYCURVE(#1284,$,$);
#1286=IFCSHAPEREPRESENTATION(#23,'Axis','Curve2D',(#1285));
#1287=IFCCARTESIANPOINT((0.76834812223730875,3.5499696731566823,0.));
#1288=IFCDIRECTION((0.,0.,1.));
#1289=IFCDIRECTION((-0.99999999999992428,3.8941436741876494E-07,0.));
#1290=IFCAXIS2PLACEMENT3D(#1287,#1288,#1289);
#1291=IFCLOCALPLACEMENT(#79,#1290);
#1305=IFCRELCONNECTSPATHELEMENTS('07Cz0_h1fBhO3eWmCAVe8R',$,$,$,$,#391,#214,(),(),.ATSTART.,.ATEND.);
#1319=IFCCARTESIANPOINTLIST2D(((0.,0.),(0.10000000437113894,0.10000000000000001),(3.910000107291538,0.10000000000000001),(4.010000099741748,0.)));
#1320=IFCINDEXEDPOLYCURVE(#1319,(IFCLINEINDEX((1,2,3,4,1))),$);
#1321=IFCARBITRARYCLOSEDPROFILEDEF(.AREA.,$,#1320);
#1322=IFCCARTESIANPOINT((0.,0.,0.));
#1323=IFCDIRECTION((0.,0.,1.));
#1324=IFCDIRECTION((1.,0.,0.));
#1325=IFCAXIS2PLACEMENT3D(#1322,#1323,#1324);
#1326=IFCDIRECTION((0.,0.,1.));
#1327=IFCEXTRUDEDAREASOLID(#1321,#1325,#1326,3.);
#1328=IFCSHAPEREPRESENTATION(#11,'Body','SweptSolid',(#1327));
#1329=IFCCARTESIANPOINTLIST2D(((0.,0.),(4.010000099741748,0.)));
#1330=IFCINDEXEDPOLYCURVE(#1329,$,$);
#1331=IFCSHAPEREPRESENTATION(#23,'Axis','Curve2D',(#1330));
#1332=IFCCARTESIANPOINT((0.21834815541572261,-2.610029935836792,0.));
#1333=IFCDIRECTION((0.,0.,1.));
#1334=IFCDIRECTION((1.,0.,0.));
#1335=IFCAXIS2PLACEMENT3D(#1332,#1333,#1334);
#1336=IFCLOCALPLACEMENT(#79,#1335);
#1422=IFCCARTESIANPOINT((0.76834785417515195,4.9999694824218777,0.));
#1423=IFCDIRECTION((0.,0.,1.));
#1424=IFCDIRECTION((-0.99999999999992428,3.8941436741876494E-07,0.));
#1425=IFCAXIS2PLACEMENT3D(#1422,#1423,#1424);
#1426=IFCLOCALPLACEMENT(#79,#1425);
#1427=IFCSLABTYPE('3$5CFY2PTBGRV$8qn65M5p',$,'Slab',$,$,(#1431),$,$,$,.FLOOR.);
#1428=IFCMATERIALLAYERSET((#1430),$,$);
#1429=IFCRELASSOCIATESMATERIAL('0WTzFA2_nDaQK_VIVHyPvL',$,$,$,(#1427),#1428);
#1430=IFCMATERIALLAYER(#88,0.10000000000000001,$,$,$,$,$);
#1431=IFCPROPERTYSET('34AZ3Vn1XCR81fXPBTSo1b',$,'EPset_Parametric',$,(#1432));
#1432=IFCPROPERTYSINGLEVALUE('LayerSetDirection',$,IFCLABEL('AXIS3'),$);
#1433=IFCSLAB('09xRGKUNH29u6RW4VLpREh',$,'Slab',$,$,#1441,#1448,$,$);
#1434=IFCRELDEFINESBYTYPE('1$72gRzm13Rx_tx34xMoNl',$,$,$,(#6480,#1433),#1427);
#1435=IFCMATERIALLAYERSETUSAGE(#1428,.AXIS3.,.POSITIVE.,-0.10000000149011612,$);
#1436=IFCRELASSOCIATESMATERIAL('3sty7remb9CQ1jKHRXGU2Y',$,$,$,(#1433),#1435);
#1437=IFCCARTESIANPOINT((0.21834845840930939,-2.610029935836792,0.));
#1438=IFCDIRECTION((0.,0.,1.));
#1439=IFCDIRECTION((1.,0.,0.));
#1440=IFCAXIS2PLACEMENT3D(#1437,#1438,#1439);
#1441=IFCLOCALPLACEMENT(#79,#1440);
#1444=IFCDIRECTION((0.,0.,1.));
#1446=IFCEXTRUDEDAREASOLID(#3461,#1455,#1444,0.10000000000000001);
#1447=IFCSHAPEREPRESENTATION(#11,'Body','SweptSolid',(#1446));
#1448=IFCPRODUCTDEFINITIONSHAPE($,$,(#1447));
#1449=IFCPROPERTYSET('2ht9MV$krFOwWIDdo0UXlK',$,'EPset_Parametric',$,(#1451));
#1450=IFCRELDEFINESBYPROPERTIES('0U3ce5IeH3vP67VRHmFo5s',$,$,$,(#1433),#1449);
#1451=IFCPROPERTYSINGLEVALUE('Engine',$,IFCLABEL('Bonsai.DumbLayer3'),$);
#1452=IFCCARTESIANPOINT((-0.,-0.,-0.10000000149011612));
#1453=IFCDIRECTION((0.,0.,1.));
#1454=IFCDIRECTION((1.,0.,0.));
#1455=IFCAXIS2PLACEMENT3D(#1452,#1453,#1454);
#1456=IFCDOORTYPE('0oIegzqB9FhQW4yHwCB78f',$,'Main-GF',$,$,(#1457),(#1466,#1544,#1563),$,$,.DOOR.,.SINGLE_SWING_LEFT.,$,$);
#1457=IFCPROPERTYSET('3i_TUE7Or0HOiMbAhKN3AF',$,'BBIM_Door',$,(#1458));
#1458=IFCPROPERTYSINGLEVALUE('Data',$,IFCTEXT('{"door_type": "SINGLE_SWING_LEFT", "overall_height": 2.0, "overall_width": 0.8999999761581421, "lining_properties": {"lining_depth": 0.05000000074505806, "lining_thickness": 0.05000000074505806, "lining_offset": 0.0, "lining_to_panel_offset_x": 0.02500000037252903, "lining_to_panel_offset_y": 0.02500000037252903, "transom_thickness": 0.0, "casing_thickness": 0.07500000298023224, "casing_depth": 0.004999999888241291, "threshold_thickness": 0.02500000037252903, "threshold_depth": 0.10000000149011612, "threshold_offset": 0.0}, "panel_properties": {"panel_depth": 0.03500000014901161, "panel_width_ratio": 1.0}}'),$);
#1462=IFCCARTESIANPOINT((0.,0.,0.));
#1463=IFCDIRECTION((1.,0.,0.));
#1464=IFCDIRECTION((0.,0.,1.));
#1465=IFCAXIS2PLACEMENT3D(#1462,#1464,#1463);
#1466=IFCREPRESENTATIONMAP(#1465,#1865);
#1540=IFCCARTESIANPOINT((0.,0.,0.));
#1541=IFCDIRECTION((1.,0.,0.));
#1542=IFCDIRECTION((0.,0.,1.));
#1543=IFCAXIS2PLACEMENT3D(#1540,#1542,#1541);
#1544=IFCREPRESENTATIONMAP(#1543,#1938);
#1559=IFCCARTESIANPOINT((0.,0.,0.));
#1560=IFCDIRECTION((1.,0.,0.));
#1561=IFCDIRECTION((0.,0.,1.));
#1562=IFCAXIS2PLACEMENT3D(#1559,#1561,#1560);
#1563=IFCREPRESENTATIONMAP(#1562,#1952);
#1564=IFCDOOR('1cQNJksgrFnwO9XYMb4apD',$,'Door',$,$,#1977,#1573,$,2.,0.89999997615814209,$,.SINGLE_SWING_LEFT.,$);
#1565=IFCRELDEFINESBYTYPE('1tUOmiCKnF4AgnFvYl27sT',$,$,$,(#1564),#1456);
#1566=IFCCARTESIANPOINT((0.,0.,0.));
#1567=IFCDIRECTION((1.,0.,0.));
#1568=IFCDIRECTION((0.,1.,0.));
#1569=IFCDIRECTION((0.,0.,1.));
#1570=IFCCARTESIANTRANSFORMATIONOPERATOR3D(#1567,#1568,#1566,1.,#1569);
#1571=IFCMAPPEDITEM(#1466,#1570);
#1572=IFCSHAPEREPRESENTATION(#18,'Profile','MappedRepresentation',(#1571));
#1573=IFCPRODUCTDEFINITIONSHAPE($,$,(#1572,#1580,#1587));
#1574=IFCCARTESIANPOINT((0.,0.,0.));
#1575=IFCDIRECTION((1.,0.,0.));
#1576=IFCDIRECTION((0.,1.,0.));
#1577=IFCDIRECTION((0.,0.,1.));
#1578=IFCCARTESIANTRANSFORMATIONOPERATOR3D(#1575,#1576,#1574,1.,#1577);
#1579=IFCMAPPEDITEM(#1544,#1578);
#1580=IFCSHAPEREPRESENTATION(#11,'Body','MappedRepresentation',(#1579));
#1581=IFCCARTESIANPOINT((0.,0.,0.));
#1582=IFCDIRECTION((1.,0.,0.));
#1583=IFCDIRECTION((0.,1.,0.));
#1584=IFCDIRECTION((0.,0.,1.));
#1585=IFCCARTESIANTRANSFORMATIONOPERATOR3D(#1582,#1583,#1581,1.,#1584);
#1586=IFCMAPPEDITEM(#1563,#1585);
#1587=IFCSHAPEREPRESENTATION(#24,'Body','MappedRepresentation',(#1586));
#1588=IFCOPENINGELEMENT('1d_P8Yqgj7RefBxmEGcABf',$,'Opening',$,$,#1972,#1616,$,.OPENING.);
#1604=IFCCARTESIANPOINT((0.,0.,0.));
#1605=IFCDIRECTION((1.,0.,0.));
#1606=IFCDIRECTION((0.,0.,1.));
#1607=IFCAXIS2PLACEMENT3D(#1604,#1606,#1605);
#1608=IFCREPRESENTATIONMAP(#1607,#1962);
#1609=IFCCARTESIANPOINT((0.,0.,0.));
#1610=IFCDIRECTION((1.,0.,0.));
#1611=IFCDIRECTION((0.,1.,0.));
#1612=IFCDIRECTION((0.,0.,1.));
#1613=IFCCARTESIANTRANSFORMATIONOPERATOR3D(#1610,#1611,#1609,1.,#1612);
#1614=IFCMAPPEDITEM(#1608,#1613);
#1615=IFCSHAPEREPRESENTATION(#11,'Body','MappedRepresentation',(#1614));
#1616=IFCPRODUCTDEFINITIONSHAPE($,$,(#1615));
#1617=IFCRELVOIDSELEMENT('2frhEl$J18WgcmkySpxPAE',$,$,$,#214,#1588);
#1623=IFCRELFILLSELEMENT('27_5b4Yfj94vQeo8CdbuXX',$,$,$,#1588,#1564);
#1632=IFCCARTESIANPOINTLIST2D(((0.,0.),(0.,2.),(0.89999997615814209,2.),(0.89999997615814209,0.),(0.87499997578561306,0.),(0.87499997578561306,1.974999999627471),(0.02500000037252903,1.974999999627471),(0.02500000037252903,0.)));
#1633=IFCINDEXEDPOLYCURVE(#1632,(IFCLINEINDEX((1,2,3,4,5,6,7,8,1))),$);
#1634=IFCARBITRARYCLOSEDPROFILEDEF(.AREA.,$,#1633);
#1635=IFCCARTESIANPOINT((0.,0.02500000037252903,0.));
#1636=IFCDIRECTION((0.,-1.,0.));
#1637=IFCDIRECTION((1.,0.,0.));
#1638=IFCAXIS2PLACEMENT3D(#1635,#1636,#1637);
#1639=IFCDIRECTION((0.,0.,-1.));
#1640=IFCEXTRUDEDAREASOLID(#1634,#1638,#1639,0.02500000037252903);
#1641=IFCCARTESIANPOINTLIST2D(((0.,0.),(0.,2.),(0.89999997615814209,2.),(0.89999997615814209,0.),(0.84999997541308403,0.),(0.84999997541308403,1.9499999992549419),(0.05000000074505806,1.9499999992549419),(0.05000000074505806,0.)));
#1642=IFCINDEXEDPOLYCURVE(#1641,(IFCLINEINDEX((1,2,3,4,5,6,7,8,1))),$);
#1643=IFCARBITRARYCLOSEDPROFILEDEF(.AREA.,$,#1642);
#1644=IFCCARTESIANPOINT((0.,0.,0.));
#1645=IFCDIRECTION((0.,-1.,0.));
#1646=IFCDIRECTION((1.,0.,0.));
#1647=IFCAXIS2PLACEMENT3D(#1644,#1645,#1646);
#1648=IFCDIRECTION((0.,0.,-1.));
#1649=IFCEXTRUDEDAREASOLID(#1643,#1647,#1648,0.02500000037252903);
#1650=IFCCARTESIANPOINTLIST2D(((0.,0.),(0.79999997466802597,0.),(0.79999997466802597,0.10000000149011612),(0.,0.10000000149011612)));
#1651=IFCINDEXEDPOLYCURVE(#1650,(IFCLINEINDEX((1,2,3,4,1))),$);
#1652=IFCARBITRARYCLOSEDPROFILEDEF(.AREA.,$,#1651);
#1653=IFCCARTESIANPOINT((0.05000000074505806,0.,0.));
#1654=IFCDIRECTION((0.,0.,1.));
#1655=IFCDIRECTION((1.,0.,0.));
#1656=IFCAXIS2PLACEMENT3D(#1653,#1654,#1655);
#1657=IFCDIRECTION((0.,0.,1.));
#1658=IFCEXTRUDEDAREASOLID(#1652,#1656,#1657,0.02500000037252903);
#1659=IFCCARTESIANPOINTLIST2D(((0.,0.),(0.,2.0250000022351742),(0.94999998062849045,2.0250000022351742),(0.94999998062849045,0.),(0.87499997764825821,0.),(0.87499997764825821,1.9499999992549419),(0.075000002980232239,1.9499999992549419),(0.075000002980232239,0.)));
#1660=IFCINDEXEDPOLYCURVE(#1659,(IFCLINEINDEX((1,2,3,4,5,6,7,8,1))),$);
#1661=IFCARBITRARYCLOSEDPROFILEDEF(.AREA.,$,#1660);
#1662=IFCCARTESIANPOINT((-0.025000002235174179,-0.004999999888241291,0.));
#1663=IFCDIRECTION((0.,-1.,0.));
#1664=IFCDIRECTION((1.,0.,0.));
#1665=IFCAXIS2PLACEMENT3D(#1662,#1663,#1664);
#1666=IFCDIRECTION((0.,0.,-1.));
#1667=IFCEXTRUDEDAREASOLID(#1661,#1665,#1666,0.004999999888241291);
#1668=IFCCARTESIANPOINTLIST2D(((0.,0.),(0.,2.0250000022351742),(0.94999998062849045,2.0250000022351742),(0.94999998062849045,0.),(0.89999997802078724,0.),(0.89999997802078724,1.974999999627471),(0.050000002607703209,1.974999999627471),(0.050000002607703209,0.)));
#1669=IFCINDEXEDPOLYCURVE(#1668,(IFCLINEINDEX((1,2,3,4,5,6,7,8,1))),$);
#1670=IFCARBITRARYCLOSEDPROFILEDEF(.AREA.,$,#1669);
#1671=IFCCARTESIANPOINT((-0.025000002235174179,0.05000000074505806,0.));
#1672=IFCDIRECTION((0.,-1.,0.));
#1673=IFCDIRECTION((1.,0.,0.));
#1674=IFCAXIS2PLACEMENT3D(#1671,#1672,#1673);
#1675=IFCDIRECTION((0.,0.,-1.));
#1676=IFCEXTRUDEDAREASOLID(#1670,#1674,#1675,0.004999999888241291);
#1677=IFCCARTESIANPOINTLIST2D(((0.,0.),(0.84999997541308403,0.),(0.84999997541308403,0.035000000149011612),(0.,0.035000000149011612)));
#1678=IFCINDEXEDPOLYCURVE(#1677,(IFCLINEINDEX((1,2,3,4,1))),$);
#1679=IFCARBITRARYCLOSEDPROFILEDEF(.AREA.,$,#1678);
#1680=IFCCARTESIANPOINT((0.02500000037252903,0.02500000037252903,0.02500000037252903));
#1681=IFCDIRECTION((0.,0.,1.));
#1682=IFCDIRECTION((1.,0.,0.));
#1683=IFCAXIS2PLACEMENT3D(#1680,#1681,#1682);
#1684=IFCDIRECTION((0.,0.,1.));
#1685=IFCEXTRUDEDAREASOLID(#1679,#1683,#1684,1.9499999992549419);
#1686=IFCCARTESIANPOINTLIST2D(((0.,0.),(0.,-0.040000000000000001),(-0.11999999999999988,-0.040000000000000001),(-0.11999999999999988,-0.02),(-0.020000000000000018,-0.02),(-0.020000000000000018,0.)));
#1687=IFCINDEXEDPOLYCURVE(#1686,(IFCLINEINDEX((1,2,3,4,5,6,1))),$);
#1688=IFCARBITRARYCLOSEDPROFILEDEF(.AREA.,$,#1687);
#1689=IFCCARTESIANPOINT((0.82499997578561302,0.02500000037252903,1.015000000372529));
#1690=IFCDIRECTION((0.,0.,1.));
#1691=IFCDIRECTION((1.,0.,0.));
#1692=IFCAXIS2PLACEMENT3D(#1689,#1690,#1691);
#1693=IFCDIRECTION((0.,0.,1.));
#1694=IFCEXTRUDEDAREASOLID(#1688,#1692,#1693,0.02);
#1695=IFCEXTRUDEDAREASOLID(#1696,#1699,#1703,0.02);
#1696=IFCARBITRARYCLOSEDPROFILEDEF(.AREA.,$,#1697);
#1697=IFCINDEXEDPOLYCURVE(#1698,(IFCLINEINDEX((1,2,3,4,5,6,1))),$);
#1698=IFCCARTESIANPOINTLIST2D(((0.,0.),(0.,0.040000000000000008),(-0.11999999999999988,0.040000000000000008),(-0.11999999999999988,0.020000000000000004),(-0.020000000000000018,0.020000000000000004),(-0.020000000000000018,0.)));
#1699=IFCAXIS2PLACEMENT3D(#1700,#1701,#1702);
#1700=IFCCARTESIANPOINT((0.82499997578561302,0.060000000521540642,1.015000000372529));
#1701=IFCDIRECTION((0.,0.,1.));
#1702=IFCDIRECTION((1.,0.,0.));
#1703=IFCDIRECTION((0.,0.,1.));
#1705=IFCSHAPEREPRESENTATION(#11,'Body','SweptSolid',(#1874,#1777,#1786,#1910,#1901,#1768,#1658,#1892,#1795,#1676,#1649,#1883,#1759,#1667,#1640));
#1706=IFCSHAPEASPECT((#1705),'Lining',$,.T.,#1573);
#1707=IFCSHAPEREPRESENTATION(#11,'Body','SweptSolid',(#1685,#1919,#1695,#1804,#1928,#1929,#1813,#1694,#1814));
#1708=IFCSHAPEASPECT((#1707),'Framing',$,.T.,#1573);
#1751=IFCCARTESIANPOINTLIST2D(((0.,0.),(0.,2.),(0.89999997615814209,2.),(0.89999997615814209,0.),(0.87499997578561306,0.),(0.87499997578561306,1.974999999627471),(0.02500000037252903,1.974999999627471),(0.02500000037252903,0.)));
#1752=IFCINDEXEDPOLYCURVE(#1751,(IFCLINEINDEX((1,2,3,4,5,6,7,8,1))),$);
#1753=IFCARBITRARYCLOSEDPROFILEDEF(.AREA.,$,#1752);
#1754=IFCCARTESIANPOINT((0.,0.02500000037252903,0.));
#1755=IFCDIRECTION((0.,-1.,0.));
#1756=IFCDIRECTION((1.,0.,0.));
#1757=IFCAXIS2PLACEMENT3D(#1754,#1755,#1756);
#1758=IFCDIRECTION((0.,0.,-1.));
#1759=IFCEXTRUDEDAREASOLID(#1753,#1757,#1758,0.02500000037252903);
#1760=IFCCARTESIANPOINTLIST2D(((0.,0.),(0.,2.),(0.89999997615814209,2.),(0.89999997615814209,0.),(0.84999997541308403,0.),(0.84999997541308403,1.9499999992549419),(0.05000000074505806,1.9499999992549419),(0.05000000074505806,0.)));
#1761=IFCINDEXEDPOLYCURVE(#1760,(IFCLINEINDEX((1,2,3,4,5,6,7,8,1))),$);
#1762=IFCARBITRARYCLOSEDPROFILEDEF(.AREA.,$,#1761);
#1763=IFCCARTESIANPOINT((0.,0.,0.));
#1764=IFCDIRECTION((0.,-1.,0.));
#1765=IFCDIRECTION((1.,0.,0.));
#1766=IFCAXIS2PLACEMENT3D(#1763,#1764,#1765);
#1767=IFCDIRECTION((0.,0.,-1.));
#1768=IFCEXTRUDEDAREASOLID(#1762,#1766,#1767,0.02500000037252903);
#1769=IFCCARTESIANPOINTLIST2D(((0.,0.),(0.79999997466802597,0.),(0.79999997466802597,0.10000000149011612),(0.,0.10000000149011612)));
#1770=IFCINDEXEDPOLYCURVE(#1769,(IFCLINEINDEX((1,2,3,4,1))),$);
#1771=IFCARBITRARYCLOSEDPROFILEDEF(.AREA.,$,#1770);
#1772=IFCCARTESIANPOINT((0.05000000074505806,0.,0.));
#1773=IFCDIRECTION((0.,0.,1.));
#1774=IFCDIRECTION((1.,0.,0.));
#1775=IFCAXIS2PLACEMENT3D(#1772,#1773,#1774);
#1776=IFCDIRECTION((0.,0.,1.));
#1777=IFCEXTRUDEDAREASOLID(#1771,#1775,#1776,0.02500000037252903);
#1778=IFCCARTESIANPOINTLIST2D(((0.,0.),(0.,2.0250000022351742),(0.94999998062849045,2.0250000022351742),(0.94999998062849045,0.),(0.87499997764825821,0.),(0.87499997764825821,1.9499999992549419),(0.075000002980232239,1.9499999992549419),(0.075000002980232239,0.)));
#1779=IFCINDEXEDPOLYCURVE(#1778,(IFCLINEINDEX((1,2,3,4,5,6,7,8,1))),$);
#1780=IFCARBITRARYCLOSEDPROFILEDEF(.AREA.,$,#1779);
#1781=IFCCARTESIANPOINT((-0.025000002235174179,-0.004999999888241291,0.));
#1782=IFCDIRECTION((0.,-1.,0.));
#1783=IFCDIRECTION((1.,0.,0.));
#1784=IFCAXIS2PLACEMENT3D(#1781,#1782,#1783);
#1785=IFCDIRECTION((0.,0.,-1.));
#1786=IFCEXTRUDEDAREASOLID(#1780,#1784,#1785,0.004999999888241291);
#1787=IFCCARTESIANPOINTLIST2D(((0.,0.),(0.,2.0250000022351742),(0.94999998062849045,2.0250000022351742),(0.94999998062849045,0.),(0.89999997802078724,0.),(0.89999997802078724,1.974999999627471),(0.050000002607703209,1.974999999627471),(0.050000002607703209,0.)));
#1788=IFCINDEXEDPOLYCURVE(#1787,(IFCLINEINDEX((1,2,3,4,5,6,7,8,1))),$);
#1789=IFCARBITRARYCLOSEDPROFILEDEF(.AREA.,$,#1788);
#1790=IFCCARTESIANPOINT((-0.025000002235174179,0.05000000074505806,0.));
#1791=IFCDIRECTION((0.,-1.,0.));
#1792=IFCDIRECTION((1.,0.,0.));
#1793=IFCAXIS2PLACEMENT3D(#1790,#1791,#1792);
#1794=IFCDIRECTION((0.,0.,-1.));
#1795=IFCEXTRUDEDAREASOLID(#1789,#1793,#1794,0.004999999888241291);
#1796=IFCCARTESIANPOINTLIST2D(((0.,0.),(0.84999997541308403,0.),(0.84999997541308403,0.035000000149011612),(0.,0.035000000149011612)));
#1797=IFCINDEXEDPOLYCURVE(#1796,(IFCLINEINDEX((1,2,3,4,1))),$);
#1798=IFCARBITRARYCLOSEDPROFILEDEF(.AREA.,$,#1797);
#1799=IFCCARTESIANPOINT((0.02500000037252903,0.02500000037252903,0.02500000037252903));
#1800=IFCDIRECTION((0.,0.,1.));
#1801=IFCDIRECTION((1.,0.,0.));
#1802=IFCAXIS2PLACEMENT3D(#1799,#1800,#1801);
#1803=IFCDIRECTION((0.,0.,1.));
#1804=IFCEXTRUDEDAREASOLID(#1798,#1802,#1803,1.9499999992549419);
#1805=IFCCARTESIANPOINTLIST2D(((0.,0.),(0.,-0.040000000000000001),(0.12,-0.040000000000000001),(0.12,-0.02),(0.02,-0.02),(0.02,0.)));
#1806=IFCINDEXEDPOLYCURVE(#1805,(IFCLINEINDEX((1,2,3,4,5,6,1))),$);
#1807=IFCARBITRARYCLOSEDPROFILEDEF(.AREA.,$,#1806);
#1808=IFCCARTESIANPOINT((0.075000000372529033,0.02500000037252903,1.015000000372529));
#1809=IFCDIRECTION((0.,0.,1.));
#1810=IFCDIRECTION((1.,0.,0.));
#1811=IFCAXIS2PLACEMENT3D(#1808,#1809,#1810);
#1812=IFCDIRECTION((0.,0.,1.));
#1813=IFCEXTRUDEDAREASOLID(#1807,#1811,#1812,0.02);
#1814=IFCEXTRUDEDAREASOLID(#1815,#1818,#1822,0.02);
#1815=IFCARBITRARYCLOSEDPROFILEDEF(.AREA.,$,#1816);
#1816=IFCINDEXEDPOLYCURVE(#1817,(IFCLINEINDEX((1,2,3,4,5,6,1))),$);
#1817=IFCCARTESIANPOINTLIST2D(((0.,0.),(0.,0.040000000000000008),(0.11999999999999998,0.040000000000000008),(0.11999999999999998,0.020000000000000004),(0.020000000000000004,0.020000000000000004),(0.020000000000000004,0.)));
#1818=IFCAXIS2PLACEMENT3D(#1819,#1820,#1821);
#1819=IFCCARTESIANPOINT((0.075000000372529033,0.060000000521540642,1.015000000372529));
#1820=IFCDIRECTION((0.,0.,1.));
#1821=IFCDIRECTION((1.,0.,0.));
#1822=IFCDIRECTION((0.,0.,1.));
#1863=IFCCARTESIANPOINTLIST3D(((0.,0.,0.),(0.89999997615814209,0.,0.),(0.89999997615814209,0.,2.),(0.,0.,2.)));
#1864=IFCINDEXEDPOLYCURVE(#1863,(IFCLINEINDEX((1,2,3,4,1))),$);
#1865=IFCSHAPEREPRESENTATION(#18,'Profile','Curve3D',(#1864));
#1866=IFCCARTESIANPOINTLIST2D(((0.,0.),(0.,2.),(0.89999997615814209,2.),(0.89999997615814209,0.),(0.87499997578561306,0.),(0.87499997578561306,1.974999999627471),(0.02500000037252903,1.974999999627471),(0.02500000037252903,0.)));
#1867=IFCINDEXEDPOLYCURVE(#1866,(IFCLINEINDEX((1,2,3,4,5,6,7,8,1))),$);
#1868=IFCARBITRARYCLOSEDPROFILEDEF(.AREA.,$,#1867);
#1869=IFCCARTESIANPOINT((0.,0.02500000037252903,0.));
#1870=IFCDIRECTION((0.,-1.,0.));
#1871=IFCDIRECTION((1.,0.,0.));
#1872=IFCAXIS2PLACEMENT3D(#1869,#1870,#1871);
#1873=IFCDIRECTION((0.,0.,-1.));
#1874=IFCEXTRUDEDAREASOLID(#1868,#1872,#1873,0.02500000037252903);
#1875=IFCCARTESIANPOINTLIST2D(((0.,0.),(0.,2.),(0.89999997615814209,2.),(0.89999997615814209,0.),(0.84999997541308403,0.),(0.84999997541308403,1.9499999992549419),(0.05000000074505806,1.9499999992549419),(0.05000000074505806,0.)));
#1876=IFCINDEXEDPOLYCURVE(#1875,(IFCLINEINDEX((1,2,3,4,5,6,7,8,1))),$);
#1877=IFCARBITRARYCLOSEDPROFILEDEF(.AREA.,$,#1876);
#1878=IFCCARTESIANPOINT((0.,0.,0.));
#1879=IFCDIRECTION((0.,-1.,0.));
#1880=IFCDIRECTION((1.,0.,0.));
#1881=IFCAXIS2PLACEMENT3D(#1878,#1879,#1880);
#1882=IFCDIRECTION((0.,0.,-1.));
#1883=IFCEXTRUDEDAREASOLID(#1877,#1881,#1882,0.02500000037252903);
#1884=IFCCARTESIANPOINTLIST2D(((0.,0.),(0.79999997466802597,0.),(0.79999997466802597,0.10000000149011612),(0.,0.10000000149011612)));
#1885=IFCINDEXEDPOLYCURVE(#1884,(IFCLINEINDEX((1,2,3,4,1))),$);
#1886=IFCARBITRARYCLOSEDPROFILEDEF(.AREA.,$,#1885);
#1887=IFCCARTESIANPOINT((0.05000000074505806,0.,0.));
#1888=IFCDIRECTION((0.,0.,1.));
#1889=IFCDIRECTION((1.,0.,0.));
#1890=IFCAXIS2PLACEMENT3D(#1887,#1888,#1889);
#1891=IFCDIRECTION((0.,0.,1.));
#1892=IFCEXTRUDEDAREASOLID(#1886,#1890,#1891,0.02500000037252903);
#1893=IFCCARTESIANPOINTLIST2D(((0.,0.),(0.,2.0250000022351742),(0.94999998062849045,2.0250000022351742),(0.94999998062849045,0.),(0.87499997764825821,0.),(0.87499997764825821,1.9499999992549419),(0.075000002980232239,1.9499999992549419),(0.075000002980232239,0.)));
#1894=IFCINDEXEDPOLYCURVE(#1893,(IFCLINEINDEX((1,2,3,4,5,6,7,8,1))),$);
#1895=IFCARBITRARYCLOSEDPROFILEDEF(.AREA.,$,#1894);
#1896=IFCCARTESIANPOINT((-0.025000002235174179,-0.004999999888241291,0.));
#1897=IFCDIRECTION((0.,-1.,0.));
#1898=IFCDIRECTION((1.,0.,0.));
#1899=IFCAXIS2PLACEMENT3D(#1896,#1897,#1898);
#1900=IFCDIRECTION((0.,0.,-1.));
#1901=IFCEXTRUDEDAREASOLID(#1895,#1899,#1900,0.004999999888241291);
#1902=IFCCARTESIANPOINTLIST2D(((0.,0.),(0.,2.0250000022351742),(0.94999998062849045,2.0250000022351742),(0.94999998062849045,0.),(0.89999997802078724,0.),(0.89999997802078724,1.974999999627471),(0.050000002607703209,1.974999999627471),(0.050000002607703209,0.)));
#1903=IFCINDEXEDPOLYCURVE(#1902,(IFCLINEINDEX((1,2,3,4,5,6,7,8,1))),$);
#1904=IFCARBITRARYCLOSEDPROFILEDEF(.AREA.,$,#1903);
#1905=IFCCARTESIANPOINT((-0.025000002235174179,0.05000000074505806,0.));
#1906=IFCDIRECTION((0.,-1.,0.));
#1907=IFCDIRECTION((1.,0.,0.));
#1908=IFCAXIS2PLACEMENT3D(#1905,#1906,#1907);
#1909=IFCDIRECTION((0.,0.,-1.));
#1910=IFCEXTRUDEDAREASOLID(#1904,#1908,#1909,0.004999999888241291);
#1911=IFCCARTESIANPOINTLIST2D(((0.,0.),(0.84999997541308403,0.),(0.84999997541308403,0.035000000149011612),(0.,0.035000000149011612)));
#1912=IFCINDEXEDPOLYCURVE(#1911,(IFCLINEINDEX((1,2,3,4,1))),$);
#1913=IFCARBITRARYCLOSEDPROFILEDEF(.AREA.,$,#1912);
#1914=IFCCARTESIANPOINT((0.02500000037252903,0.02500000037252903,0.02500000037252903));
#1915=IFCDIRECTION((0.,0.,1.));
#1916=IFCDIRECTION((1.,0.,0.));
#1917=IFCAXIS2PLACEMENT3D(#1914,#1915,#1916);
#1918=IFCDIRECTION((0.,0.,1.));
#1919=IFCEXTRUDEDAREASOLID(#1913,#1917,#1918,1.9499999992549419);
#1920=IFCCARTESIANPOINTLIST2D(((0.,0.),(0.,-0.040000000000000001),(-0.11999999999999988,-0.040000000000000001),(-0.11999999999999988,-0.02),(-0.020000000000000018,-0.02),(-0.020000000000000018,0.)));
#1921=IFCINDEXEDPOLYCURVE(#1920,(IFCLINEINDEX((1,2,3,4,5,6,1))),$);
#1922=IFCARBITRARYCLOSEDPROFILEDEF(.AREA.,$,#1921);
#1923=IFCCARTESIANPOINT((0.82499997578561302,0.02500000037252903,1.015000000372529));
#1924=IFCDIRECTION((0.,0.,1.));
#1925=IFCDIRECTION((1.,0.,0.));
#1926=IFCAXIS2PLACEMENT3D(#1923,#1924,#1925);
#1927=IFCDIRECTION((0.,0.,1.));
#1928=IFCEXTRUDEDAREASOLID(#1922,#1926,#1927,0.02);
#1929=IFCEXTRUDEDAREASOLID(#1930,#1933,#1937,0.02);
#1930=IFCARBITRARYCLOSEDPROFILEDEF(.AREA.,$,#1931);
#1931=IFCINDEXEDPOLYCURVE(#1932,(IFCLINEINDEX((1,2,3,4,5,6,1))),$);
#1932=IFCCARTESIANPOINTLIST2D(((0.,0.),(0.,0.040000000000000008),(-0.11999999999999988,0.040000000000000008),(-0.11999999999999988,0.020000000000000004),(-0.020000000000000018,0.020000000000000004),(-0.020000000000000018,0.)));
#1933=IFCAXIS2PLACEMENT3D(#1934,#1935,#1936);
#1934=IFCCARTESIANPOINT((0.82499997578561302,0.060000000521540642,1.015000000372529));
#1935=IFCDIRECTION((0.,0.,1.));
#1936=IFCDIRECTION((1.,0.,0.));
#1937=IFCDIRECTION((0.,0.,1.));
#1938=IFCSHAPEREPRESENTATION(#11,'Body','SweptSolid',(#1874,#1883,#1919,#1928,#1929,#1892,#1901,#1910));
#1939=IFCCARTESIANPOINTLIST2D(((0.,0.),(0.,0.05000000074505806),(0.02500000037252903,0.05000000074505806),(0.02500000037252903,0.02500000037252903),(0.05000000074505806,0.02500000037252903),(0.05000000074505806,0.)));
#1940=IFCINDEXEDPOLYCURVE(#1939,(IFCLINEINDEX((1,2,3,4,5,6,1))),$);
#1941=IFCINDEXEDPOLYCURVE(#1942,(IFCLINEINDEX((1,2,3,4,5,6,1))),$);
#1942=IFCCARTESIANPOINTLIST2D(((0.89999997615814209,0.),(0.89999997615814209,0.05000000074505806),(0.87499997578561306,0.05000000074505806),(0.87499997578561306,0.02500000037252903),(0.84999997541308403,0.02500000037252903),(0.84999997541308403,0.)));
#1943=IFCDIRECTION((1.,0.));
#1944=IFCCARTESIANPOINT((0.060000000521540642,0.05000000074505806));
#1945=IFCAXIS2PLACEMENT2D(#1944,#1943);
#1946=IFCELLIPSE(#1945,0.81499997526407242,0.84999997541308403);
#1947=IFCCARTESIANPOINT((0.87499997578561306,0.05000000074505806));
#1948=IFCCARTESIANPOINT((0.060000000521540642,0.89999997615814209));
#1949=IFCTRIMMEDCURVE(#1946,(#1947),(#1948),.T.,.CARTESIAN.);
#1950=IFCCARTESIANPOINTLIST2D(((0.02500000037252903,0.05000000074505806),(0.060000000521540642,0.05000000074505806),(0.060000000521540642,0.89999997615814209),(0.02500000037252903,0.89999997615814209)));
#1951=IFCINDEXEDPOLYCURVE(#1950,(IFCLINEINDEX((1,2,3,4,1))),$);
#1952=IFCSHAPEREPRESENTATION(#24,'Body','Curve2D',(#1940,#1941,#1949,#1951));
#1953=IFCCARTESIANPOINTLIST2D(((0.,0.),(0.89999997615814209,0.),(0.89999997615814209,2.),(0.,2.)));
#1954=IFCINDEXEDPOLYCURVE(#1953,(IFCLINEINDEX((1,2,3,4,1))),$);
#1955=IFCARBITRARYCLOSEDPROFILEDEF(.AREA.,$,#1954);
#1956=IFCCARTESIANPOINT((0.,-0.60000002384185791,0.));
#1957=IFCDIRECTION((0.,-1.,0.));
#1958=IFCDIRECTION((1.,0.,0.));
#1959=IFCAXIS2PLACEMENT3D(#1956,#1957,#1958);
#1960=IFCDIRECTION((0.,0.,-1.));
#1961=IFCEXTRUDEDAREASOLID(#1955,#1959,#1960,1.2);
#1962=IFCSHAPEREPRESENTATION(#11,'Body','SweptSolid',(#1961));
#1968=IFCCARTESIANPOINT((0.26574825247459721,0.015000343322753906,0.));
#1969=IFCDIRECTION((0.,0.,1.));
#1970=IFCDIRECTION((0.99999999999928946,-1.1920928955069655E-06,0.));
#1971=IFCAXIS2PLACEMENT3D(#1968,#1969,#1970);
#1972=IFCLOCALPLACEMENT(#1336,#1971);
#1973=IFCCARTESIANPOINT((1.6653345369377348E-16,4.4408920985006262E-16,0.));
#1974=IFCDIRECTION((0.,0.,1.));
#1975=IFCDIRECTION((1.,-2.1175823681357508E-22,0.));
#1976=IFCAXIS2PLACEMENT3D(#1973,#1974,#1975);
#1977=IFCLOCALPLACEMENT(#1972,#1976);
#2004=IFCCARTESIANPOINTLIST2D(((0.,0.),(0.,0.10000000000000001),(1.5499998676774005,0.10000000000000001),(1.4499998092652282,0.)));
#2005=IFCINDEXEDPOLYCURVE(#2004,(IFCLINEINDEX((1,2,3,4,1))),$);
#2006=IFCARBITRARYCLOSEDPROFILEDEF(.AREA.,$,#2005);
#2007=IFCCARTESIANPOINT((0.,0.,0.));
#2008=IFCDIRECTION((0.,0.,1.));
#2009=IFCDIRECTION((1.,0.,0.));
#2010=IFCAXIS2PLACEMENT3D(#2007,#2008,#2009);
#2011=IFCDIRECTION((0.,0.,1.));
#2012=IFCEXTRUDEDAREASOLID(#2006,#2010,#2011,3.);
#2013=IFCSHAPEREPRESENTATION(#11,'Body','SweptSolid',(#2012));
#2014=IFCCARTESIANPOINTLIST2D(((0.,0.),(1.4499998092652282,0.)));
#2015=IFCINDEXEDPOLYCURVE(#2014,$,$);
#2016=IFCSHAPEREPRESENTATION(#23,'Axis','Curve2D',(#2015));
#2017=IFCRELCONNECTSPATHELEMENTS('0Fhe8wkY15ZwTwkSQQbbcR',$,$,$,$,#316,#291,(),(),.ATPATH.,.ATSTART.);
#2018=IFCCARTESIANPOINTLIST2D(((0.,0.),(-4.6491226868285151E-08,0.10000000000000001),(3.4600000102904538,0.10000000000000001),(3.5600000567816914,0.)));
#2019=IFCINDEXEDPOLYCURVE(#2018,(IFCLINEINDEX((1,2,3,4,1))),$);
#2020=IFCARBITRARYCLOSEDPROFILEDEF(.AREA.,$,#2019);
#2021=IFCCARTESIANPOINT((0.,0.,0.));
#2022=IFCDIRECTION((0.,0.,1.));
#2023=IFCDIRECTION((1.,0.,0.));
#2024=IFCAXIS2PLACEMENT3D(#2021,#2022,#2023);
#2025=IFCDIRECTION((0.,0.,1.));
#2026=IFCEXTRUDEDAREASOLID(#2020,#2024,#2025,3.);
#2027=IFCSHAPEREPRESENTATION(#11,'Body','SweptSolid',(#2026));
#2028=IFCCARTESIANPOINTLIST2D(((0.,0.),(3.5600000567816914,0.)));
#2029=IFCINDEXEDPOLYCURVE(#2028,$,$);
#2030=IFCSHAPEREPRESENTATION(#23,'Axis','Curve2D',(#2029));
#2031=IFCCARTESIANPOINTLIST2D(((0.,0.),(0.099999992450210171,0.10000000000000001),(1.5099997064363544,0.10000000000000001),(1.5099997064363544,0.)));
#2032=IFCINDEXEDPOLYCURVE(#2031,(IFCLINEINDEX((1,2,3,4,1))),$);
#2033=IFCARBITRARYCLOSEDPROFILEDEF(.AREA.,$,#2032);
#2034=IFCCARTESIANPOINT((0.,0.,0.));
#2035=IFCDIRECTION((0.,0.,1.));
#2036=IFCDIRECTION((1.,0.,0.));
#2037=IFCAXIS2PLACEMENT3D(#2034,#2035,#2036);
#2038=IFCDIRECTION((0.,0.,1.));
#2039=IFCEXTRUDEDAREASOLID(#2033,#2037,#2038,3.);
#2040=IFCSHAPEREPRESENTATION(#11,'Body','SweptSolid',(#2039));
#2041=IFCCARTESIANPOINTLIST2D(((0.,0.),(1.5099997064363544,0.)));
#2042=IFCINDEXEDPOLYCURVE(#2041,$,$);
#2043=IFCSHAPEREPRESENTATION(#23,'Axis','Curve2D',(#2042));
#2072=IFCCARTESIANPOINT((0.3183482511839586,-0.11002969741821289,0.));
#2073=IFCDIRECTION((0.,0.,1.));
#2074=IFCDIRECTION((7.5497901264043123E-08,0.99999999999999722,0.));
#2075=IFCAXIS2PLACEMENT3D(#2072,#2073,#2074);
#2076=IFCLOCALPLACEMENT(#79,#2075);
#2305=IFCRELCONNECTSPATHELEMENTS('0bDfqSDxj10Ad_6I5W_tJP',$,$,$,$,#391,#366,(),(),.ATPATH.,.ATSTART.);
#2306=IFCCARTESIANPOINTLIST2D(((0.,0.),(-4.3711388286738035E-09,0.10000000000000001),(2.4000002340474422,0.10000000000000001),(2.5000002384185813,0.)));
#2307=IFCINDEXEDPOLYCURVE(#2306,(IFCLINEINDEX((1,2,3,4,1))),$);
#2308=IFCARBITRARYCLOSEDPROFILEDEF(.AREA.,$,#2307);
#2309=IFCCARTESIANPOINT((0.,0.,0.));
#2310=IFCDIRECTION((0.,0.,1.));
#2311=IFCDIRECTION((1.,0.,0.));
#2312=IFCAXIS2PLACEMENT3D(#2309,#2310,#2311);
#2313=IFCDIRECTION((0.,0.,1.));
#2314=IFCEXTRUDEDAREASOLID(#2308,#2312,#2313,3.);
#2315=IFCSHAPEREPRESENTATION(#11,'Body','SweptSolid',(#2314));
#2316=IFCCARTESIANPOINTLIST2D(((0.,0.),(2.5000002384185813,0.)));
#2317=IFCINDEXEDPOLYCURVE(#2316,$,$);
#2318=IFCSHAPEREPRESENTATION(#23,'Axis','Curve2D',(#2317));
#2373=IFCRELCONNECTSPATHELEMENTS('019O3AMonFAw_qqS8B4ExF',$,$,$,$,#366,#734,(),(),.ATSTART.,.ATEND.);
#2374=IFCCARTESIANPOINTLIST2D(((0.,0.),(0.099999992450210171,0.10000000000000001),(3.0100000755457006,0.10000000000000001),(3.1100000679959106,0.)));
#2375=IFCINDEXEDPOLYCURVE(#2374,(IFCLINEINDEX((1,2,3,4,1))),$);
#2376=IFCARBITRARYCLOSEDPROFILEDEF(.AREA.,$,#2375);
#2377=IFCCARTESIANPOINT((0.,0.,0.));
#2378=IFCDIRECTION((0.,0.,1.));
#2379=IFCDIRECTION((1.,0.,0.));
#2380=IFCAXIS2PLACEMENT3D(#2377,#2378,#2379);
#2381=IFCDIRECTION((0.,0.,1.));
#2382=IFCEXTRUDEDAREASOLID(#2376,#2380,#2381,3.);
#2383=IFCSHAPEREPRESENTATION(#11,'Body','SweptSolid',(#2382));
#2384=IFCCARTESIANPOINTLIST2D(((0.,0.),(3.1100000679959106,0.)));
#2385=IFCINDEXEDPOLYCURVE(#2384,$,$);
#2386=IFCSHAPEREPRESENTATION(#23,'Axis','Curve2D',(#2385));
#2387=IFCCARTESIANPOINTLIST2D(((0.,0.),(0.099999992450210157,0.10000000000000001),(2.6399999868873767,0.10000000000000001),(2.7400000095367494,0.)));
#2388=IFCINDEXEDPOLYCURVE(#2387,(IFCLINEINDEX((1,2,3,4,1))),$);
#2389=IFCARBITRARYCLOSEDPROFILEDEF(.AREA.,$,#2388);
#2390=IFCCARTESIANPOINT((0.,0.,0.));
#2391=IFCDIRECTION((0.,0.,1.));
#2392=IFCDIRECTION((1.,0.,0.));
#2393=IFCAXIS2PLACEMENT3D(#2390,#2391,#2392);
#2394=IFCDIRECTION((0.,0.,1.));
#2395=IFCEXTRUDEDAREASOLID(#2389,#2393,#2394,3.);
#2396=IFCSHAPEREPRESENTATION(#11,'Body','SweptSolid',(#2395));
#2397=IFCCARTESIANPOINTLIST2D(((0.,0.),(2.7400000095367494,0.)));
#2398=IFCINDEXEDPOLYCURVE(#2397,$,$);
#2399=IFCSHAPEREPRESENTATION(#23,'Axis','Curve2D',(#2398));
#2400=IFCDOORTYPE('2h4nnjuh57suBiJ9PDStaN',$,'Guest-GF',$,$,(#2401),(#2403,#2411,#2489),$,$,.DOOR.,.SINGLE_SWING_LEFT.,$,$);
#2401=IFCPROPERTYSET('2gfADLh2PBmOtV0MD0WKV3',$,'BBIM_Door',$,(#2402));
#2402=IFCPROPERTYSINGLEVALUE('Data',$,IFCTEXT('{"door_type": "SINGLE_SWING_RIGHT", "overall_height": 2.0, "overall_width": 0.8999999761581421, "lining_properties": {"lining_depth": 0.05000000074505806, "lining_thickness": 0.05000000074505806, "lining_offset": 0.0, "lining_to_panel_offset_x": 0.02500000037252903, "lining_to_panel_offset_y": 0.02500000037252903, "transom_thickness": 0.0, "casing_thickness": 0.07500000298023224, "casing_depth": 0.004999999888241291, "threshold_thickness": 0.02500000037252903, "threshold_depth": 0.10000000149011612, "threshold_offset": 0.0}, "panel_properties": {"panel_depth": 0.03500000014901161, "panel_width_ratio": 1.0}}'),$);
#2403=IFCREPRESENTATIONMAP(#2404,#2575);
#2404=IFCAXIS2PLACEMENT3D(#2405,#2406,#2407);
#2405=IFCCARTESIANPOINT((0.,0.,0.));
#2406=IFCDIRECTION((0.,0.,1.));
#2407=IFCDIRECTION((1.,0.,0.));
#2411=IFCREPRESENTATIONMAP(#2412,#2648);
#2412=IFCAXIS2PLACEMENT3D(#2413,#2414,#2415);
#2413=IFCCARTESIANPOINT((0.,0.,0.));
#2414=IFCDIRECTION((0.,0.,1.));
#2415=IFCDIRECTION((1.,0.,0.));
#2489=IFCREPRESENTATIONMAP(#2490,#2666);
#2490=IFCAXIS2PLACEMENT3D(#2491,#2492,#2493);
#2491=IFCCARTESIANPOINT((0.,0.,0.));
#2492=IFCDIRECTION((0.,0.,1.));
#2493=IFCDIRECTION((1.,0.,0.));
#2508=IFCDOOR('2wOuIfbAT60viOn1nXNAXg',$,'Door',$,$,#2691,#2517,$,2.,0.89999997615814209,$,.SINGLE_SWING_RIGHT.,$);
#2509=IFCRELDEFINESBYTYPE('2_Ich0zJX0RwezvY4T4900',$,$,$,(#2508),#2400);
#2510=IFCCARTESIANPOINT((0.,0.,0.));
#2511=IFCDIRECTION((1.,0.,0.));
#2512=IFCDIRECTION((0.,1.,0.));
#2513=IFCDIRECTION((0.,0.,1.));
#2514=IFCCARTESIANTRANSFORMATIONOPERATOR3D(#2511,#2512,#2510,1.,#2513);
#2515=IFCMAPPEDITEM(#2403,#2514);
#2516=IFCSHAPEREPRESENTATION(#18,'Profile','MappedRepresentation',(#2515));
#2517=IFCPRODUCTDEFINITIONSHAPE($,$,(#2516,#2524,#2531));
#2518=IFCCARTESIANPOINT((0.,0.,0.));
#2519=IFCDIRECTION((1.,0.,0.));
#2520=IFCDIRECTION((0.,1.,0.));
#2521=IFCDIRECTION((0.,0.,1.));
#2522=IFCCARTESIANTRANSFORMATIONOPERATOR3D(#2519,#2520,#2518,1.,#2521);
#2523=IFCMAPPEDITEM(#2411,#2522);
#2524=IFCSHAPEREPRESENTATION(#11,'Body','MappedRepresentation',(#2523));
#2525=IFCCARTESIANPOINT((0.,0.,0.));
#2526=IFCDIRECTION((1.,0.,0.));
#2527=IFCDIRECTION((0.,1.,0.));
#2528=IFCDIRECTION((0.,0.,1.));
#2529=IFCCARTESIANTRANSFORMATIONOPERATOR3D(#2526,#2527,#2525,1.,#2528);
#2530=IFCMAPPEDITEM(#2489,#2529);
#2531=IFCSHAPEREPRESENTATION(#24,'Body','MappedRepresentation',(#2530));
#2532=IFCOPENINGELEMENT('1XlgTlkGLDQAYd5R42ZR0T',$,'Opening',$,$,#2686,#2560,$,.OPENING.);
#2548=IFCCARTESIANPOINT((0.,0.,0.));
#2549=IFCDIRECTION((1.,0.,0.));
#2550=IFCDIRECTION((0.,0.,1.));
#2551=IFCAXIS2PLACEMENT3D(#2548,#2550,#2549);
#2552=IFCREPRESENTATIONMAP(#2551,#2676);
#2553=IFCCARTESIANPOINT((0.,0.,0.));
#2554=IFCDIRECTION((1.,0.,0.));
#2555=IFCDIRECTION((0.,1.,0.));
#2556=IFCDIRECTION((0.,0.,1.));
#2557=IFCCARTESIANTRANSFORMATIONOPERATOR3D(#2554,#2555,#2553,1.,#2556);
#2558=IFCMAPPEDITEM(#2552,#2557);
#2559=IFCSHAPEREPRESENTATION(#11,'Body','MappedRepresentation',(#2558));
#2560=IFCPRODUCTDEFINITIONSHAPE($,$,(#2559));
#2561=IFCRELVOIDSELEMENT('0OslI2WgDFyOpw7Fm8trhs',$,$,$,#734,#2532);
#2567=IFCRELFILLSELEMENT('2rXx9Vt4v6zg6jKZcVnhB9',$,$,$,#2532,#2508);
#2573=IFCCARTESIANPOINTLIST3D(((0.,0.,0.),(0.89999997615814209,0.,0.),(0.89999997615814209,0.,2.),(0.,0.,2.)));
#2574=IFCINDEXEDPOLYCURVE(#2573,(IFCLINEINDEX((1,2,3,4,1))),$);
#2575=IFCSHAPEREPRESENTATION(#18,'Profile','Curve3D',(#2574));
#2576=IFCCARTESIANPOINTLIST2D(((0.,0.),(0.,2.),(0.89999997615814209,2.),(0.89999997615814209,0.),(0.87499997578561306,0.),(0.87499997578561306,1.974999999627471),(0.02500000037252903,1.974999999627471),(0.02500000037252903,0.)));
#2577=IFCINDEXEDPOLYCURVE(#2576,(IFCLINEINDEX((1,2,3,4,5,6,7,8,1))),$);
#2578=IFCARBITRARYCLOSEDPROFILEDEF(.AREA.,$,#2577);
#2579=IFCCARTESIANPOINT((0.,0.02500000037252903,0.));
#2580=IFCDIRECTION((0.,-1.,0.));
#2581=IFCDIRECTION((1.,0.,0.));
#2582=IFCAXIS2PLACEMENT3D(#2579,#2580,#2581);
#2583=IFCDIRECTION((0.,0.,-1.));
#2584=IFCEXTRUDEDAREASOLID(#2578,#2582,#2583,0.02500000037252903);
#2585=IFCCARTESIANPOINTLIST2D(((0.,0.),(0.,2.),(0.89999997615814209,2.),(0.89999997615814209,0.),(0.84999997541308403,0.),(0.84999997541308403,1.9499999992549419),(0.05000000074505806,1.9499999992549419),(0.05000000074505806,0.)));
#2586=IFCINDEXEDPOLYCURVE(#2585,(IFCLINEINDEX((1,2,3,4,5,6,7,8,1))),$);
#2587=IFCARBITRARYCLOSEDPROFILEDEF(.AREA.,$,#2586);
#2588=IFCCARTESIANPOINT((0.,0.,0.));
#2589=IFCDIRECTION((0.,-1.,0.));
#2590=IFCDIRECTION((1.,0.,0.));
#2591=IFCAXIS2PLACEMENT3D(#2588,#2589,#2590);
#2592=IFCDIRECTION((0.,0.,-1.));
#2593=IFCEXTRUDEDAREASOLID(#2587,#2591,#2592,0.02500000037252903);
#2594=IFCCARTESIANPOINTLIST2D(((0.,0.),(0.79999997466802597,0.),(0.79999997466802597,0.10000000149011612),(0.,0.10000000149011612)));
#2595=IFCINDEXEDPOLYCURVE(#2594,(IFCLINEINDEX((1,2,3,4,1))),$);
#2596=IFCARBITRARYCLOSEDPROFILEDEF(.AREA.,$,#2595);
#2597=IFCCARTESIANPOINT((0.05000000074505806,0.,0.));
#2598=IFCDIRECTION((0.,0.,1.));
#2599=IFCDIRECTION((1.,0.,0.));
#2600=IFCAXIS2PLACEMENT3D(#2597,#2598,#2599);
#2601=IFCDIRECTION((0.,0.,1.));
#2602=IFCEXTRUDEDAREASOLID(#2596,#2600,#2601,0.02500000037252903);
#2603=IFCCARTESIANPOINTLIST2D(((0.,0.),(0.,2.0250000022351742),(0.94999998062849045,2.0250000022351742),(0.94999998062849045,0.),(0.87499997764825821,0.),(0.87499997764825821,1.9499999992549419),(0.075000002980232239,1.9499999992549419),(0.075000002980232239,0.)));
#2604=IFCINDEXEDPOLYCURVE(#2603,(IFCLINEINDEX((1,2,3,4,5,6,7,8,1))),$);
#2605=IFCARBITRARYCLOSEDPROFILEDEF(.AREA.,$,#2604);
#2606=IFCCARTESIANPOINT((-0.025000002235174179,-0.004999999888241291,0.));
#2607=IFCDIRECTION((0.,-1.,0.));
#2608=IFCDIRECTION((1.,0.,0.));
#2609=IFCAXIS2PLACEMENT3D(#2606,#2607,#2608);
#2610=IFCDIRECTION((0.,0.,-1.));
#2611=IFCEXTRUDEDAREASOLID(#2605,#2609,#2610,0.004999999888241291);
#2612=IFCCARTESIANPOINTLIST2D(((0.,0.),(0.,2.0250000022351742),(0.94999998062849045,2.0250000022351742),(0.94999998062849045,0.),(0.89999997802078724,0.),(0.89999997802078724,1.974999999627471),(0.050000002607703209,1.974999999627471),(0.050000002607703209,0.)));
#2613=IFCINDEXEDPOLYCURVE(#2612,(IFCLINEINDEX((1,2,3,4,5,6,7,8,1))),$);
#2614=IFCARBITRARYCLOSEDPROFILEDEF(.AREA.,$,#2613);
#2615=IFCCARTESIANPOINT((-0.025000002235174179,0.05000000074505806,0.));
#2616=IFCDIRECTION((0.,-1.,0.));
#2617=IFCDIRECTION((1.,0.,0.));
#2618=IFCAXIS2PLACEMENT3D(#2615,#2616,#2617);
#2619=IFCDIRECTION((0.,0.,-1.));
#2620=IFCEXTRUDEDAREASOLID(#2614,#2618,#2619,0.004999999888241291);
#2621=IFCCARTESIANPOINTLIST2D(((0.,0.),(0.84999997541308403,0.),(0.84999997541308403,0.035000000149011612),(0.,0.035000000149011612)));
#2622=IFCINDEXEDPOLYCURVE(#2621,(IFCLINEINDEX((1,2,3,4,1))),$);
#2623=IFCARBITRARYCLOSEDPROFILEDEF(.AREA.,$,#2622);
#2624=IFCCARTESIANPOINT((0.02500000037252903,0.02500000037252903,0.02500000037252903));
#2625=IFCDIRECTION((0.,0.,1.));
#2626=IFCDIRECTION((1.,0.,0.));
#2627=IFCAXIS2PLACEMENT3D(#2624,#2625,#2626);
#2628=IFCDIRECTION((0.,0.,1.));
#2629=IFCEXTRUDEDAREASOLID(#2623,#2627,#2628,1.9499999992549419);
#2630=IFCCARTESIANPOINTLIST2D(((0.,0.),(0.,-0.040000000000000001),(0.12,-0.040000000000000001),(0.12,-0.02),(0.02,-0.02),(0.02,0.)));
#2631=IFCINDEXEDPOLYCURVE(#2630,(IFCLINEINDEX((1,2,3,4,5,6,1))),$);
#2632=IFCARBITRARYCLOSEDPROFILEDEF(.AREA.,$,#2631);
#2633=IFCCARTESIANPOINT((0.075000000372529033,0.02500000037252903,1.015000000372529));
#2634=IFCDIRECTION((0.,0.,1.));
#2635=IFCDIRECTION((1.,0.,0.));
#2636=IFCAXIS2PLACEMENT3D(#2633,#2634,#2635);
#2637=IFCDIRECTION((0.,0.,1.));
#2638=IFCEXTRUDEDAREASOLID(#2632,#2636,#2637,0.02);
#2639=IFCEXTRUDEDAREASOLID(#2640,#2643,#2647,0.02);
#2640=IFCARBITRARYCLOSEDPROFILEDEF(.AREA.,$,#2641);
#2641=IFCINDEXEDPOLYCURVE(#2642,(IFCLINEINDEX((1,2,3,4,5,6,1))),$);
#2642=IFCCARTESIANPOINTLIST2D(((0.,0.),(0.,0.040000000000000008),(0.11999999999999998,0.040000000000000008),(0.11999999999999998,0.020000000000000004),(0.020000000000000004,0.020000000000000004),(0.020000000000000004,0.)));
#2643=IFCAXIS2PLACEMENT3D(#2644,#2645,#2646);
#2644=IFCCARTESIANPOINT((0.075000000372529033,0.060000000521540642,1.015000000372529));
#2645=IFCDIRECTION((0.,0.,1.));
#2646=IFCDIRECTION((1.,0.,0.));
#2647=IFCDIRECTION((0.,0.,1.));
#2648=IFCSHAPEREPRESENTATION(#11,'Body','SweptSolid',(#2584,#2593,#2629,#2638,#2639,#2602,#2611,#2620));
#2649=IFCSHAPEREPRESENTATION(#11,'Body','SweptSolid',(#2584,#2593,#2602,#2611,#2620));
#2650=IFCSHAPEASPECT((#2649),'Lining',$,.T.,#2517);
#2651=IFCSHAPEREPRESENTATION(#11,'Body','SweptSolid',(#2629,#2638,#2639));
#2652=IFCSHAPEASPECT((#2651),'Framing',$,.T.,#2517);
#2653=IFCCARTESIANPOINTLIST2D(((0.,0.),(0.,0.05000000074505806),(0.02500000037252903,0.05000000074505806),(0.02500000037252903,0.02500000037252903),(0.05000000074505806,0.02500000037252903),(0.05000000074505806,0.)));
#2654=IFCINDEXEDPOLYCURVE(#2653,(IFCLINEINDEX((1,2,3,4,5,6,1))),$);
#2655=IFCINDEXEDPOLYCURVE(#2656,(IFCLINEINDEX((1,2,3,4,5,6,1))),$);
#2656=IFCCARTESIANPOINTLIST2D(((0.89999997615814209,0.),(0.89999997615814209,0.05000000074505806),(0.87499997578561306,0.05000000074505806),(0.87499997578561306,0.02500000037252903),(0.84999997541308403,0.02500000037252903),(0.84999997541308403,0.)));
#2657=IFCDIRECTION((1.,0.));
#2658=IFCCARTESIANPOINT((0.83999997563660145,0.05000000074505806));
#2659=IFCAXIS2PLACEMENT2D(#2658,#2657);
#2660=IFCELLIPSE(#2659,0.81499997526407242,0.84999997541308403);
#2661=IFCCARTESIANPOINT((0.83999997563660145,0.89999997615814209));
#2662=IFCCARTESIANPOINT((0.02500000037252903,0.05000000074505806));
#2663=IFCTRIMMEDCURVE(#2660,(#2661),(#2662),.T.,.CARTESIAN.);
#2664=IFCCARTESIANPOINTLIST2D(((0.87499997578561306,0.05000000074505806),(0.83999997563660145,0.05000000074505806),(0.83999997563660145,0.89999997615814209),(0.87499997578561306,0.89999997615814209)));
#2665=IFCINDEXEDPOLYCURVE(#2664,(IFCLINEINDEX((1,2,3,4,1))),$);
#2666=IFCSHAPEREPRESENTATION(#24,'Body','Curve2D',(#2654,#2655,#2663,#2665));
#2667=IFCCARTESIANPOINTLIST2D(((0.,0.),(0.89999997615814209,0.),(0.89999997615814209,2.),(0.,2.)));
#2668=IFCINDEXEDPOLYCURVE(#2667,(IFCLINEINDEX((1,2,3,4,1))),$);
#2669=IFCARBITRARYCLOSEDPROFILEDEF(.AREA.,$,#2668);
#2670=IFCCARTESIANPOINT((0.,-0.60000002384185791,0.));
#2671=IFCDIRECTION((0.,-1.,0.));
#2672=IFCDIRECTION((1.,0.,0.));
#2673=IFCAXIS2PLACEMENT3D(#2670,#2671,#2672);
#2674=IFCDIRECTION((0.,0.,-1.));
#2675=IFCEXTRUDEDAREASOLID(#2669,#2673,#2674,1.2);
#2676=IFCSHAPEREPRESENTATION(#11,'Body','SweptSolid',(#2675));
#2682=IFCCARTESIANPOINT((1.6545026291013043,0.014999954044958685,0.));
#2683=IFCDIRECTION((0.,0.,1.));
#2684=IFCDIRECTION((0.99999999999997147,-2.384185719961227E-07,0.));
#2685=IFCAXIS2PLACEMENT3D(#2682,#2683,#2684);
#2686=IFCLOCALPLACEMENT(#2076,#2685);
#2687=IFCCARTESIANPOINT((-4.4408920985006262E-16,-5.5511151231257827E-17,0.));
#2688=IFCDIRECTION((0.,0.,1.));
#2689=IFCDIRECTION((1.,0.,0.));
#2690=IFCAXIS2PLACEMENT3D(#2687,#2688,#2689);
#2691=IFCLOCALPLACEMENT(#2686,#2690);
#2692=IFCDOORTYPE('12BCETGDL8XApI9SDad_tB',$,'Bathroom-GF',$,$,(#2693),(#2695,#2703,#2781),$,$,.DOOR.,.SINGLE_SWING_LEFT.,$,$);
#2693=IFCPROPERTYSET('31dIXcgF57$xu7Oz$zzlEz',$,'BBIM_Door',$,(#2694));
#2694=IFCPROPERTYSINGLEVALUE('Data',$,IFCTEXT('{"door_type": "SINGLE_SWING_LEFT", "overall_height": 2.0, "overall_width": 0.7482513189315796, "lining_properties": {"lining_depth": 0.0010000000474974513, "lining_thickness": 0.05000000074505806, "lining_offset": 0.0, "lining_to_panel_offset_x": 0.02500000037252903, "lining_to_panel_offset_y": 0.02500000037252903, "transom_thickness": 0.0, "casing_thickness": 0.07500000298023224, "casing_depth": 0.06255830079317093, "threshold_thickness": 0.02500000037252903, "threshold_depth": 0.10000000149011612, "threshold_offset": 0.0}, "panel_properties": {"panel_depth": 0.009157691150903702, "panel_width_ratio": 1.0}}'),$);
#2695=IFCREPRESENTATIONMAP(#2696,#4089);
#2696=IFCAXIS2PLACEMENT3D(#2697,#2698,#2699);
#2697=IFCCARTESIANPOINT((0.,0.,0.));
#2698=IFCDIRECTION((0.,0.,1.));
#2699=IFCDIRECTION((1.,0.,0.));
#2703=IFCREPRESENTATIONMAP(#2704,#4153);
#2704=IFCAXIS2PLACEMENT3D(#2705,#2706,#2707);
#2705=IFCCARTESIANPOINT((0.,0.,0.));
#2706=IFCDIRECTION((0.,0.,1.));
#2707=IFCDIRECTION((1.,0.,0.));
#2781=IFCREPRESENTATIONMAP(#2782,#4167);
#2782=IFCAXIS2PLACEMENT3D(#2783,#2784,#2785);
#2783=IFCCARTESIANPOINT((0.,0.,0.));
#2784=IFCDIRECTION((0.,0.,1.));
#2785=IFCDIRECTION((1.,0.,0.));
#2900=IFCDOOR('2XzgNMZ0H2SwnrKOIydZK_',$,'Door',$,$,#4192,#2910,$,2.,0.74825131893157959,$,.SINGLE_SWING_LEFT.,$);
#2902=IFCRELDEFINESBYTYPE('0XASk2f$XFsBD$R9X7xY5u',$,$,$,(#2900),#2692);
#2903=IFCCARTESIANPOINT((0.,0.,0.));
#2904=IFCDIRECTION((1.,0.,0.));
#2905=IFCDIRECTION((0.,1.,0.));
#2906=IFCDIRECTION((0.,0.,1.));
#2907=IFCCARTESIANTRANSFORMATIONOPERATOR3D(#2904,#2905,#2903,1.,#2906);
#2908=IFCMAPPEDITEM(#2695,#2907);
#2909=IFCSHAPEREPRESENTATION(#18,'Profile','MappedRepresentation',(#2908));
#2910=IFCPRODUCTDEFINITIONSHAPE($,$,(#2909,#2917,#2924));
#2911=IFCCARTESIANPOINT((0.,0.,0.));
#2912=IFCDIRECTION((1.,0.,0.));
#2913=IFCDIRECTION((0.,1.,0.));
#2914=IFCDIRECTION((0.,0.,1.));
#2915=IFCCARTESIANTRANSFORMATIONOPERATOR3D(#2912,#2913,#2911,1.,#2914);
#2916=IFCMAPPEDITEM(#2703,#2915);
#2917=IFCSHAPEREPRESENTATION(#11,'Body','MappedRepresentation',(#2916));
#2918=IFCCARTESIANPOINT((0.,0.,0.));
#2919=IFCDIRECTION((1.,0.,0.));
#2920=IFCDIRECTION((0.,1.,0.));
#2921=IFCDIRECTION((0.,0.,1.));
#2922=IFCCARTESIANTRANSFORMATIONOPERATOR3D(#2919,#2920,#2918,1.,#2921);
#2923=IFCMAPPEDITEM(#2781,#2922);
#2924=IFCSHAPEREPRESENTATION(#24,'Body','MappedRepresentation',(#2923));
#2925=IFCOPENINGELEMENT('3LrPvXjazAOhgBXJLE5IX8',$,'Opening',$,$,#4187,#2953,$,.OPENING.);
#2941=IFCCARTESIANPOINT((0.,0.,0.));
#2942=IFCDIRECTION((1.,0.,0.));
#2943=IFCDIRECTION((0.,0.,1.));
#2944=IFCAXIS2PLACEMENT3D(#2941,#2943,#2942);
#2945=IFCREPRESENTATIONMAP(#2944,#4177);
#2946=IFCCARTESIANPOINT((0.,0.,0.));
#2947=IFCDIRECTION((1.,0.,0.));
#2948=IFCDIRECTION((0.,1.,0.));
#2949=IFCDIRECTION((0.,0.,1.));
#2950=IFCCARTESIANTRANSFORMATIONOPERATOR3D(#2947,#2948,#2946,1.,#2949);
#2951=IFCMAPPEDITEM(#2945,#2950);
#2952=IFCSHAPEREPRESENTATION(#11,'Body','MappedRepresentation',(#2951));
#2953=IFCPRODUCTDEFINITIONSHAPE($,$,(#2952));
#2954=IFCRELVOIDSELEMENT('3qSG0HncX1iRHUpguC8VSO',$,$,$,#864,#2925);
#2960=IFCRELFILLSELEMENT('0oiknM$D9EQ8DHmmHjAq$J',$,$,$,#2925,#2900);
#3088=IFCCARTESIANPOINTLIST2D(((0.,0.),(0.,2.),(0.70310413837432861,2.),(0.70310413837432861,0.),(0.67810413800179958,0.),(0.67810413800179958,1.974999999627471),(0.02500000037252903,1.974999999627471),(0.02500000037252903,0.)));
#3089=IFCINDEXEDPOLYCURVE(#3088,(IFCLINEINDEX((1,2,3,4,5,6,7,8,1))),$);
#3090=IFCARBITRARYCLOSEDPROFILEDEF(.AREA.,$,#3089);
#3091=IFCCARTESIANPOINT((0.,0.02500000037252903,0.));
#3092=IFCDIRECTION((0.,-1.,0.));
#3093=IFCDIRECTION((1.,0.,0.));
#3094=IFCAXIS2PLACEMENT3D(#3091,#3092,#3093);
#3095=IFCDIRECTION((0.,0.,-1.));
#3096=IFCEXTRUDEDAREASOLID(#3090,#3094,#3095,0.02500000037252903);
#3097=IFCCARTESIANPOINTLIST2D(((0.,0.),(0.,2.),(0.70310413837432861,2.),(0.70310413837432861,0.),(0.65310413762927055,0.),(0.65310413762927055,1.9499999992549419),(0.05000000074505806,1.9499999992549419),(0.05000000074505806,0.)));
#3098=IFCINDEXEDPOLYCURVE(#3097,(IFCLINEINDEX((1,2,3,4,5,6,7,8,1))),$);
#3099=IFCARBITRARYCLOSEDPROFILEDEF(.AREA.,$,#3098);
#3100=IFCCARTESIANPOINT((0.,0.,0.));
#3101=IFCDIRECTION((0.,-1.,0.));
#3102=IFCDIRECTION((1.,0.,0.));
#3103=IFCAXIS2PLACEMENT3D(#3100,#3101,#3102);
#3104=IFCDIRECTION((0.,0.,-1.));
#3105=IFCEXTRUDEDAREASOLID(#3099,#3103,#3104,0.02500000037252903);
#3106=IFCCARTESIANPOINTLIST2D(((0.,0.),(0.60310413688421249,0.),(0.60310413688421249,0.10000000149011612),(0.,0.10000000149011612)));
#3107=IFCINDEXEDPOLYCURVE(#3106,(IFCLINEINDEX((1,2,3,4,1))),$);
#3108=IFCARBITRARYCLOSEDPROFILEDEF(.AREA.,$,#3107);
#3109=IFCCARTESIANPOINT((0.05000000074505806,0.,0.));
#3110=IFCDIRECTION((0.,0.,1.));
#3111=IFCDIRECTION((1.,0.,0.));
#3112=IFCAXIS2PLACEMENT3D(#3109,#3110,#3111);
#3113=IFCDIRECTION((0.,0.,1.));
#3114=IFCEXTRUDEDAREASOLID(#3108,#3112,#3113,0.02500000037252903);
#3115=IFCCARTESIANPOINTLIST2D(((0.,0.),(0.,2.0250000022351742),(0.75310414284467697,2.0250000022351742),(0.75310414284467697,0.),(0.67810413986444473,0.),(0.67810413986444473,1.9499999992549419),(0.075000002980232239,1.9499999992549419),(0.075000002980232239,0.)));
#3116=IFCINDEXEDPOLYCURVE(#3115,(IFCLINEINDEX((1,2,3,4,5,6,7,8,1))),$);
#3117=IFCARBITRARYCLOSEDPROFILEDEF(.AREA.,$,#3116);
#3118=IFCCARTESIANPOINT((-0.025000002235174179,-0.062558300793170929,0.));
#3119=IFCDIRECTION((0.,-1.,0.));
#3120=IFCDIRECTION((1.,0.,0.));
#3121=IFCAXIS2PLACEMENT3D(#3118,#3119,#3120);
#3122=IFCDIRECTION((0.,0.,-1.));
#3123=IFCEXTRUDEDAREASOLID(#3117,#3121,#3122,0.062558300793170929);
#3124=IFCCARTESIANPOINTLIST2D(((0.,0.),(0.,2.0250000022351742),(0.75310414284467697,2.0250000022351742),(0.75310414284467697,0.),(0.70310414023697376,0.),(0.70310414023697376,1.974999999627471),(0.050000002607703209,1.974999999627471),(0.050000002607703209,0.)));
#3125=IFCINDEXEDPOLYCURVE(#3124,(IFCLINEINDEX((1,2,3,4,5,6,7,8,1))),$);
#3126=IFCARBITRARYCLOSEDPROFILEDEF(.AREA.,$,#3125);
#3127=IFCCARTESIANPOINT((-0.025000002235174179,0.05000000074505806,0.));
#3128=IFCDIRECTION((0.,-1.,0.));
#3129=IFCDIRECTION((1.,0.,0.));
#3130=IFCAXIS2PLACEMENT3D(#3127,#3128,#3129);
#3131=IFCDIRECTION((0.,0.,-1.));
#3132=IFCEXTRUDEDAREASOLID(#3126,#3130,#3131,0.062558300793170929);
#3133=IFCCARTESIANPOINTLIST2D(((0.,0.),(0.65310413762927055,0.),(0.65310413762927055,0.035000000149011612),(0.,0.035000000149011612)));
#3134=IFCINDEXEDPOLYCURVE(#3133,(IFCLINEINDEX((1,2,3,4,1))),$);
#3135=IFCARBITRARYCLOSEDPROFILEDEF(.AREA.,$,#3134);
#3136=IFCCARTESIANPOINT((0.02500000037252903,0.02500000037252903,0.02500000037252903));
#3137=IFCDIRECTION((0.,0.,1.));
#3138=IFCDIRECTION((1.,0.,0.));
#3139=IFCAXIS2PLACEMENT3D(#3136,#3137,#3138);
#3140=IFCDIRECTION((0.,0.,1.));
#3141=IFCEXTRUDEDAREASOLID(#3135,#3139,#3140,1.9499999992549419);
#3142=IFCCARTESIANPOINTLIST2D(((0.,0.),(0.,-0.040000000000000001),(-0.11999999999999988,-0.040000000000000001),(-0.11999999999999988,-0.02),(-0.020000000000000018,-0.02),(-0.020000000000000018,0.)));
#3143=IFCINDEXEDPOLYCURVE(#3142,(IFCLINEINDEX((1,2,3,4,5,6,1))),$);
#3144=IFCARBITRARYCLOSEDPROFILEDEF(.AREA.,$,#3143);
#3145=IFCCARTESIANPOINT((0.62810413800179954,0.02500000037252903,1.015000000372529));
#3146=IFCDIRECTION((0.,0.,1.));
#3147=IFCDIRECTION((1.,0.,0.));
#3148=IFCAXIS2PLACEMENT3D(#3145,#3146,#3147);
#3149=IFCDIRECTION((0.,0.,1.));
#3150=IFCEXTRUDEDAREASOLID(#3144,#3148,#3149,0.02);
#3151=IFCEXTRUDEDAREASOLID(#3152,#3155,#3159,0.02);
#3152=IFCARBITRARYCLOSEDPROFILEDEF(.AREA.,$,#3153);
#3153=IFCINDEXEDPOLYCURVE(#3154,(IFCLINEINDEX((1,2,3,4,5,6,1))),$);
#3154=IFCCARTESIANPOINTLIST2D(((0.,0.),(0.,0.040000000000000008),(-0.11999999999999988,0.040000000000000008),(-0.11999999999999988,0.020000000000000004),(-0.020000000000000018,0.020000000000000004),(-0.020000000000000018,0.)));
#3155=IFCAXIS2PLACEMENT3D(#3156,#3157,#3158);
#3156=IFCCARTESIANPOINT((0.62810413800179954,0.060000000521540642,1.015000000372529));
#3157=IFCDIRECTION((0.,0.,1.));
#3158=IFCDIRECTION((1.,0.,0.));
#3159=IFCDIRECTION((0.,0.,1.));
#3161=IFCSHAPEREPRESENTATION(#11,'Body','SweptSolid',(#4125,#3114,#3132,#4116,#4107,#3105,#3096,#4098,#3123));
#3162=IFCSHAPEASPECT((#3161),'Lining',$,.T.,#2910);
#3163=IFCSHAPEREPRESENTATION(#11,'Body','SweptSolid',(#3151,#3141,#4143,#4144,#4134,#3150));
#3164=IFCSHAPEASPECT((#3163),'Framing',$,.T.,#2910);
#3204=IFCDOORTYPE('2Lx4VbtOP9QvmfhUDS333R',$,'Maid''s GF',$,$,(#3205),(#3207,#3215,#3293),$,$,.DOOR.,.SINGLE_SWING_LEFT.,$,$);
#3205=IFCPROPERTYSET('3HU1gMnEP2Wwxl16jZzUZT',$,'BBIM_Door',$,(#3206));
#3206=IFCPROPERTYSINGLEVALUE('Data',$,IFCTEXT('{"door_type": "SINGLE_SWING_LEFT", "overall_height": 2.0, "overall_width": 0.8999999761581421, "lining_properties": {"lining_depth": 0.05000000074505806, "lining_thickness": 0.05000000074505806, "lining_offset": 0.0, "lining_to_panel_offset_x": 0.02500000037252903, "lining_to_panel_offset_y": 0.02500000037252903, "transom_thickness": 0.0, "casing_thickness": 0.07500000298023224, "casing_depth": 0.004999999888241291, "threshold_thickness": 0.02500000037252903, "threshold_depth": 0.10000000149011612, "threshold_offset": 0.0}, "panel_properties": {"panel_depth": 0.03500000014901161, "panel_width_ratio": 1.0}}'),$);
#3207=IFCREPRESENTATIONMAP(#3208,#3212);
#3208=IFCAXIS2PLACEMENT3D(#3209,#3210,#3211);
#3209=IFCCARTESIANPOINT((0.,0.,0.));
#3210=IFCDIRECTION((0.,0.,1.));
#3211=IFCDIRECTION((1.,0.,0.));
#3212=IFCSHAPEREPRESENTATION(#18,'Profile','Curve3D',(#3213));
#3213=IFCINDEXEDPOLYCURVE(#3214,(IFCLINEINDEX((1,2,3,4,1))),$);
#3214=IFCCARTESIANPOINTLIST3D(((0.,0.,0.),(0.89999997615814209,0.,0.),(0.89999997615814209,0.,2.),(0.,0.,2.)));
#3215=IFCREPRESENTATIONMAP(#3216,#3220);
#3216=IFCAXIS2PLACEMENT3D(#3217,#3218,#3219);
#3217=IFCCARTESIANPOINT((0.,0.,0.));
#3218=IFCDIRECTION((0.,0.,1.));
#3219=IFCDIRECTION((1.,0.,0.));
#3220=IFCSHAPEREPRESENTATION(#11,'Body','SweptSolid',(#3221,#3230,#3239,#3248,#3257,#3266,#3275,#3284));
#3221=IFCEXTRUDEDAREASOLID(#3222,#3225,#3229,0.02500000037252903);
#3222=IFCARBITRARYCLOSEDPROFILEDEF(.AREA.,$,#3223);
#3223=IFCINDEXEDPOLYCURVE(#3224,(IFCLINEINDEX((1,2,3,4,5,6,7,8,1))),$);
#3224=IFCCARTESIANPOINTLIST2D(((0.,0.),(0.,2.),(0.89999997615814209,2.),(0.89999997615814209,0.),(0.87499997578561306,0.),(0.87499997578561306,1.974999999627471),(0.02500000037252903,1.974999999627471),(0.02500000037252903,0.)));
#3225=IFCAXIS2PLACEMENT3D(#3226,#3227,#3228);
#3226=IFCCARTESIANPOINT((0.,0.02500000037252903,0.));
#3227=IFCDIRECTION((0.,-1.,0.));
#3228=IFCDIRECTION((1.,0.,0.));
#3229=IFCDIRECTION((0.,0.,-1.));
#3230=IFCEXTRUDEDAREASOLID(#3231,#3234,#3238,0.02500000037252903);
#3231=IFCARBITRARYCLOSEDPROFILEDEF(.AREA.,$,#3232);
#3232=IFCINDEXEDPOLYCURVE(#3233,(IFCLINEINDEX((1,2,3,4,5,6,7,8,1))),$);
#3233=IFCCARTESIANPOINTLIST2D(((0.,0.),(0.,2.),(0.89999997615814209,2.),(0.89999997615814209,0.),(0.84999997541308403,0.),(0.84999997541308403,1.9499999992549419),(0.05000000074505806,1.9499999992549419),(0.05000000074505806,0.)));
#3234=IFCAXIS2PLACEMENT3D(#3235,#3236,#3237);
#3235=IFCCARTESIANPOINT((0.,0.,0.));
#3236=IFCDIRECTION((0.,-1.,0.));
#3237=IFCDIRECTION((1.,0.,0.));
#3238=IFCDIRECTION((0.,0.,-1.));
#3239=IFCEXTRUDEDAREASOLID(#3240,#3243,#3247,1.9499999992549419);
#3240=IFCARBITRARYCLOSEDPROFILEDEF(.AREA.,$,#3241);
#3241=IFCINDEXEDPOLYCURVE(#3242,(IFCLINEINDEX((1,2,3,4,1))),$);
#3242=IFCCARTESIANPOINTLIST2D(((0.,0.),(0.84999997541308403,0.),(0.84999997541308403,0.035000000149011612),(0.,0.035000000149011612)));
#3243=IFCAXIS2PLACEMENT3D(#3244,#3245,#3246);
#3244=IFCCARTESIANPOINT((0.02500000037252903,0.02500000037252903,0.02500000037252903));
#3245=IFCDIRECTION((0.,0.,1.));
#3246=IFCDIRECTION((1.,0.,0.));
#3247=IFCDIRECTION((0.,0.,1.));
#3248=IFCEXTRUDEDAREASOLID(#3249,#3252,#3256,0.02);
#3249=IFCARBITRARYCLOSEDPROFILEDEF(.AREA.,$,#3250);
#3250=IFCINDEXEDPOLYCURVE(#3251,(IFCLINEINDEX((1,2,3,4,5,6,1))),$);
#3251=IFCCARTESIANPOINTLIST2D(((0.,0.),(0.,-0.040000000000000001),(-0.11999999999999988,-0.040000000000000001),(-0.11999999999999988,-0.02),(-0.020000000000000018,-0.02),(-0.020000000000000018,0.)));
#3252=IFCAXIS2PLACEMENT3D(#3253,#3254,#3255);
#3253=IFCCARTESIANPOINT((0.82499997578561302,0.02500000037252903,1.015000000372529));
#3254=IFCDIRECTION((0.,0.,1.));
#3255=IFCDIRECTION((1.,0.,0.));
#3256=IFCDIRECTION((0.,0.,1.));
#3257=IFCEXTRUDEDAREASOLID(#3258,#3261,#3265,0.02);
#3258=IFCARBITRARYCLOSEDPROFILEDEF(.AREA.,$,#3259);
#3259=IFCINDEXEDPOLYCURVE(#3260,(IFCLINEINDEX((1,2,3,4,5,6,1))),$);
#3260=IFCCARTESIANPOINTLIST2D(((0.,0.),(0.,0.040000000000000008),(-0.11999999999999988,0.040000000000000008),(-0.11999999999999988,0.020000000000000004),(-0.020000000000000018,0.020000000000000004),(-0.020000000000000018,0.)));
#3261=IFCAXIS2PLACEMENT3D(#3262,#3263,#3264);
#3262=IFCCARTESIANPOINT((0.82499997578561302,0.060000000521540642,1.015000000372529));
#3263=IFCDIRECTION((0.,0.,1.));
#3264=IFCDIRECTION((1.,0.,0.));
#3265=IFCDIRECTION((0.,0.,1.));
#3266=IFCEXTRUDEDAREASOLID(#3267,#3270,#3274,0.02500000037252903);
#3267=IFCARBITRARYCLOSEDPROFILEDEF(.AREA.,$,#3268);
#3268=IFCINDEXEDPOLYCURVE(#3269,(IFCLINEINDEX((1,2,3,4,1))),$);
#3269=IFCCARTESIANPOINTLIST2D(((0.,0.),(0.79999997466802597,0.),(0.79999997466802597,0.10000000149011612),(0.,0.10000000149011612)));
#3270=IFCAXIS2PLACEMENT3D(#3271,#3272,#3273);
#3271=IFCCARTESIANPOINT((0.05000000074505806,0.,0.));
#3272=IFCDIRECTION((0.,0.,1.));
#3273=IFCDIRECTION((1.,0.,0.));
#3274=IFCDIRECTION((0.,0.,1.));
#3275=IFCEXTRUDEDAREASOLID(#3276,#3279,#3283,0.004999999888241291);
#3276=IFCARBITRARYCLOSEDPROFILEDEF(.AREA.,$,#3277);
#3277=IFCINDEXEDPOLYCURVE(#3278,(IFCLINEINDEX((1,2,3,4,5,6,7,8,1))),$);
#3278=IFCCARTESIANPOINTLIST2D(((0.,0.),(0.,2.0250000022351742),(0.94999998062849045,2.0250000022351742),(0.94999998062849045,0.),(0.87499997764825821,0.),(0.87499997764825821,1.9499999992549419),(0.075000002980232239,1.9499999992549419),(0.075000002980232239,0.)));
#3279=IFCAXIS2PLACEMENT3D(#3280,#3281,#3282);
#3280=IFCCARTESIANPOINT((-0.025000002235174179,-0.004999999888241291,0.));
#3281=IFCDIRECTION((0.,-1.,0.));
#3282=IFCDIRECTION((1.,0.,0.));
#3283=IFCDIRECTION((0.,0.,-1.));
#3284=IFCEXTRUDEDAREASOLID(#3285,#3288,#3292,0.004999999888241291);
#3285=IFCARBITRARYCLOSEDPROFILEDEF(.AREA.,$,#3286);
#3286=IFCINDEXEDPOLYCURVE(#3287,(IFCLINEINDEX((1,2,3,4,5,6,7,8,1))),$);
#3287=IFCCARTESIANPOINTLIST2D(((0.,0.),(0.,2.0250000022351742),(0.94999998062849045,2.0250000022351742),(0.94999998062849045,0.),(0.89999997802078724,0.),(0.89999997802078724,1.974999999627471),(0.050000002607703209,1.974999999627471),(0.050000002607703209,0.)));
#3288=IFCAXIS2PLACEMENT3D(#3289,#3290,#3291);
#3289=IFCCARTESIANPOINT((-0.025000002235174179,0.05000000074505806,0.));
#3290=IFCDIRECTION((0.,-1.,0.));
#3291=IFCDIRECTION((1.,0.,0.));
#3292=IFCDIRECTION((0.,0.,-1.));
#3293=IFCREPRESENTATIONMAP(#3294,#3298);
#3294=IFCAXIS2PLACEMENT3D(#3295,#3296,#3297);
#3295=IFCCARTESIANPOINT((0.,0.,0.));
#3296=IFCDIRECTION((0.,0.,1.));
#3297=IFCDIRECTION((1.,0.,0.));
#3298=IFCSHAPEREPRESENTATION(#24,'Body','Curve2D',(#3299,#3301,#3303,#3310));
#3299=IFCINDEXEDPOLYCURVE(#3300,(IFCLINEINDEX((1,2,3,4,5,6,1))),$);
#3300=IFCCARTESIANPOINTLIST2D(((0.,0.),(0.,0.05000000074505806),(0.02500000037252903,0.05000000074505806),(0.02500000037252903,0.02500000037252903),(0.05000000074505806,0.02500000037252903),(0.05000000074505806,0.)));
#3301=IFCINDEXEDPOLYCURVE(#3302,(IFCLINEINDEX((1,2,3,4,5,6,1))),$);
#3302=IFCCARTESIANPOINTLIST2D(((0.89999997615814209,0.),(0.89999997615814209,0.05000000074505806),(0.87499997578561306,0.05000000074505806),(0.87499997578561306,0.02500000037252903),(0.84999997541308403,0.02500000037252903),(0.84999997541308403,0.)));
#3303=IFCTRIMMEDCURVE(#3304,(#3308),(#3309),.T.,.CARTESIAN.);
#3304=IFCELLIPSE(#3305,0.81499997526407242,0.84999997541308403);
#3305=IFCAXIS2PLACEMENT2D(#3306,#3307);
#3306=IFCCARTESIANPOINT((0.060000000521540642,0.05000000074505806));
#3307=IFCDIRECTION((1.,0.));
#3308=IFCCARTESIANPOINT((0.87499997578561306,0.05000000074505806));
#3309=IFCCARTESIANPOINT((0.060000000521540642,0.89999997615814209));
#3310=IFCINDEXEDPOLYCURVE(#3311,(IFCLINEINDEX((1,2,3,4,1))),$);
#3311=IFCCARTESIANPOINTLIST2D(((0.02500000037252903,0.05000000074505806),(0.060000000521540642,0.05000000074505806),(0.060000000521540642,0.89999997615814209),(0.02500000037252903,0.89999997615814209)));
#3459=IFCCARTESIANPOINTLIST2D(((4.0099997520446777,0.),(4.0100016593933105,9.119999885559082),(0.54999929666519165,9.1199989318847656),(0.5499994158744812,7.6099996566772461),(-3.0100007057189941,7.6100006103515625),(-3.0099997520446777,2.5000002384185791),(-1.9371509552001953E-07,2.5000002384185791),(0.,0.),(4.0099997520446777,0.)));
#3460=IFCINDEXEDPOLYCURVE(#3459,$,$);
#3461=IFCARBITRARYCLOSEDPROFILEDEF(.AREA.,$,#3460);
#3558=IFCDOOR('3FgIpoDRbALgHhlRUJTOVA',$,'Door',$,$,#3623,#3568,$,2.,0.89999997615814209,$,$,$);
#3560=IFCRELDEFINESBYTYPE('2qUB1l9v94Rf27iVT5RuUv',$,$,$,(#3558),#3204);
#3561=IFCCARTESIANPOINT((0.,0.,0.));
#3562=IFCDIRECTION((1.,0.,0.));
#3563=IFCDIRECTION((0.,1.,0.));
#3564=IFCDIRECTION((0.,0.,1.));
#3565=IFCCARTESIANTRANSFORMATIONOPERATOR3D(#3562,#3563,#3561,1.,#3564);
#3566=IFCMAPPEDITEM(#3207,#3565);
#3567=IFCSHAPEREPRESENTATION(#18,'Profile','MappedRepresentation',(#3566));
#3568=IFCPRODUCTDEFINITIONSHAPE($,$,(#3567,#3575,#3582));
#3569=IFCCARTESIANPOINT((0.,0.,0.));
#3570=IFCDIRECTION((1.,0.,0.));
#3571=IFCDIRECTION((0.,1.,0.));
#3572=IFCDIRECTION((0.,0.,1.));
#3573=IFCCARTESIANTRANSFORMATIONOPERATOR3D(#3570,#3571,#3569,1.,#3572);
#3574=IFCMAPPEDITEM(#3215,#3573);
#3575=IFCSHAPEREPRESENTATION(#11,'Body','MappedRepresentation',(#3574));
#3576=IFCCARTESIANPOINT((0.,0.,0.));
#3577=IFCDIRECTION((1.,0.,0.));
#3578=IFCDIRECTION((0.,1.,0.));
#3579=IFCDIRECTION((0.,0.,1.));
#3580=IFCCARTESIANTRANSFORMATIONOPERATOR3D(#3577,#3578,#3576,1.,#3579);
#3581=IFCMAPPEDITEM(#3293,#3580);
#3582=IFCSHAPEREPRESENTATION(#24,'Body','MappedRepresentation',(#3581));
#3583=IFCOPENINGELEMENT('3eAFaT$1n8f9IdNEyKWN_t',$,'Opening',$,$,#3617,#3611,$,.OPENING.);
#3589=IFCCARTESIANPOINTLIST2D(((0.,0.),(0.89999997615814209,0.),(0.89999997615814209,2.),(0.,2.)));
#3590=IFCINDEXEDPOLYCURVE(#3589,(IFCLINEINDEX((1,2,3,4,1))),$);
#3591=IFCARBITRARYCLOSEDPROFILEDEF(.AREA.,$,#3590);
#3592=IFCCARTESIANPOINT((0.,-0.60000002384185791,0.));
#3593=IFCDIRECTION((0.,-1.,0.));
#3594=IFCDIRECTION((1.,0.,0.));
#3595=IFCAXIS2PLACEMENT3D(#3592,#3593,#3594);
#3596=IFCDIRECTION((0.,0.,-1.));
#3597=IFCEXTRUDEDAREASOLID(#3591,#3595,#3596,1.2);
#3598=IFCSHAPEREPRESENTATION(#11,'Body','SweptSolid',(#3597));
#3599=IFCCARTESIANPOINT((0.,0.,0.));
#3600=IFCDIRECTION((1.,0.,0.));
#3601=IFCDIRECTION((0.,0.,1.));
#3602=IFCAXIS2PLACEMENT3D(#3599,#3601,#3600);
#3603=IFCREPRESENTATIONMAP(#3602,#3598);
#3604=IFCCARTESIANPOINT((0.,0.,0.));
#3605=IFCDIRECTION((1.,0.,0.));
#3606=IFCDIRECTION((0.,1.,0.));
#3607=IFCDIRECTION((0.,0.,1.));
#3608=IFCCARTESIANTRANSFORMATIONOPERATOR3D(#3605,#3606,#3604,1.,#3607);
#3609=IFCMAPPEDITEM(#3603,#3608);
#3610=IFCSHAPEREPRESENTATION(#11,'Body','MappedRepresentation',(#3609));
#3611=IFCPRODUCTDEFINITIONSHAPE($,$,(#3610));
#3612=IFCRELVOIDSELEMENT('3P4Vn4r7TFVxgp2Cqt7ugT',$,$,$,#1062,#3583);
#3613=IFCCARTESIANPOINT((1.4766266200925526,0.100000002814983,0.));
#3614=IFCDIRECTION((0.,0.,1.));
#3615=IFCDIRECTION((-0.99999999999999611,8.7422790784314003E-08,0.));
#3616=IFCAXIS2PLACEMENT3D(#3613,#3614,#3615);
#3617=IFCLOCALPLACEMENT(#1291,#3616);
#3618=IFCRELFILLSELEMENT('2cM6TKk_bEaAc4sYw325HO',$,$,$,#3583,#3558);
#3619=IFCCARTESIANPOINT((0.,0.,0.));
#3620=IFCDIRECTION((0.,0.,1.));
#3621=IFCDIRECTION((0.99999999999999989,0.,0.));
#3622=IFCAXIS2PLACEMENT3D(#3619,#3620,#3621);
#3623=IFCLOCALPLACEMENT(#3617,#3622);
#3624=IFCWINDOWTYPE('06SkygdsL1wPUKijDz2Pyr',$,'Living-GF',$,$,(#3625),(#3634,#3682,#3704),$,$,.WINDOW.,.SINGLE_PANEL.,$,$);
#3625=IFCPROPERTYSET('2GV07BRtj5u9enLj288Xgm',$,'BBIM_Window',$,(#3626));
#3626=IFCPROPERTYSINGLEVALUE('Data',$,IFCTEXT('{"window_type": "SINGLE_PANEL", "overall_height": 0.8999999761581421, "overall_width": 0.8894180059432983, "lining_properties": {"lining_depth": 0.05000000074505806, "lining_thickness": 0.05000000074505806, "lining_offset": 0.05000000074505806, "lining_to_panel_offset_x": 0.02500000037252903, "lining_to_panel_offset_y": 0.02500000037252903}, "panel_properties": {"frame_depth": [0.03500000014901161, 0.03500000014901161, 0.03500000014901161], "frame_thickness": [0.03500000014901161, 0.03500000014901161, 0.03500000014901161]}}'),$);
#3630=IFCCARTESIANPOINT((0.,0.,0.));
#3631=IFCDIRECTION((1.,0.,0.));
#3632=IFCDIRECTION((0.,0.,1.));
#3633=IFCAXIS2PLACEMENT3D(#3630,#3632,#3631);
#3634=IFCREPRESENTATIONMAP(#3633,#4001);
#3678=IFCCARTESIANPOINT((0.,0.,0.));
#3679=IFCDIRECTION((1.,0.,0.));
#3680=IFCDIRECTION((0.,0.,1.));
#3681=IFCAXIS2PLACEMENT3D(#3678,#3680,#3679);
#3682=IFCREPRESENTATIONMAP(#3681,#4044);
#3700=IFCCARTESIANPOINT((0.,0.,0.));
#3701=IFCDIRECTION((1.,0.,0.));
#3702=IFCDIRECTION((0.,0.,1.));
#3703=IFCAXIS2PLACEMENT3D(#3700,#3702,#3701);
#3704=IFCREPRESENTATIONMAP(#3703,#4061);
#3786=IFCWINDOW('3Kmhd1FPPA68eyQ9tdg53K',$,'Window',$,$,#4086,#3796,$,0.89999997615814209,0.88941800594329834,$,.SINGLE_PANEL.,$);
#3788=IFCRELDEFINESBYTYPE('2m8$NpTXn5AxqHcIdZHLSS',$,$,$,(#3786),#3624);
#3789=IFCCARTESIANPOINT((0.,0.,0.));
#3790=IFCDIRECTION((1.,0.,0.));
#3791=IFCDIRECTION((0.,1.,0.));
#3792=IFCDIRECTION((0.,0.,1.));
#3793=IFCCARTESIANTRANSFORMATIONOPERATOR3D(#3790,#3791,#3789,1.,#3792);
#3794=IFCMAPPEDITEM(#3634,#3793);
#3795=IFCSHAPEREPRESENTATION(#18,'Profile','MappedRepresentation',(#3794));
#3796=IFCPRODUCTDEFINITIONSHAPE($,$,(#3795,#3803,#3810));
#3797=IFCCARTESIANPOINT((0.,0.,0.));
#3798=IFCDIRECTION((1.,0.,0.));
#3799=IFCDIRECTION((0.,1.,0.));
#3800=IFCDIRECTION((0.,0.,1.));
#3801=IFCCARTESIANTRANSFORMATIONOPERATOR3D(#3798,#3799,#3797,1.,#3800);
#3802=IFCMAPPEDITEM(#3682,#3801);
#3803=IFCSHAPEREPRESENTATION(#11,'Body','MappedRepresentation',(#3802));
#3804=IFCCARTESIANPOINT((0.,0.,0.));
#3805=IFCDIRECTION((1.,0.,0.));
#3806=IFCDIRECTION((0.,1.,0.));
#3807=IFCDIRECTION((0.,0.,1.));
#3808=IFCCARTESIANTRANSFORMATIONOPERATOR3D(#3805,#3806,#3804,1.,#3807);
#3809=IFCMAPPEDITEM(#3704,#3808);
#3810=IFCSHAPEREPRESENTATION(#24,'Body','MappedRepresentation',(#3809));
#3811=IFCOPENINGELEMENT('04uJPCxeH9WQgVFRp$o9gr',$,'Opening',$,$,#4081,#3839,$,.OPENING.);
#3827=IFCCARTESIANPOINT((0.,0.,0.));
#3828=IFCDIRECTION((1.,0.,0.));
#3829=IFCDIRECTION((0.,0.,1.));
#3830=IFCAXIS2PLACEMENT3D(#3827,#3829,#3828);
#3831=IFCREPRESENTATIONMAP(#3830,#4071);
#3832=IFCCARTESIANPOINT((0.,0.,0.));
#3833=IFCDIRECTION((1.,0.,0.));
#3834=IFCDIRECTION((0.,1.,0.));
#3835=IFCDIRECTION((0.,0.,1.));
#3836=IFCCARTESIANTRANSFORMATIONOPERATOR3D(#3833,#3834,#3832,1.,#3835);
#3837=IFCMAPPEDITEM(#3831,#3836);
#3838=IFCSHAPEREPRESENTATION(#11,'Body','MappedRepresentation',(#3837));
#3839=IFCPRODUCTDEFINITIONSHAPE($,$,(#3838));
#3840=IFCRELVOIDSELEMENT('1yGR0zRhjD59MJHuPFmLLF',$,$,$,#214,#3811);
#3846=IFCRELFILLSELEMENT('3OKHJiX05Ape1Yr4wXnNZo',$,$,$,#3811,#3786);
#3870=IFCCARTESIANPOINTLIST2D(((0.60000002384185791,0.44999998807907104),(0.60000002384185791,0.),(0.,0.),(0.,0.44999998807907104),(0.02500000037252903,0.44999998807907104),(0.02500000037252903,0.02500000037252903),(0.57500002346932888,0.02500000037252903),(0.57500002346932888,0.44999998807907104)));
#3871=IFCINDEXEDPOLYCURVE(#3870,(IFCLINEINDEX((1,2,3,4,5,6,7,8,1))),$);
#3872=IFCARBITRARYCLOSEDPROFILEDEF(.AREA.,$,#3871);
#3873=IFCCARTESIANPOINT((0.,0.090000001713633537,0.));
#3874=IFCDIRECTION((0.,-1.,0.));
#3875=IFCDIRECTION((1.,0.,0.));
#3876=IFCAXIS2PLACEMENT3D(#3873,#3874,#3875);
#3877=IFCDIRECTION((0.,0.,-1.));
#3878=IFCEXTRUDEDAREASOLID(#3872,#3876,#3877,0.0099999997764825821);
#3879=IFCCARTESIANPOINTLIST2D(((0.,0.),(0.60000002384185791,0.),(0.60000002384185791,0.44999998807907104),(0.,0.44999998807907104)));
#3880=IFCINDEXEDPOLYCURVE(#3879,(IFCLINEINDEX((1,2,3,4,1))),$);
#3881=IFCCARTESIANPOINTLIST2D(((0.05000000074505806,0.05000000074505806),(0.55000002309679985,0.05000000074505806),(0.55000002309679985,0.42499998770654202),(0.05000000074505806,0.42499998770654202)));
#3882=IFCINDEXEDPOLYCURVE(#3881,(IFCLINEINDEX((1,2,3,4,1))),$);
#3883=IFCARBITRARYPROFILEDEFWITHVOIDS(.AREA.,$,#3880,(#3882));
#3884=IFCCARTESIANPOINT((0.,0.05000000074505806,0.));
#3885=IFCDIRECTION((0.,-1.,0.));
#3886=IFCDIRECTION((1.,0.,0.));
#3887=IFCAXIS2PLACEMENT3D(#3884,#3885,#3886);
#3888=IFCDIRECTION((0.,0.,-1.));
#3889=IFCEXTRUDEDAREASOLID(#3883,#3887,#3888,0.040000000968575478);
#3890=IFCCARTESIANPOINTLIST2D(((0.,0.),(0.55000002309679985,0.),(0.55000002309679985,0.42499998770654202),(0.,0.42499998770654202)));
#3891=IFCINDEXEDPOLYCURVE(#3890,(IFCLINEINDEX((1,2,3,4,1))),$);
#3892=IFCCARTESIANPOINTLIST2D(((0.035000000149011612,0.035000000149011612),(0.51500002294778824,0.035000000149011612),(0.51500002294778824,0.3899999875575304),(0.035000000149011612,0.3899999875575304)));
#3893=IFCINDEXEDPOLYCURVE(#3892,(IFCLINEINDEX((1,2,3,4,1))),$);
#3894=IFCARBITRARYPROFILEDEFWITHVOIDS(.AREA.,$,#3891,(#3893));
#3895=IFCCARTESIANPOINT((0.02500000037252903,0.090000001713633537,0.02500000037252903));
#3896=IFCDIRECTION((0.,-1.,0.));
#3897=IFCDIRECTION((1.,0.,0.));
#3898=IFCAXIS2PLACEMENT3D(#3895,#3896,#3897);
#3899=IFCDIRECTION((0.,0.,-1.));
#3900=IFCEXTRUDEDAREASOLID(#3894,#3898,#3899,0.035000000149011612);
#3901=IFCINDEXEDPOLYCURVE(#3902,(IFCLINEINDEX((1,2,3,4,1))),$);
#3902=IFCCARTESIANPOINTLIST2D(((0.035000000149011612,0.035000000149011612),(0.51500002294778824,0.035000000149011612),(0.51500002294778824,0.3899999875575304),(0.035000000149011612,0.3899999875575304)));
#3903=IFCARBITRARYCLOSEDPROFILEDEF(.AREA.,$,#3901);
#3904=IFCCARTESIANPOINT((0.02500000037252903,0.10250000178813934,0.02500000037252903));
#3905=IFCDIRECTION((0.,-1.,0.));
#3906=IFCDIRECTION((1.,0.,0.));
#3907=IFCAXIS2PLACEMENT3D(#3904,#3905,#3906);
#3908=IFCDIRECTION((0.,0.,-1.));
#3909=IFCEXTRUDEDAREASOLID(#3903,#3907,#3908,0.01);
#3910=IFCCARTESIANPOINTLIST2D(((0.,0.),(0.,0.44999998807907104),(0.60000002384185791,0.44999998807907104),(0.60000002384185791,0.),(0.57500002346932888,0.),(0.57500002346932888,0.42499998770654202),(0.02500000037252903,0.42499998770654202),(0.02500000037252903,0.)));
#3911=IFCINDEXEDPOLYCURVE(#3910,(IFCLINEINDEX((1,2,3,4,5,6,7,8,1))),$);
#3912=IFCARBITRARYCLOSEDPROFILEDEF(.AREA.,$,#3911);
#3913=IFCCARTESIANPOINT((0.,0.090000001713633537,0.44999998807907104));
#3914=IFCDIRECTION((0.,-1.,0.));
#3915=IFCDIRECTION((1.,0.,0.));
#3916=IFCAXIS2PLACEMENT3D(#3913,#3914,#3915);
#3917=IFCDIRECTION((0.,0.,-1.));
#3918=IFCEXTRUDEDAREASOLID(#3912,#3916,#3917,0.0099999997764825821);
#3919=IFCCARTESIANPOINTLIST2D(((0.,0.),(0.60000002384185791,0.),(0.60000002384185791,0.44999998807907104),(0.,0.44999998807907104)));
#3920=IFCINDEXEDPOLYCURVE(#3919,(IFCLINEINDEX((1,2,3,4,1))),$);
#3921=IFCCARTESIANPOINTLIST2D(((0.05000000074505806,0.02500000037252903),(0.55000002309679985,0.02500000037252903),(0.55000002309679985,0.39999998733401299),(0.05000000074505806,0.39999998733401299)));
#3922=IFCINDEXEDPOLYCURVE(#3921,(IFCLINEINDEX((1,2,3,4,1))),$);
#3923=IFCARBITRARYPROFILEDEFWITHVOIDS(.AREA.,$,#3920,(#3922));
#3924=IFCCARTESIANPOINT((0.,0.05000000074505806,0.44999998807907104));
#3925=IFCDIRECTION((0.,-1.,0.));
#3926=IFCDIRECTION((1.,0.,0.));
#3927=IFCAXIS2PLACEMENT3D(#3924,#3925,#3926);
#3928=IFCDIRECTION((0.,0.,-1.));
#3929=IFCEXTRUDEDAREASOLID(#3923,#3927,#3928,0.040000000968575478);
#3930=IFCCARTESIANPOINTLIST2D(((0.,0.),(0.55000002309679985,0.),(0.55000002309679985,0.42499998770654202),(0.,0.42499998770654202)));
#3931=IFCINDEXEDPOLYCURVE(#3930,(IFCLINEINDEX((1,2,3,4,1))),$);
#3932=IFCCARTESIANPOINTLIST2D(((0.035000000149011612,0.035000000149011612),(0.51500002294778824,0.035000000149011612),(0.51500002294778824,0.3899999875575304),(0.035000000149011612,0.3899999875575304)));
#3933=IFCINDEXEDPOLYCURVE(#3932,(IFCLINEINDEX((1,2,3,4,1))),$);
#3934=IFCARBITRARYPROFILEDEFWITHVOIDS(.AREA.,$,#3931,(#3933));
#3935=IFCCARTESIANPOINT((0.02500000037252903,0.090000001713633537,0.44999998807907104));
#3936=IFCDIRECTION((0.,-1.,0.));
#3937=IFCDIRECTION((1.,0.,0.));
#3938=IFCAXIS2PLACEMENT3D(#3935,#3936,#3937);
#3939=IFCDIRECTION((0.,0.,-1.));
#3940=IFCEXTRUDEDAREASOLID(#3934,#3938,#3939,0.035000000149011612);
#3941=IFCINDEXEDPOLYCURVE(#3942,(IFCLINEINDEX((1,2,3,4,1))),$);
#3942=IFCCARTESIANPOINTLIST2D(((0.035000000149011612,0.035000000149011612),(0.51500002294778824,0.035000000149011612),(0.51500002294778824,0.3899999875575304),(0.035000000149011612,0.3899999875575304)));
#3943=IFCARBITRARYCLOSEDPROFILEDEF(.AREA.,$,#3941);
#3944=IFCCARTESIANPOINT((0.02500000037252903,0.10250000178813934,0.44999998807907104));
#3945=IFCDIRECTION((0.,-1.,0.));
#3946=IFCDIRECTION((1.,0.,0.));
#3947=IFCAXIS2PLACEMENT3D(#3944,#3945,#3946);
#3948=IFCDIRECTION((0.,0.,-1.));
#3949=IFCEXTRUDEDAREASOLID(#3943,#3947,#3948,0.01);
#3951=IFCSHAPEREPRESENTATION(#11,'Body','SweptSolid',(#4023,#3878,#4012,#3889,#3918,#3929));
#3952=IFCSHAPEASPECT((#3951),'Lining',$,.T.,#3796);
#3953=IFCSHAPEREPRESENTATION(#11,'Body','SweptSolid',(#3900,#4034,#3940));
#3954=IFCSHAPEASPECT((#3953),'Framing',$,.T.,#3796);
#3955=IFCSHAPEREPRESENTATION(#11,'Body','SweptSolid',(#3949,#3909,#4043));
#3956=IFCSHAPEASPECT((#3955),'Glazing',$,.T.,#3796);
#3999=IFCCARTESIANPOINTLIST3D(((0.,0.,0.),(0.88941800594329834,0.,0.),(0.88941800594329834,0.,0.89999997615814209),(0.,0.,0.89999997615814209)));
#4000=IFCINDEXEDPOLYCURVE(#3999,(IFCLINEINDEX((1,2,3,4,1))),$);
#4001=IFCSHAPEREPRESENTATION(#18,'Profile','Curve3D',(#4000));
#4002=IFCCARTESIANPOINTLIST2D(((0.,0.),(0.88941800594329834,0.),(0.88941800594329834,0.89999997615814209),(0.,0.89999997615814209)));
#4003=IFCINDEXEDPOLYCURVE(#4002,(IFCLINEINDEX((1,2,3,4,1))),$);
#4004=IFCCARTESIANPOINTLIST2D(((0.02500000037252903,0.02500000037252903),(0.86441800557076931,0.02500000037252903),(0.86441800557076931,0.87499997578561306),(0.02500000037252903,0.87499997578561306)));
#4005=IFCINDEXEDPOLYCURVE(#4004,(IFCLINEINDEX((1,2,3,4,1))),$);
#4006=IFCARBITRARYPROFILEDEFWITHVOIDS(.AREA.,$,#4003,(#4005));
#4007=IFCCARTESIANPOINT((0.,0.090000001713633537,0.));
#4008=IFCDIRECTION((0.,-1.,0.));
#4009=IFCDIRECTION((1.,0.,0.));
#4010=IFCAXIS2PLACEMENT3D(#4007,#4008,#4009);
#4011=IFCDIRECTION((0.,0.,-1.));
#4012=IFCEXTRUDEDAREASOLID(#4006,#4010,#4011,0.0099999997764825821);
#4013=IFCCARTESIANPOINTLIST2D(((0.,0.),(0.88941800594329834,0.),(0.88941800594329834,0.89999997615814209),(0.,0.89999997615814209)));
#4014=IFCINDEXEDPOLYCURVE(#4013,(IFCLINEINDEX((1,2,3,4,1))),$);
#4015=IFCCARTESIANPOINTLIST2D(((0.05000000074505806,0.05000000074505806),(0.83941800519824028,0.05000000074505806),(0.83941800519824028,0.84999997541308403),(0.05000000074505806,0.84999997541308403)));
#4016=IFCINDEXEDPOLYCURVE(#4015,(IFCLINEINDEX((1,2,3,4,1))),$);
#4017=IFCARBITRARYPROFILEDEFWITHVOIDS(.AREA.,$,#4014,(#4016));
#4018=IFCCARTESIANPOINT((0.,0.05000000074505806,0.));
#4019=IFCDIRECTION((0.,-1.,0.));
#4020=IFCDIRECTION((1.,0.,0.));
#4021=IFCAXIS2PLACEMENT3D(#4018,#4019,#4020);
#4022=IFCDIRECTION((0.,0.,-1.));
#4023=IFCEXTRUDEDAREASOLID(#4017,#4021,#4022,0.040000000968575478);
#4024=IFCCARTESIANPOINTLIST2D(((0.,0.),(0.83941800519824028,0.),(0.83941800519824028,0.84999997541308403),(0.,0.84999997541308403)));
#4025=IFCINDEXEDPOLYCURVE(#4024,(IFCLINEINDEX((1,2,3,4,1))),$);
#4026=IFCCARTESIANPOINTLIST2D(((0.035000000149011612,0.035000000149011612),(0.80441800504922867,0.035000000149011612),(0.80441800504922867,0.81499997526407242),(0.035000000149011612,0.81499997526407242)));
#4027=IFCINDEXEDPOLYCURVE(#4026,(IFCLINEINDEX((1,2,3,4,1))),$);
#4028=IFCARBITRARYPROFILEDEFWITHVOIDS(.AREA.,$,#4025,(#4027));
#4029=IFCCARTESIANPOINT((0.02500000037252903,0.090000001713633537,0.02500000037252903));
#4030=IFCDIRECTION((0.,-1.,0.));
#4031=IFCDIRECTION((1.,0.,0.));
#4032=IFCAXIS2PLACEMENT3D(#4029,#4030,#4031);
#4033=IFCDIRECTION((0.,0.,-1.));
#4034=IFCEXTRUDEDAREASOLID(#4028,#4032,#4033,0.035000000149011612);
#4035=IFCINDEXEDPOLYCURVE(#4036,(IFCLINEINDEX((1,2,3,4,1))),$);
#4036=IFCCARTESIANPOINTLIST2D(((0.035000000149011612,0.035000000149011612),(0.80441800504922867,0.035000000149011612),(0.80441800504922867,0.81499997526407242),(0.035000000149011612,0.81499997526407242)));
#4037=IFCARBITRARYCLOSEDPROFILEDEF(.AREA.,$,#4035);
#4038=IFCCARTESIANPOINT((0.02500000037252903,0.10250000178813934,0.02500000037252903));
#4039=IFCDIRECTION((0.,-1.,0.));
#4040=IFCDIRECTION((1.,0.,0.));
#4041=IFCAXIS2PLACEMENT3D(#4038,#4039,#4040);
#4042=IFCDIRECTION((0.,0.,-1.));
#4043=IFCEXTRUDEDAREASOLID(#4037,#4041,#4042,0.01);
#4044=IFCSHAPEREPRESENTATION(#11,'Body','SweptSolid',(#4012,#4023,#4034,#4043));
#4045=IFCCARTESIANPOINTLIST2D(((0.05000000074505806,0.05000000074505806),(0.83941800519824028,0.05000000074505806)));
#4046=IFCINDEXEDPOLYCURVE(#4045,$,$);
#4047=IFCCARTESIANPOINTLIST2D(((0.,0.10000000149011612),(0.02500000037252903,0.10000000149011612),(0.02500000037252903,0.090000001713633537),(0.05000000074505806,0.090000001713633537),(0.05000000074505806,0.05000000074505806),(0.,0.05000000074505806)));
#4048=IFCINDEXEDPOLYCURVE(#4047,(IFCLINEINDEX((1,2,3,4,5,6,1))),$);
#4049=IFCCARTESIANPOINTLIST2D(((0.88941800594329834,0.10000000149011612),(0.86441800557076931,0.10000000149011612),(0.86441800557076931,0.090000001713633537),(0.83941800519824028,0.090000001713633537),(0.83941800519824028,0.05000000074505806),(0.88941800594329834,0.05000000074505806)));
#4050=IFCINDEXEDPOLYCURVE(#4049,(IFCLINEINDEX((1,2,3,4,5,6,1))),$);
#4051=IFCCARTESIANPOINTLIST2D(((0.02500000037252903,0.090000001713633537),(0.060000000521540642,0.090000001713633537),(0.060000000521540642,0.12500000186264515),(0.02500000037252903,0.12500000186264515)));
#4052=IFCINDEXEDPOLYCURVE(#4051,(IFCLINEINDEX((1,2,3,4,1))),$);
#4053=IFCINDEXEDPOLYCURVE(#4054,(IFCLINEINDEX((1,2,3,4,1))),$);
#4054=IFCCARTESIANPOINTLIST2D(((0.86441800557076931,0.090000001713633537),(0.8294180054217577,0.090000001713633537),(0.8294180054217577,0.12500000186264515),(0.86441800557076931,0.12500000186264515)));
#4055=IFCCARTESIANPOINTLIST2D(((0.060000000521540642,0.090000001713633537),(0.8294180054217577,0.090000001713633537)));
#4056=IFCINDEXEDPOLYCURVE(#4055,$,$);
#4057=IFCINDEXEDPOLYCURVE(#4058,$,$);
#4058=IFCCARTESIANPOINTLIST2D(((0.060000000521540642,0.12500000186264515),(0.8294180054217577,0.12500000186264515)));
#4059=IFCINDEXEDPOLYCURVE(#4060,$,$);
#4060=IFCCARTESIANPOINTLIST2D(((0.060000000521540642,0.10750000178813934),(0.8294180054217577,0.10750000178813934)));
#4061=IFCSHAPEREPRESENTATION(#24,'Body','Curve2D',(#4046,#4048,#4050,#4052,#4053,#4056,#4057,#4059));
#4062=IFCCARTESIANPOINTLIST2D(((0.,0.),(0.88941800594329834,0.),(0.88941800594329834,0.89999997615814209),(0.,0.89999997615814209)));
#4063=IFCINDEXEDPOLYCURVE(#4062,(IFCLINEINDEX((1,2,3,4,1))),$);
#4064=IFCARBITRARYCLOSEDPROFILEDEF(.AREA.,$,#4063);
#4065=IFCCARTESIANPOINT((0.,-0.60000002384185791,0.));
#4066=IFCDIRECTION((0.,-1.,0.));
#4067=IFCDIRECTION((1.,0.,0.));
#4068=IFCAXIS2PLACEMENT3D(#4065,#4066,#4067);
#4069=IFCDIRECTION((0.,0.,-1.));
#4070=IFCEXTRUDEDAREASOLID(#4064,#4068,#4069,1.2);
#4071=IFCSHAPEREPRESENTATION(#11,'Body','SweptSolid',(#4070));
#4077=IFCCARTESIANPOINT((1.776420940958789,2.384185791015625E-07,1.));
#4078=IFCDIRECTION((0.,0.,1.));
#4079=IFCDIRECTION((0.99999999999997158,-2.3841857910155572E-07,0.));
#4080=IFCAXIS2PLACEMENT3D(#4077,#4078,#4079);
#4081=IFCLOCALPLACEMENT(#1336,#4080);
#4082=IFCCARTESIANPOINT((4.4408920985006262E-16,0.,0.));
#4083=IFCDIRECTION((0.,0.,1.));
#4084=IFCDIRECTION((1.,0.,0.));
#4085=IFCAXIS2PLACEMENT3D(#4082,#4083,#4084);
#4086=IFCLOCALPLACEMENT(#4081,#4085);
#4087=IFCCARTESIANPOINTLIST3D(((0.,0.,0.),(0.74825131893157959,0.,0.),(0.74825131893157959,0.,2.),(0.,0.,2.)));
#4088=IFCINDEXEDPOLYCURVE(#4087,(IFCLINEINDEX((1,2,3,4,1))),$);
#4089=IFCSHAPEREPRESENTATION(#18,'Profile','Curve3D',(#4088));
#4090=IFCCARTESIANPOINTLIST2D(((0.,0.),(0.,2.),(0.74825131893157959,2.),(0.74825131893157959,0.),(0.69825131818652153,0.),(0.69825131818652153,1.9499999992549419),(0.05000000074505806,1.9499999992549419),(0.05000000074505806,0.)));
#4091=IFCINDEXEDPOLYCURVE(#4090,(IFCLINEINDEX((1,2,3,4,5,6,7,8,1))),$);
#4092=IFCARBITRARYCLOSEDPROFILEDEF(.AREA.,$,#4091);
#4093=IFCCARTESIANPOINT((0.,0.,0.));
#4094=IFCDIRECTION((0.,-1.,0.));
#4095=IFCDIRECTION((1.,0.,0.));
#4096=IFCAXIS2PLACEMENT3D(#4093,#4094,#4095);
#4097=IFCDIRECTION((0.,0.,-1.));
#4098=IFCEXTRUDEDAREASOLID(#4092,#4096,#4097,0.0010000000474974513);
#4099=IFCCARTESIANPOINTLIST2D(((0.,0.),(0.64825131744146347,0.),(0.64825131744146347,0.10000000149011612),(0.,0.10000000149011612)));
#4100=IFCINDEXEDPOLYCURVE(#4099,(IFCLINEINDEX((1,2,3,4,1))),$);
#4101=IFCARBITRARYCLOSEDPROFILEDEF(.AREA.,$,#4100);
#4102=IFCCARTESIANPOINT((0.05000000074505806,0.,0.));
#4103=IFCDIRECTION((0.,0.,1.));
#4104=IFCDIRECTION((1.,0.,0.));
#4105=IFCAXIS2PLACEMENT3D(#4102,#4103,#4104);
#4106=IFCDIRECTION((0.,0.,1.));
#4107=IFCEXTRUDEDAREASOLID(#4101,#4105,#4106,0.02500000037252903);
#4108=IFCCARTESIANPOINTLIST2D(((0.,0.),(0.,2.0250000022351742),(0.79825132340192795,2.0250000022351742),(0.79825132340192795,0.),(0.72325132042169571,0.),(0.72325132042169571,1.9499999992549419),(0.075000002980232239,1.9499999992549419),(0.075000002980232239,0.)));
#4109=IFCINDEXEDPOLYCURVE(#4108,(IFCLINEINDEX((1,2,3,4,5,6,7,8,1))),$);
#4110=IFCARBITRARYCLOSEDPROFILEDEF(.AREA.,$,#4109);
#4111=IFCCARTESIANPOINT((-0.025000002235174179,-0.062558300793170929,0.));
#4112=IFCDIRECTION((0.,-1.,0.));
#4113=IFCDIRECTION((1.,0.,0.));
#4114=IFCAXIS2PLACEMENT3D(#4111,#4112,#4113);
#4115=IFCDIRECTION((0.,0.,-1.));
#4116=IFCEXTRUDEDAREASOLID(#4110,#4114,#4115,0.062558300793170929);
#4117=IFCCARTESIANPOINTLIST2D(((0.,0.),(0.,2.0250000022351742),(0.79825132340192795,2.0250000022351742),(0.79825132340192795,0.),(0.74825132079422474,0.),(0.74825132079422474,1.974999999627471),(0.050000002607703209,1.974999999627471),(0.050000002607703209,0.)));
#4118=IFCINDEXEDPOLYCURVE(#4117,(IFCLINEINDEX((1,2,3,4,5,6,7,8,1))),$);
#4119=IFCARBITRARYCLOSEDPROFILEDEF(.AREA.,$,#4118);
#4120=IFCCARTESIANPOINT((-0.025000002235174179,0.0010000000474974513,0.));
#4121=IFCDIRECTION((0.,-1.,0.));
#4122=IFCDIRECTION((1.,0.,0.));
#4123=IFCAXIS2PLACEMENT3D(#4120,#4121,#4122);
#4124=IFCDIRECTION((0.,0.,-1.));
#4125=IFCEXTRUDEDAREASOLID(#4119,#4123,#4124,0.062558300793170929);
#4126=IFCCARTESIANPOINTLIST2D(((0.,0.),(0.69825131818652153,0.),(0.69825131818652153,0.0091576911509037018),(0.,0.0091576911509037018)));
#4127=IFCINDEXEDPOLYCURVE(#4126,(IFCLINEINDEX((1,2,3,4,1))),$);
#4128=IFCARBITRARYCLOSEDPROFILEDEF(.AREA.,$,#4127);
#4129=IFCCARTESIANPOINT((0.02500000037252903,0.02500000037252903,0.02500000037252903));
#4130=IFCDIRECTION((0.,0.,1.));
#4131=IFCDIRECTION((1.,0.,0.));
#4132=IFCAXIS2PLACEMENT3D(#4129,#4130,#4131);
#4133=IFCDIRECTION((0.,0.,1.));
#4134=IFCEXTRUDEDAREASOLID(#4128,#4132,#4133,1.9499999992549419);
#4135=IFCCARTESIANPOINTLIST2D(((0.,0.),(0.,-0.040000000000000001),(-0.11999999999999988,-0.040000000000000001),(-0.11999999999999988,-0.02),(-0.020000000000000018,-0.02),(-0.020000000000000018,0.)));
#4136=IFCINDEXEDPOLYCURVE(#4135,(IFCLINEINDEX((1,2,3,4,5,6,1))),$);
#4137=IFCARBITRARYCLOSEDPROFILEDEF(.AREA.,$,#4136);
#4138=IFCCARTESIANPOINT((0.67325131855905052,0.02500000037252903,1.015000000372529));
#4139=IFCDIRECTION((0.,0.,1.));
#4140=IFCDIRECTION((1.,0.,0.));
#4141=IFCAXIS2PLACEMENT3D(#4138,#4139,#4140);
#4142=IFCDIRECTION((0.,0.,1.));
#4143=IFCEXTRUDEDAREASOLID(#4137,#4141,#4142,0.02);
#4144=IFCEXTRUDEDAREASOLID(#4145,#4148,#4152,0.02);
#4145=IFCARBITRARYCLOSEDPROFILEDEF(.AREA.,$,#4146);
#4146=IFCINDEXEDPOLYCURVE(#4147,(IFCLINEINDEX((1,2,3,4,5,6,1))),$);
#4147=IFCCARTESIANPOINTLIST2D(((0.,0.),(0.,0.040000000000000008),(-0.11999999999999988,0.040000000000000008),(-0.11999999999999988,0.020000000000000004),(-0.020000000000000018,0.020000000000000004),(-0.020000000000000018,0.)));
#4148=IFCAXIS2PLACEMENT3D(#4149,#4150,#4151);
#4149=IFCCARTESIANPOINT((0.67325131855905052,0.034157691523432732,1.015000000372529));
#4150=IFCDIRECTION((0.,0.,1.));
#4151=IFCDIRECTION((1.,0.,0.));
#4152=IFCDIRECTION((0.,0.,1.));
#4153=IFCSHAPEREPRESENTATION(#11,'Body','SweptSolid',(#4098,#4134,#4143,#4144,#4107,#4116,#4125));
#4154=IFCCARTESIANPOINTLIST2D(((0.,0.),(0.05000000074505806,0.),(0.05000000074505806,0.0010000000474974513),(0.,0.0010000000474974513)));
#4155=IFCINDEXEDPOLYCURVE(#4154,(IFCLINEINDEX((1,2,3,4,1))),$);
#4156=IFCINDEXEDPOLYCURVE(#4157,(IFCLINEINDEX((1,2,3,4,1))),$);
#4157=IFCCARTESIANPOINTLIST2D(((0.74825131893157959,0.),(0.69825131818652153,0.),(0.69825131818652153,0.0010000000474974513),(0.74825131893157959,0.0010000000474974513)));
#4158=IFCDIRECTION((1.,0.));
#4159=IFCCARTESIANPOINT((0.034157691523432732,0.0010000000474974513));
#4160=IFCAXIS2PLACEMENT2D(#4159,#4158);
#4161=IFCELLIPSE(#4160,0.68909362703561783,0.69825131818652153);
#4162=IFCCARTESIANPOINT((0.72325131855905056,0.0010000000474974513));
#4163=IFCCARTESIANPOINT((0.034157691523432732,0.69925131823401898));
#4164=IFCTRIMMEDCURVE(#4161,(#4162),(#4163),.T.,.CARTESIAN.);
#4165=IFCCARTESIANPOINTLIST2D(((0.02500000037252903,0.0010000000474974513),(0.034157691523432732,0.0010000000474974513),(0.034157691523432732,0.69925131823401898),(0.02500000037252903,0.69925131823401898)));
#4166=IFCINDEXEDPOLYCURVE(#4165,(IFCLINEINDEX((1,2,3,4,1))),$);
#4167=IFCSHAPEREPRESENTATION(#24,'Body','Curve2D',(#4155,#4156,#4164,#4166));
#4168=IFCCARTESIANPOINTLIST2D(((0.,0.),(0.74825131893157959,0.),(0.74825131893157959,2.),(0.,2.)));
#4169=IFCINDEXEDPOLYCURVE(#4168,(IFCLINEINDEX((1,2,3,4,1))),$);
#4170=IFCARBITRARYCLOSEDPROFILEDEF(.AREA.,$,#4169);
#4171=IFCCARTESIANPOINT((0.,-0.60000002384185791,0.));
#4172=IFCDIRECTION((0.,-1.,0.));
#4173=IFCDIRECTION((1.,0.,0.));
#4174=IFCAXIS2PLACEMENT3D(#4171,#4172,#4173);
#4175=IFCDIRECTION((0.,0.,-1.));
#4176=IFCEXTRUDEDAREASOLID(#4170,#4174,#4175,1.2);
#4177=IFCSHAPEREPRESENTATION(#11,'Body','SweptSolid',(#4176));
#4183=IFCCARTESIANPOINT((0.019730329513549361,3.841637008505927E-09,0.));
#4184=IFCDIRECTION((0.,0.,1.));
#4185=IFCDIRECTION((0.99999999999999289,-1.1920928955077312E-07,0.));
#4186=IFCAXIS2PLACEMENT3D(#4183,#4184,#4185);
#4187=IFCLOCALPLACEMENT(#906,#4186);
#4188=IFCCARTESIANPOINT((4.4408920985006262E-16,-2.2204460492503131E-16,0.));
#4189=IFCDIRECTION((0.,0.,1.));
#4190=IFCDIRECTION((0.99999999999999989,0.,0.));
#4191=IFCAXIS2PLACEMENT3D(#4188,#4189,#4190);
#4192=IFCLOCALPLACEMENT(#4187,#4191);
#4193=IFCWINDOWTYPE('2N5ETjSrPCGAlNZx$04o6h',$,'Guest 1-GF',$,$,(#4194),(#4196,#4204,#4252),$,$,.WINDOW.,.SINGLE_PANEL.,$,$);
#4194=IFCPROPERTYSET('1DaQNh4UH6OPJuBz_5LiPt',$,'BBIM_Window',$,(#4195));
#4195=IFCPROPERTYSINGLEVALUE('Data',$,IFCTEXT('{"window_type": "DOUBLE_PANEL_HORIZONTAL", "overall_height": 0.8999999761581421, "overall_width": 1.2281278371810913, "lining_properties": {"lining_depth": 0.05000000074505806, "lining_thickness": 0.05000000074505806, "lining_offset": 0.05000000074505806, "lining_to_panel_offset_x": 0.02500000037252903, "lining_to_panel_offset_y": 0.02500000037252903, "transom_thickness": 0.05000000074505806, "first_transom_offset": 0.44999998807907104}, "panel_properties": {"frame_depth": [0.03500000014901161, 0.03500000014901161, 0.03500000014901161], "frame_thickness": [0.03500000014901161, 0.03500000014901161, 0.03500000014901161]}}'),$);
#4196=IFCREPRESENTATIONMAP(#4197,#4539);
#4197=IFCAXIS2PLACEMENT3D(#4198,#4199,#4200);
#4198=IFCCARTESIANPOINT((0.,0.,0.));
#4199=IFCDIRECTION((0.,0.,1.));
#4200=IFCDIRECTION((1.,0.,0.));
#4204=IFCREPRESENTATIONMAP(#4205,#4620);
#4205=IFCAXIS2PLACEMENT3D(#4206,#4207,#4208);
#4206=IFCCARTESIANPOINT((0.,0.,0.));
#4207=IFCDIRECTION((0.,0.,1.));
#4208=IFCDIRECTION((1.,0.,0.));
#4252=IFCREPRESENTATIONMAP(#4253,#4637);
#4253=IFCAXIS2PLACEMENT3D(#4254,#4255,#4256);
#4254=IFCCARTESIANPOINT((0.,0.,0.));
#4255=IFCDIRECTION((0.,0.,1.));
#4256=IFCDIRECTION((1.,0.,0.));
#4274=IFCWINDOW('1YPZHcOfX86884L8Q1RdN1',$,'Window',$,$,#4662,#4284,$,0.89999997615814209,1.2281278371810913,$,.DOUBLE_PANEL_HORIZONTAL.,$);
#4276=IFCRELDEFINESBYTYPE('3GMICHeG1CIQ_pwL_9QEVD',$,$,$,(#4274),#4193);
#4277=IFCCARTESIANPOINT((0.,0.,0.));
#4278=IFCDIRECTION((1.,0.,0.));
#4279=IFCDIRECTION((0.,1.,0.));
#4280=IFCDIRECTION((0.,0.,1.));
#4281=IFCCARTESIANTRANSFORMATIONOPERATOR3D(#4278,#4279,#4277,1.,#4280);
#4282=IFCMAPPEDITEM(#4196,#4281);
#4283=IFCSHAPEREPRESENTATION(#18,'Profile','MappedRepresentation',(#4282));
#4284=IFCPRODUCTDEFINITIONSHAPE($,$,(#4283,#4291,#4298));
#4285=IFCCARTESIANPOINT((0.,0.,0.));
#4286=IFCDIRECTION((1.,0.,0.));
#4287=IFCDIRECTION((0.,1.,0.));
#4288=IFCDIRECTION((0.,0.,1.));
#4289=IFCCARTESIANTRANSFORMATIONOPERATOR3D(#4286,#4287,#4285,1.,#4288);
#4290=IFCMAPPEDITEM(#4204,#4289);
#4291=IFCSHAPEREPRESENTATION(#11,'Body','MappedRepresentation',(#4290));
#4292=IFCCARTESIANPOINT((0.,0.,0.));
#4293=IFCDIRECTION((1.,0.,0.));
#4294=IFCDIRECTION((0.,1.,0.));
#4295=IFCDIRECTION((0.,0.,1.));
#4296=IFCCARTESIANTRANSFORMATIONOPERATOR3D(#4293,#4294,#4292,1.,#4295);
#4297=IFCMAPPEDITEM(#4252,#4296);
#4298=IFCSHAPEREPRESENTATION(#24,'Body','MappedRepresentation',(#4297));
#4299=IFCOPENINGELEMENT('0Yntv5QA96oPy12ZxQ0QFV',$,'Opening',$,$,#4657,#4327,$,.OPENING.);
#4315=IFCCARTESIANPOINT((0.,0.,0.));
#4316=IFCDIRECTION((1.,0.,0.));
#4317=IFCDIRECTION((0.,0.,1.));
#4318=IFCAXIS2PLACEMENT3D(#4315,#4317,#4316);
#4319=IFCREPRESENTATIONMAP(#4318,#4647);
#4320=IFCCARTESIANPOINT((0.,0.,0.));
#4321=IFCDIRECTION((1.,0.,0.));
#4322=IFCDIRECTION((0.,1.,0.));
#4323=IFCDIRECTION((0.,0.,1.));
#4324=IFCCARTESIANTRANSFORMATIONOPERATOR3D(#4321,#4322,#4320,1.,#4323);
#4325=IFCMAPPEDITEM(#4319,#4324);
#4326=IFCSHAPEREPRESENTATION(#11,'Body','MappedRepresentation',(#4325));
#4327=IFCPRODUCTDEFINITIONSHAPE($,$,(#4326));
#4328=IFCRELVOIDSELEMENT('0pOFSRtgz2je83LczBBzkt',$,$,$,#366,#4299);
#4334=IFCRELFILLSELEMENT('0O8OgkAd50TeSG5xYQymci',$,$,$,#4299,#4274);
#4343=IFCCARTESIANPOINTLIST2D(((0.,0.),(1.6512742042541504,0.),(1.6512742042541504,0.89999997615814209),(0.,0.89999997615814209)));
#4344=IFCINDEXEDPOLYCURVE(#4343,(IFCLINEINDEX((1,2,3,4,1))),$);
#4345=IFCCARTESIANPOINTLIST2D(((0.02500000037252903,0.02500000037252903),(1.6262742038816214,0.02500000037252903),(1.6262742038816214,0.87499997578561306),(0.02500000037252903,0.87499997578561306)));
#4346=IFCINDEXEDPOLYCURVE(#4345,(IFCLINEINDEX((1,2,3,4,1))),$);
#4347=IFCARBITRARYPROFILEDEFWITHVOIDS(.AREA.,$,#4344,(#4346));
#4348=IFCCARTESIANPOINT((0.,0.090000001713633537,0.));
#4349=IFCDIRECTION((0.,-1.,0.));
#4350=IFCDIRECTION((1.,0.,0.));
#4351=IFCAXIS2PLACEMENT3D(#4348,#4349,#4350);
#4352=IFCDIRECTION((0.,0.,-1.));
#4353=IFCEXTRUDEDAREASOLID(#4347,#4351,#4352,0.0099999997764825821);
#4354=IFCCARTESIANPOINTLIST2D(((0.,0.),(1.6512742042541504,0.),(1.6512742042541504,0.89999997615814209),(0.,0.89999997615814209)));
#4355=IFCINDEXEDPOLYCURVE(#4354,(IFCLINEINDEX((1,2,3,4,1))),$);
#4356=IFCCARTESIANPOINTLIST2D(((0.05000000074505806,0.05000000074505806),(1.6012742035090923,0.05000000074505806),(1.6012742035090923,0.84999997541308403),(0.05000000074505806,0.84999997541308403)));
#4357=IFCINDEXEDPOLYCURVE(#4356,(IFCLINEINDEX((1,2,3,4,1))),$);
#4358=IFCARBITRARYPROFILEDEFWITHVOIDS(.AREA.,$,#4355,(#4357));
#4359=IFCCARTESIANPOINT((0.,0.05000000074505806,0.));
#4360=IFCDIRECTION((0.,-1.,0.));
#4361=IFCDIRECTION((1.,0.,0.));
#4362=IFCAXIS2PLACEMENT3D(#4359,#4360,#4361);
#4363=IFCDIRECTION((0.,0.,-1.));
#4364=IFCEXTRUDEDAREASOLID(#4358,#4362,#4363,0.040000000968575478);
#4365=IFCCARTESIANPOINTLIST2D(((0.,0.),(1.6012742035090923,0.),(1.6012742035090923,0.84999997541308403),(0.,0.84999997541308403)));
#4366=IFCINDEXEDPOLYCURVE(#4365,(IFCLINEINDEX((1,2,3,4,1))),$);
#4367=IFCCARTESIANPOINTLIST2D(((0.035000000149011612,0.035000000149011612),(1.5662742033600807,0.035000000149011612),(1.5662742033600807,0.81499997526407242),(0.035000000149011612,0.81499997526407242)));
#4368=IFCINDEXEDPOLYCURVE(#4367,(IFCLINEINDEX((1,2,3,4,1))),$);
#4369=IFCARBITRARYPROFILEDEFWITHVOIDS(.AREA.,$,#4366,(#4368));
#4370=IFCCARTESIANPOINT((0.02500000037252903,0.090000001713633537,0.02500000037252903));
#4371=IFCDIRECTION((0.,-1.,0.));
#4372=IFCDIRECTION((1.,0.,0.));
#4373=IFCAXIS2PLACEMENT3D(#4370,#4371,#4372);
#4374=IFCDIRECTION((0.,0.,-1.));
#4375=IFCEXTRUDEDAREASOLID(#4369,#4373,#4374,0.035000000149011612);
#4376=IFCINDEXEDPOLYCURVE(#4377,(IFCLINEINDEX((1,2,3,4,1))),$);
#4377=IFCCARTESIANPOINTLIST2D(((0.035000000149011612,0.035000000149011612),(1.5662742033600807,0.035000000149011612),(1.5662742033600807,0.81499997526407242),(0.035000000149011612,0.81499997526407242)));
#4378=IFCARBITRARYCLOSEDPROFILEDEF(.AREA.,$,#4376);
#4379=IFCCARTESIANPOINT((0.02500000037252903,0.10250000178813934,0.02500000037252903));
#4380=IFCDIRECTION((0.,-1.,0.));
#4381=IFCDIRECTION((1.,0.,0.));
#4382=IFCAXIS2PLACEMENT3D(#4379,#4380,#4381);
#4383=IFCDIRECTION((0.,0.,-1.));
#4384=IFCEXTRUDEDAREASOLID(#4378,#4382,#4383,0.01);
#4386=IFCSHAPEREPRESENTATION(#11,'Body','SweptSolid',(#4559,#4548,#4588,#4447,#4458,#4353,#4364,#4599));
#4387=IFCSHAPEASPECT((#4386),'Lining',$,.T.,#4284);
#4388=IFCSHAPEREPRESENTATION(#11,'Body','SweptSolid',(#4610,#4469,#4570,#4375));
#4389=IFCSHAPEASPECT((#4388),'Framing',$,.T.,#4284);
#4390=IFCSHAPEREPRESENTATION(#11,'Body','SweptSolid',(#4579,#4384,#4619,#4478));
#4391=IFCSHAPEASPECT((#4390),'Glazing',$,.T.,#4284);
#4437=IFCCARTESIANPOINTLIST2D(((0.,0.),(1.4391531944274902,0.),(1.4391531944274902,0.89999997615814209),(0.,0.89999997615814209)));
#4438=IFCINDEXEDPOLYCURVE(#4437,(IFCLINEINDEX((1,2,3,4,1))),$);
#4439=IFCCARTESIANPOINTLIST2D(((0.02500000037252903,0.02500000037252903),(1.4141531940549612,0.02500000037252903),(1.4141531940549612,0.87499997578561306),(0.02500000037252903,0.87499997578561306)));
#4440=IFCINDEXEDPOLYCURVE(#4439,(IFCLINEINDEX((1,2,3,4,1))),$);
#4441=IFCARBITRARYPROFILEDEFWITHVOIDS(.AREA.,$,#4438,(#4440));
#4442=IFCCARTESIANPOINT((0.,0.090000001713633537,0.));
#4443=IFCDIRECTION((0.,-1.,0.));
#4444=IFCDIRECTION((1.,0.,0.));
#4445=IFCAXIS2PLACEMENT3D(#4442,#4443,#4444);
#4446=IFCDIRECTION((0.,0.,-1.));
#4447=IFCEXTRUDEDAREASOLID(#4441,#4445,#4446,0.0099999997764825821);
#4448=IFCCARTESIANPOINTLIST2D(((0.,0.),(1.4391531944274902,0.),(1.4391531944274902,0.89999997615814209),(0.,0.89999997615814209)));
#4449=IFCINDEXEDPOLYCURVE(#4448,(IFCLINEINDEX((1,2,3,4,1))),$);
#4450=IFCCARTESIANPOINTLIST2D(((0.05000000074505806,0.05000000074505806),(1.3891531936824322,0.05000000074505806),(1.3891531936824322,0.84999997541308403),(0.05000000074505806,0.84999997541308403)));
#4451=IFCINDEXEDPOLYCURVE(#4450,(IFCLINEINDEX((1,2,3,4,1))),$);
#4452=IFCARBITRARYPROFILEDEFWITHVOIDS(.AREA.,$,#4449,(#4451));
#4453=IFCCARTESIANPOINT((0.,0.05000000074505806,0.));
#4454=IFCDIRECTION((0.,-1.,0.));
#4455=IFCDIRECTION((1.,0.,0.));
#4456=IFCAXIS2PLACEMENT3D(#4453,#4454,#4455);
#4457=IFCDIRECTION((0.,0.,-1.));
#4458=IFCEXTRUDEDAREASOLID(#4452,#4456,#4457,0.040000000968575478);
#4459=IFCCARTESIANPOINTLIST2D(((0.,0.),(1.3891531936824322,0.),(1.3891531936824322,0.84999997541308403),(0.,0.84999997541308403)));
#4460=IFCINDEXEDPOLYCURVE(#4459,(IFCLINEINDEX((1,2,3,4,1))),$);
#4461=IFCCARTESIANPOINTLIST2D(((0.035000000149011612,0.035000000149011612),(1.3541531935334206,0.035000000149011612),(1.3541531935334206,0.81499997526407242),(0.035000000149011612,0.81499997526407242)));
#4462=IFCINDEXEDPOLYCURVE(#4461,(IFCLINEINDEX((1,2,3,4,1))),$);
#4463=IFCARBITRARYPROFILEDEFWITHVOIDS(.AREA.,$,#4460,(#4462));
#4464=IFCCARTESIANPOINT((0.02500000037252903,0.090000001713633537,0.02500000037252903));
#4465=IFCDIRECTION((0.,-1.,0.));
#4466=IFCDIRECTION((1.,0.,0.));
#4467=IFCAXIS2PLACEMENT3D(#4464,#4465,#4466);
#4468=IFCDIRECTION((0.,0.,-1.));
#4469=IFCEXTRUDEDAREASOLID(#4463,#4467,#4468,0.035000000149011612);
#4470=IFCINDEXEDPOLYCURVE(#4471,(IFCLINEINDEX((1,2,3,4,1))),$);
#4471=IFCCARTESIANPOINTLIST2D(((0.035000000149011612,0.035000000149011612),(1.3541531935334206,0.035000000149011612),(1.3541531935334206,0.81499997526407242),(0.035000000149011612,0.81499997526407242)));
#4472=IFCARBITRARYCLOSEDPROFILEDEF(.AREA.,$,#4470);
#4473=IFCCARTESIANPOINT((0.02500000037252903,0.10250000178813934,0.02500000037252903));
#4474=IFCDIRECTION((0.,-1.,0.));
#4475=IFCDIRECTION((1.,0.,0.));
#4476=IFCAXIS2PLACEMENT3D(#4473,#4474,#4475);
#4477=IFCDIRECTION((0.,0.,-1.));
#4478=IFCEXTRUDEDAREASOLID(#4472,#4476,#4477,0.01);
#4537=IFCCARTESIANPOINTLIST3D(((0.,0.,0.),(1.2281278371810913,0.,0.),(1.2281278371810913,0.,0.89999997615814209),(0.,0.,0.89999997615814209)));
#4538=IFCINDEXEDPOLYCURVE(#4537,(IFCLINEINDEX((1,2,3,4,1))),$);
#4539=IFCSHAPEREPRESENTATION(#18,'Profile','Curve3D',(#4538));
#4540=IFCCARTESIANPOINTLIST2D(((1.2281278371810913,0.44999998807907104),(1.2281278371810913,0.),(0.,0.),(0.,0.44999998807907104),(0.02500000037252903,0.44999998807907104),(0.02500000037252903,0.02500000037252903),(1.2031278368085623,0.02500000037252903),(1.2031278368085623,0.44999998807907104)));
#4541=IFCINDEXEDPOLYCURVE(#4540,(IFCLINEINDEX((1,2,3,4,5,6,7,8,1))),$);
#4542=IFCARBITRARYCLOSEDPROFILEDEF(.AREA.,$,#4541);
#4543=IFCCARTESIANPOINT((0.,0.090000001713633537,0.));
#4544=IFCDIRECTION((0.,-1.,0.));
#4545=IFCDIRECTION((1.,0.,0.));
#4546=IFCAXIS2PLACEMENT3D(#4543,#4544,#4545);
#4547=IFCDIRECTION((0.,0.,-1.));
#4548=IFCEXTRUDEDAREASOLID(#4542,#4546,#4547,0.0099999997764825821);
#4549=IFCCARTESIANPOINTLIST2D(((0.,0.),(1.2281278371810913,0.),(1.2281278371810913,0.44999998807907104),(0.,0.44999998807907104)));
#4550=IFCINDEXEDPOLYCURVE(#4549,(IFCLINEINDEX((1,2,3,4,1))),$);
#4551=IFCCARTESIANPOINTLIST2D(((0.05000000074505806,0.05000000074505806),(1.1781278364360332,0.05000000074505806),(1.1781278364360332,0.42499998770654202),(0.05000000074505806,0.42499998770654202)));
#4552=IFCINDEXEDPOLYCURVE(#4551,(IFCLINEINDEX((1,2,3,4,1))),$);
#4553=IFCARBITRARYPROFILEDEFWITHVOIDS(.AREA.,$,#4550,(#4552));
#4554=IFCCARTESIANPOINT((0.,0.05000000074505806,0.));
#4555=IFCDIRECTION((0.,-1.,0.));
#4556=IFCDIRECTION((1.,0.,0.));
#4557=IFCAXIS2PLACEMENT3D(#4554,#4555,#4556);
#4558=IFCDIRECTION((0.,0.,-1.));
#4559=IFCEXTRUDEDAREASOLID(#4553,#4557,#4558,0.040000000968575478);
#4560=IFCCARTESIANPOINTLIST2D(((0.,0.),(1.1781278364360332,0.),(1.1781278364360332,0.42499998770654202),(0.,0.42499998770654202)));
#4561=IFCINDEXEDPOLYCURVE(#4560,(IFCLINEINDEX((1,2,3,4,1))),$);
#4562=IFCCARTESIANPOINTLIST2D(((0.035000000149011612,0.035000000149011612),(1.1431278362870216,0.035000000149011612),(1.1431278362870216,0.3899999875575304),(0.035000000149011612,0.3899999875575304)));
#4563=IFCINDEXEDPOLYCURVE(#4562,(IFCLINEINDEX((1,2,3,4,1))),$);
#4564=IFCARBITRARYPROFILEDEFWITHVOIDS(.AREA.,$,#4561,(#4563));
#4565=IFCCARTESIANPOINT((0.02500000037252903,0.090000001713633537,0.02500000037252903));
#4566=IFCDIRECTION((0.,-1.,0.));
#4567=IFCDIRECTION((1.,0.,0.));
#4568=IFCAXIS2PLACEMENT3D(#4565,#4566,#4567);
#4569=IFCDIRECTION((0.,0.,-1.));
#4570=IFCEXTRUDEDAREASOLID(#4564,#4568,#4569,0.035000000149011612);
#4571=IFCINDEXEDPOLYCURVE(#4572,(IFCLINEINDEX((1,2,3,4,1))),$);
#4572=IFCCARTESIANPOINTLIST2D(((0.035000000149011612,0.035000000149011612),(1.1431278362870216,0.035000000149011612),(1.1431278362870216,0.3899999875575304),(0.035000000149011612,0.3899999875575304)));
#4573=IFCARBITRARYCLOSEDPROFILEDEF(.AREA.,$,#4571);
#4574=IFCCARTESIANPOINT((0.02500000037252903,0.10250000178813934,0.02500000037252903));
#4575=IFCDIRECTION((0.,-1.,0.));
#4576=IFCDIRECTION((1.,0.,0.));
#4577=IFCAXIS2PLACEMENT3D(#4574,#4575,#4576);
#4578=IFCDIRECTION((0.,0.,-1.));
#4579=IFCEXTRUDEDAREASOLID(#4573,#4577,#4578,0.01);
#4580=IFCCARTESIANPOINTLIST2D(((0.,0.),(0.,0.44999998807907104),(1.2281278371810913,0.44999998807907104),(1.2281278371810913,0.),(1.2031278368085623,0.),(1.2031278368085623,0.42499998770654202),(0.02500000037252903,0.42499998770654202),(0.02500000037252903,0.)));
#4581=IFCINDEXEDPOLYCURVE(#4580,(IFCLINEINDEX((1,2,3,4,5,6,7,8,1))),$);
#4582=IFCARBITRARYCLOSEDPROFILEDEF(.AREA.,$,#4581);
#4583=IFCCARTESIANPOINT((0.,0.090000001713633537,0.44999998807907104));
#4584=IFCDIRECTION((0.,-1.,0.));
#4585=IFCDIRECTION((1.,0.,0.));
#4586=IFCAXIS2PLACEMENT3D(#4583,#4584,#4585);
#4587=IFCDIRECTION((0.,0.,-1.));
#4588=IFCEXTRUDEDAREASOLID(#4582,#4586,#4587,0.0099999997764825821);
#4589=IFCCARTESIANPOINTLIST2D(((0.,0.),(1.2281278371810913,0.),(1.2281278371810913,0.44999998807907104),(0.,0.44999998807907104)));
#4590=IFCINDEXEDPOLYCURVE(#4589,(IFCLINEINDEX((1,2,3,4,1))),$);
#4591=IFCCARTESIANPOINTLIST2D(((0.05000000074505806,0.02500000037252903),(1.1781278364360332,0.02500000037252903),(1.1781278364360332,0.39999998733401299),(0.05000000074505806,0.39999998733401299)));
#4592=IFCINDEXEDPOLYCURVE(#4591,(IFCLINEINDEX((1,2,3,4,1))),$);
#4593=IFCARBITRARYPROFILEDEFWITHVOIDS(.AREA.,$,#4590,(#4592));
#4594=IFCCARTESIANPOINT((0.,0.05000000074505806,0.44999998807907104));
#4595=IFCDIRECTION((0.,-1.,0.));
#4596=IFCDIRECTION((1.,0.,0.));
#4597=IFCAXIS2PLACEMENT3D(#4594,#4595,#4596);
#4598=IFCDIRECTION((0.,0.,-1.));
#4599=IFCEXTRUDEDAREASOLID(#4593,#4597,#4598,0.040000000968575478);
#4600=IFCCARTESIANPOINTLIST2D(((0.,0.),(1.1781278364360332,0.),(1.1781278364360332,0.42499998770654202),(0.,0.42499998770654202)));
#4601=IFCINDEXEDPOLYCURVE(#4600,(IFCLINEINDEX((1,2,3,4,1))),$);
#4602=IFCCARTESIANPOINTLIST2D(((0.035000000149011612,0.035000000149011612),(1.1431278362870216,0.035000000149011612),(1.1431278362870216,0.3899999875575304),(0.035000000149011612,0.3899999875575304)));
#4603=IFCINDEXEDPOLYCURVE(#4602,(IFCLINEINDEX((1,2,3,4,1))),$);
#4604=IFCARBITRARYPROFILEDEFWITHVOIDS(.AREA.,$,#4601,(#4603));
#4605=IFCCARTESIANPOINT((0.02500000037252903,0.090000001713633537,0.44999998807907104));
#4606=IFCDIRECTION((0.,-1.,0.));
#4607=IFCDIRECTION((1.,0.,0.));
#4608=IFCAXIS2PLACEMENT3D(#4605,#4606,#4607);
#4609=IFCDIRECTION((0.,0.,-1.));
#4610=IFCEXTRUDEDAREASOLID(#4604,#4608,#4609,0.035000000149011612);
#4611=IFCINDEXEDPOLYCURVE(#4612,(IFCLINEINDEX((1,2,3,4,1))),$);
#4612=IFCCARTESIANPOINTLIST2D(((0.035000000149011612,0.035000000149011612),(1.1431278362870216,0.035000000149011612),(1.1431278362870216,0.3899999875575304),(0.035000000149011612,0.3899999875575304)));
#4613=IFCARBITRARYCLOSEDPROFILEDEF(.AREA.,$,#4611);
#4614=IFCCARTESIANPOINT((0.02500000037252903,0.10250000178813934,0.44999998807907104));
#4615=IFCDIRECTION((0.,-1.,0.));
#4616=IFCDIRECTION((1.,0.,0.));
#4617=IFCAXIS2PLACEMENT3D(#4614,#4615,#4616);
#4618=IFCDIRECTION((0.,0.,-1.));
#4619=IFCEXTRUDEDAREASOLID(#4613,#4617,#4618,0.01);
#4620=IFCSHAPEREPRESENTATION(#11,'Body','SweptSolid',(#4548,#4559,#4570,#4579,#4588,#4599,#4610,#4619));
#4621=IFCCARTESIANPOINTLIST2D(((0.05000000074505806,0.05000000074505806),(1.1781278364360332,0.05000000074505806)));
#4622=IFCINDEXEDPOLYCURVE(#4621,$,$);
#4623=IFCCARTESIANPOINTLIST2D(((0.,0.10000000149011612),(0.02500000037252903,0.10000000149011612),(0.02500000037252903,0.090000001713633537),(0.05000000074505806,0.090000001713633537),(0.05000000074505806,0.05000000074505806),(0.,0.05000000074505806)));
#4624=IFCINDEXEDPOLYCURVE(#4623,(IFCLINEINDEX((1,2,3,4,5,6,1))),$);
#4625=IFCCARTESIANPOINTLIST2D(((1.2281278371810913,0.10000000149011612),(1.2031278368085623,0.10000000149011612),(1.2031278368085623,0.090000001713633537),(1.1781278364360332,0.090000001713633537),(1.1781278364360332,0.05000000074505806),(1.2281278371810913,0.05000000074505806)));
#4626=IFCINDEXEDPOLYCURVE(#4625,(IFCLINEINDEX((1,2,3,4,5,6,1))),$);
#4627=IFCCARTESIANPOINTLIST2D(((0.02500000037252903,0.090000001713633537),(0.060000000521540642,0.090000001713633537),(0.060000000521540642,0.12500000186264515),(0.02500000037252903,0.12500000186264515)));
#4628=IFCINDEXEDPOLYCURVE(#4627,(IFCLINEINDEX((1,2,3,4,1))),$);
#4629=IFCINDEXEDPOLYCURVE(#4630,(IFCLINEINDEX((1,2,3,4,1))),$);
#4630=IFCCARTESIANPOINTLIST2D(((1.2031278368085623,0.090000001713633537),(1.1681278366595507,0.090000001713633537),(1.1681278366595507,0.12500000186264515),(1.2031278368085623,0.12500000186264515)));
#4631=IFCCARTESIANPOINTLIST2D(((0.060000000521540642,0.090000001713633537),(1.1681278366595507,0.090000001713633537)));
#4632=IFCINDEXEDPOLYCURVE(#4631,$,$);
#4633=IFCINDEXEDPOLYCURVE(#4634,$,$);
#4634=IFCCARTESIANPOINTLIST2D(((0.060000000521540642,0.12500000186264515),(1.1681278366595507,0.12500000186264515)));
#4635=IFCINDEXEDPOLYCURVE(#4636,$,$);
#4636=IFCCARTESIANPOINTLIST2D(((0.060000000521540642,0.10750000178813934),(1.1681278366595507,0.10750000178813934)));
#4637=IFCSHAPEREPRESENTATION(#24,'Body','Curve2D',(#4622,#4624,#4626,#4628,#4629,#4632,#4633,#4635));
#4638=IFCCARTESIANPOINTLIST2D(((0.,0.),(1.2281278371810913,0.),(1.2281278371810913,0.89999997615814209),(0.,0.89999997615814209)));
#4639=IFCINDEXEDPOLYCURVE(#4638,(IFCLINEINDEX((1,2,3,4,1))),$);
#4640=IFCARBITRARYCLOSEDPROFILEDEF(.AREA.,$,#4639);
#4641=IFCCARTESIANPOINT((0.,-0.60000002384185791,0.));
#4642=IFCDIRECTION((0.,-1.,0.));
#4643=IFCDIRECTION((1.,0.,0.));
#4644=IFCAXIS2PLACEMENT3D(#4641,#4642,#4643);
#4645=IFCDIRECTION((0.,0.,-1.));
#4646=IFCEXTRUDEDAREASOLID(#4640,#4644,#4645,1.2);
#4647=IFCSHAPEREPRESENTATION(#11,'Body','SweptSolid',(#4646));
#4653=IFCCARTESIANPOINT((1.0492587999967662,-0.024999663233757019,1.));
#4654=IFCDIRECTION((0.,0.,1.));
#4655=IFCDIRECTION((0.99999999999997158,-2.3841857910155572E-07,0.));
#4656=IFCAXIS2PLACEMENT3D(#4653,#4654,#4655);
#4657=IFCLOCALPLACEMENT(#688,#4656);
#4658=IFCCARTESIANPOINT((0.,0.,0.));
#4659=IFCDIRECTION((0.,0.,1.));
#4660=IFCDIRECTION((1.,0.,0.));
#4661=IFCAXIS2PLACEMENT3D(#4658,#4659,#4660);
#4662=IFCLOCALPLACEMENT(#4657,#4661);
#4663=IFCWINDOWTYPE('38zGa7$NP7Y9_qaa6vskoM',$,'Guest 2-GF',$,$,(#4664),(#4666,#4674,#4760),$,$,.WINDOW.,.SINGLE_PANEL.,$,$);
#4664=IFCPROPERTYSET('25ksGa4D14fwITSviOKYJA',$,'BBIM_Window',$,(#4665));
#4665=IFCPROPERTYSINGLEVALUE('Data',$,IFCTEXT('{"window_type": "DOUBLE_PANEL_HORIZONTAL", "overall_height": 0.8999999761581421, "overall_width": 0.846272349357605, "lining_properties": {"lining_depth": 0.05000000074505806, "lining_thickness": 0.05000000074505806, "lining_offset": 0.05000000074505806, "lining_to_panel_offset_x": 0.02500000037252903, "lining_to_panel_offset_y": 0.02500000037252903, "transom_thickness": 0.05000000074505806, "first_transom_offset": 0.44999998807907104}, "panel_properties": {"frame_depth": [0.03500000014901161, 0.03500000014901161, 0.03500000014901161], "frame_thickness": [0.03500000014901161, 0.03500000014901161, 0.03500000014901161]}}'),$);
#4666=IFCREPRESENTATIONMAP(#4667,#4997);
#4667=IFCAXIS2PLACEMENT3D(#4668,#4669,#4670);
#4668=IFCCARTESIANPOINT((0.,0.,0.));
#4669=IFCDIRECTION((0.,0.,1.));
#4670=IFCDIRECTION((1.,0.,0.));
#4674=IFCREPRESENTATIONMAP(#4675,#5078);
#4675=IFCAXIS2PLACEMENT3D(#4676,#4677,#4678);
#4676=IFCCARTESIANPOINT((0.,0.,0.));
#4677=IFCDIRECTION((0.,0.,1.));
#4678=IFCDIRECTION((1.,0.,0.));
#4760=IFCREPRESENTATIONMAP(#4761,#5095);
#4761=IFCAXIS2PLACEMENT3D(#4762,#4763,#4764);
#4762=IFCCARTESIANPOINT((0.,0.,0.));
#4763=IFCDIRECTION((0.,0.,1.));
#4764=IFCDIRECTION((1.,0.,0.));
#4782=IFCWINDOW('1yRn8jVbnF3wMYbqOPDeG4',$,'Window',$,$,#5120,#4792,$,0.89999997615814209,0.84627234935760498,$,.DOUBLE_PANEL_HORIZONTAL.,$);
#4784=IFCRELDEFINESBYTYPE('0fFiLva55EwuYLS9m6wXLt',$,$,$,(#4782),#4663);
#4785=IFCCARTESIANPOINT((0.,0.,0.));
#4786=IFCDIRECTION((1.,0.,0.));
#4787=IFCDIRECTION((0.,1.,0.));
#4788=IFCDIRECTION((0.,0.,1.));
#4789=IFCCARTESIANTRANSFORMATIONOPERATOR3D(#4786,#4787,#4785,1.,#4788);
#4790=IFCMAPPEDITEM(#4666,#4789);
#4791=IFCSHAPEREPRESENTATION(#18,'Profile','MappedRepresentation',(#4790));
#4792=IFCPRODUCTDEFINITIONSHAPE($,$,(#4791,#4799,#4806));
#4793=IFCCARTESIANPOINT((0.,0.,0.));
#4794=IFCDIRECTION((1.,0.,0.));
#4795=IFCDIRECTION((0.,1.,0.));
#4796=IFCDIRECTION((0.,0.,1.));
#4797=IFCCARTESIANTRANSFORMATIONOPERATOR3D(#4794,#4795,#4793,1.,#4796);
#4798=IFCMAPPEDITEM(#4674,#4797);
#4799=IFCSHAPEREPRESENTATION(#11,'Body','MappedRepresentation',(#4798));
#4800=IFCCARTESIANPOINT((0.,0.,0.));
#4801=IFCDIRECTION((1.,0.,0.));
#4802=IFCDIRECTION((0.,1.,0.));
#4803=IFCDIRECTION((0.,0.,1.));
#4804=IFCCARTESIANTRANSFORMATIONOPERATOR3D(#4801,#4802,#4800,1.,#4803);
#4805=IFCMAPPEDITEM(#4760,#4804);
#4806=IFCSHAPEREPRESENTATION(#24,'Body','MappedRepresentation',(#4805));
#4807=IFCOPENINGELEMENT('28A7nWjAnAfudxK2ke7m$V',$,'Opening',$,$,#5115,#4835,$,.OPENING.);
#4823=IFCCARTESIANPOINT((0.,0.,0.));
#4824=IFCDIRECTION((1.,0.,0.));
#4825=IFCDIRECTION((0.,0.,1.));
#4826=IFCAXIS2PLACEMENT3D(#4823,#4825,#4824);
#4827=IFCREPRESENTATIONMAP(#4826,#5105);
#4828=IFCCARTESIANPOINT((0.,0.,0.));
#4829=IFCDIRECTION((1.,0.,0.));
#4830=IFCDIRECTION((0.,1.,0.));
#4831=IFCDIRECTION((0.,0.,1.));
#4832=IFCCARTESIANTRANSFORMATIONOPERATOR3D(#4829,#4830,#4828,1.,#4831);
#4833=IFCMAPPEDITEM(#4827,#4832);
#4834=IFCSHAPEREPRESENTATION(#11,'Body','MappedRepresentation',(#4833));
#4835=IFCPRODUCTDEFINITIONSHAPE($,$,(#4834));
#4836=IFCRELVOIDSELEMENT('2Yg8_fw51BQ8AEVwxcun1f',$,$,$,#341,#4807);
#4842=IFCRELFILLSELEMENT('0Ogu4Ga0HEihudksUGxD1C',$,$,$,#4807,#4782);
#4851=IFCCARTESIANPOINTLIST2D(((1.2281278371810913,0.44999998807907104),(1.2281278371810913,0.),(0.,0.),(0.,0.44999998807907104),(0.02500000037252903,0.44999998807907104),(0.02500000037252903,0.02500000037252903),(1.2031278368085623,0.02500000037252903),(1.2031278368085623,0.44999998807907104)));
#4852=IFCINDEXEDPOLYCURVE(#4851,(IFCLINEINDEX((1,2,3,4,5,6,7,8,1))),$);
#4853=IFCARBITRARYCLOSEDPROFILEDEF(.AREA.,$,#4852);
#4854=IFCCARTESIANPOINT((0.,0.090000001713633537,0.));
#4855=IFCDIRECTION((0.,-1.,0.));
#4856=IFCDIRECTION((1.,0.,0.));
#4857=IFCAXIS2PLACEMENT3D(#4854,#4855,#4856);
#4858=IFCDIRECTION((0.,0.,-1.));
#4859=IFCEXTRUDEDAREASOLID(#4853,#4857,#4858,0.0099999997764825821);
#4860=IFCCARTESIANPOINTLIST2D(((0.,0.),(1.2281278371810913,0.),(1.2281278371810913,0.44999998807907104),(0.,0.44999998807907104)));
#4861=IFCINDEXEDPOLYCURVE(#4860,(IFCLINEINDEX((1,2,3,4,1))),$);
#4862=IFCCARTESIANPOINTLIST2D(((0.05000000074505806,0.05000000074505806),(1.1781278364360332,0.05000000074505806),(1.1781278364360332,0.42499998770654202),(0.05000000074505806,0.42499998770654202)));
#4863=IFCINDEXEDPOLYCURVE(#4862,(IFCLINEINDEX((1,2,3,4,1))),$);
#4864=IFCARBITRARYPROFILEDEFWITHVOIDS(.AREA.,$,#4861,(#4863));
#4865=IFCCARTESIANPOINT((0.,0.05000000074505806,0.));
#4866=IFCDIRECTION((0.,-1.,0.));
#4867=IFCDIRECTION((1.,0.,0.));
#4868=IFCAXIS2PLACEMENT3D(#4865,#4866,#4867);
#4869=IFCDIRECTION((0.,0.,-1.));
#4870=IFCEXTRUDEDAREASOLID(#4864,#4868,#4869,0.040000000968575478);
#4871=IFCCARTESIANPOINTLIST2D(((0.,0.),(1.1781278364360332,0.),(1.1781278364360332,0.42499998770654202),(0.,0.42499998770654202)));
#4872=IFCINDEXEDPOLYCURVE(#4871,(IFCLINEINDEX((1,2,3,4,1))),$);
#4873=IFCCARTESIANPOINTLIST2D(((0.035000000149011612,0.035000000149011612),(1.1431278362870216,0.035000000149011612),(1.1431278362870216,0.3899999875575304),(0.035000000149011612,0.3899999875575304)));
#4874=IFCINDEXEDPOLYCURVE(#4873,(IFCLINEINDEX((1,2,3,4,1))),$);
#4875=IFCARBITRARYPROFILEDEFWITHVOIDS(.AREA.,$,#4872,(#4874));
#4876=IFCCARTESIANPOINT((0.02500000037252903,0.090000001713633537,0.02500000037252903));
#4877=IFCDIRECTION((0.,-1.,0.));
#4878=IFCDIRECTION((1.,0.,0.));
#4879=IFCAXIS2PLACEMENT3D(#4876,#4877,#4878);
#4880=IFCDIRECTION((0.,0.,-1.));
#4881=IFCEXTRUDEDAREASOLID(#4875,#4879,#4880,0.035000000149011612);
#4882=IFCINDEXEDPOLYCURVE(#4883,(IFCLINEINDEX((1,2,3,4,1))),$);
#4883=IFCCARTESIANPOINTLIST2D(((0.035000000149011612,0.035000000149011612),(1.1431278362870216,0.035000000149011612),(1.1431278362870216,0.3899999875575304),(0.035000000149011612,0.3899999875575304)));
#4884=IFCARBITRARYCLOSEDPROFILEDEF(.AREA.,$,#4882);
#4885=IFCCARTESIANPOINT((0.02500000037252903,0.10250000178813934,0.02500000037252903));
#4886=IFCDIRECTION((0.,-1.,0.));
#4887=IFCDIRECTION((1.,0.,0.));
#4888=IFCAXIS2PLACEMENT3D(#4885,#4886,#4887);
#4889=IFCDIRECTION((0.,0.,-1.));
#4890=IFCEXTRUDEDAREASOLID(#4884,#4888,#4889,0.01);
#4891=IFCCARTESIANPOINTLIST2D(((0.,0.),(0.,0.44999998807907104),(1.2281278371810913,0.44999998807907104),(1.2281278371810913,0.),(1.2031278368085623,0.),(1.2031278368085623,0.42499998770654202),(0.02500000037252903,0.42499998770654202),(0.02500000037252903,0.)));
#4892=IFCINDEXEDPOLYCURVE(#4891,(IFCLINEINDEX((1,2,3,4,5,6,7,8,1))),$);
#4893=IFCARBITRARYCLOSEDPROFILEDEF(.AREA.,$,#4892);
#4894=IFCCARTESIANPOINT((0.,0.090000001713633537,0.44999998807907104));
#4895=IFCDIRECTION((0.,-1.,0.));
#4896=IFCDIRECTION((1.,0.,0.));
#4897=IFCAXIS2PLACEMENT3D(#4894,#4895,#4896);
#4898=IFCDIRECTION((0.,0.,-1.));
#4899=IFCEXTRUDEDAREASOLID(#4893,#4897,#4898,0.0099999997764825821);
#4900=IFCCARTESIANPOINTLIST2D(((0.,0.),(1.2281278371810913,0.),(1.2281278371810913,0.44999998807907104),(0.,0.44999998807907104)));
#4901=IFCINDEXEDPOLYCURVE(#4900,(IFCLINEINDEX((1,2,3,4,1))),$);
#4902=IFCCARTESIANPOINTLIST2D(((0.05000000074505806,0.02500000037252903),(1.1781278364360332,0.02500000037252903),(1.1781278364360332,0.39999998733401299),(0.05000000074505806,0.39999998733401299)));
#4903=IFCINDEXEDPOLYCURVE(#4902,(IFCLINEINDEX((1,2,3,4,1))),$);
#4904=IFCARBITRARYPROFILEDEFWITHVOIDS(.AREA.,$,#4901,(#4903));
#4905=IFCCARTESIANPOINT((0.,0.05000000074505806,0.44999998807907104));
#4906=IFCDIRECTION((0.,-1.,0.));
#4907=IFCDIRECTION((1.,0.,0.));
#4908=IFCAXIS2PLACEMENT3D(#4905,#4906,#4907);
#4909=IFCDIRECTION((0.,0.,-1.));
#4910=IFCEXTRUDEDAREASOLID(#4904,#4908,#4909,0.040000000968575478);
#4911=IFCCARTESIANPOINTLIST2D(((0.,0.),(1.1781278364360332,0.),(1.1781278364360332,0.42499998770654202),(0.,0.42499998770654202)));
#4912=IFCINDEXEDPOLYCURVE(#4911,(IFCLINEINDEX((1,2,3,4,1))),$);
#4913=IFCCARTESIANPOINTLIST2D(((0.035000000149011612,0.035000000149011612),(1.1431278362870216,0.035000000149011612),(1.1431278362870216,0.3899999875575304),(0.035000000149011612,0.3899999875575304)));
#4914=IFCINDEXEDPOLYCURVE(#4913,(IFCLINEINDEX((1,2,3,4,1))),$);
#4915=IFCARBITRARYPROFILEDEFWITHVOIDS(.AREA.,$,#4912,(#4914));
#4916=IFCCARTESIANPOINT((0.02500000037252903,0.090000001713633537,0.44999998807907104));
#4917=IFCDIRECTION((0.,-1.,0.));
#4918=IFCDIRECTION((1.,0.,0.));
#4919=IFCAXIS2PLACEMENT3D(#4916,#4917,#4918);
#4920=IFCDIRECTION((0.,0.,-1.));
#4921=IFCEXTRUDEDAREASOLID(#4915,#4919,#4920,0.035000000149011612);
#4922=IFCINDEXEDPOLYCURVE(#4923,(IFCLINEINDEX((1,2,3,4,1))),$);
#4923=IFCCARTESIANPOINTLIST2D(((0.035000000149011612,0.035000000149011612),(1.1431278362870216,0.035000000149011612),(1.1431278362870216,0.3899999875575304),(0.035000000149011612,0.3899999875575304)));
#4924=IFCARBITRARYCLOSEDPROFILEDEF(.AREA.,$,#4922);
#4925=IFCCARTESIANPOINT((0.02500000037252903,0.10250000178813934,0.44999998807907104));
#4926=IFCDIRECTION((0.,-1.,0.));
#4927=IFCDIRECTION((1.,0.,0.));
#4928=IFCAXIS2PLACEMENT3D(#4925,#4926,#4927);
#4929=IFCDIRECTION((0.,0.,-1.));
#4930=IFCEXTRUDEDAREASOLID(#4924,#4928,#4929,0.01);
#4932=IFCSHAPEREPRESENTATION(#11,'Body','SweptSolid',(#4870,#5057,#5006,#4899,#4910,#5017,#5046,#4859));
#4933=IFCSHAPEASPECT((#4932),'Lining',$,.T.,#4792);
#4934=IFCSHAPEREPRESENTATION(#11,'Body','SweptSolid',(#4921,#5068,#4881,#5028));
#4935=IFCSHAPEASPECT((#4934),'Framing',$,.T.,#4792);
#4936=IFCSHAPEREPRESENTATION(#11,'Body','SweptSolid',(#4930,#5077,#4890,#5037));
#4937=IFCSHAPEASPECT((#4936),'Glazing',$,.T.,#4792);
#4995=IFCCARTESIANPOINTLIST3D(((0.,0.,0.),(0.84627234935760498,0.,0.),(0.84627234935760498,0.,0.89999997615814209),(0.,0.,0.89999997615814209)));
#4996=IFCINDEXEDPOLYCURVE(#4995,(IFCLINEINDEX((1,2,3,4,1))),$);
#4997=IFCSHAPEREPRESENTATION(#18,'Profile','Curve3D',(#4996));
#4998=IFCCARTESIANPOINTLIST2D(((0.84627234935760498,0.44999998807907104),(0.84627234935760498,0.),(0.,0.),(0.,0.44999998807907104),(0.02500000037252903,0.44999998807907104),(0.02500000037252903,0.02500000037252903),(0.82127234898507595,0.02500000037252903),(0.82127234898507595,0.44999998807907104)));
#4999=IFCINDEXEDPOLYCURVE(#4998,(IFCLINEINDEX((1,2,3,4,5,6,7,8,1))),$);
#5000=IFCARBITRARYCLOSEDPROFILEDEF(.AREA.,$,#4999);
#5001=IFCCARTESIANPOINT((0.,0.090000001713633537,0.));
#5002=IFCDIRECTION((0.,-1.,0.));
#5003=IFCDIRECTION((1.,0.,0.));
#5004=IFCAXIS2PLACEMENT3D(#5001,#5002,#5003);
#5005=IFCDIRECTION((0.,0.,-1.));
#5006=IFCEXTRUDEDAREASOLID(#5000,#5004,#5005,0.0099999997764825821);
#5007=IFCCARTESIANPOINTLIST2D(((0.,0.),(0.84627234935760498,0.),(0.84627234935760498,0.44999998807907104),(0.,0.44999998807907104)));
#5008=IFCINDEXEDPOLYCURVE(#5007,(IFCLINEINDEX((1,2,3,4,1))),$);
#5009=IFCCARTESIANPOINTLIST2D(((0.05000000074505806,0.05000000074505806),(0.79627234861254692,0.05000000074505806),(0.79627234861254692,0.42499998770654202),(0.05000000074505806,0.42499998770654202)));
#5010=IFCINDEXEDPOLYCURVE(#5009,(IFCLINEINDEX((1,2,3,4,1))),$);
#5011=IFCARBITRARYPROFILEDEFWITHVOIDS(.AREA.,$,#5008,(#5010));
#5012=IFCCARTESIANPOINT((0.,0.05000000074505806,0.));
#5013=IFCDIRECTION((0.,-1.,0.));
#5014=IFCDIRECTION((1.,0.,0.));
#5015=IFCAXIS2PLACEMENT3D(#5012,#5013,#5014);
#5016=IFCDIRECTION((0.,0.,-1.));
#5017=IFCEXTRUDEDAREASOLID(#5011,#5015,#5016,0.040000000968575478);
#5018=IFCCARTESIANPOINTLIST2D(((0.,0.),(0.79627234861254692,0.),(0.79627234861254692,0.42499998770654202),(0.,0.42499998770654202)));
#5019=IFCINDEXEDPOLYCURVE(#5018,(IFCLINEINDEX((1,2,3,4,1))),$);
#5020=IFCCARTESIANPOINTLIST2D(((0.035000000149011612,0.035000000149011612),(0.76127234846353531,0.035000000149011612),(0.76127234846353531,0.3899999875575304),(0.035000000149011612,0.3899999875575304)));
#5021=IFCINDEXEDPOLYCURVE(#5020,(IFCLINEINDEX((1,2,3,4,1))),$);
#5022=IFCARBITRARYPROFILEDEFWITHVOIDS(.AREA.,$,#5019,(#5021));
#5023=IFCCARTESIANPOINT((0.02500000037252903,0.090000001713633537,0.02500000037252903));
#5024=IFCDIRECTION((0.,-1.,0.));
#5025=IFCDIRECTION((1.,0.,0.));
#5026=IFCAXIS2PLACEMENT3D(#5023,#5024,#5025);
#5027=IFCDIRECTION((0.,0.,-1.));
#5028=IFCEXTRUDEDAREASOLID(#5022,#5026,#5027,0.035000000149011612);
#5029=IFCINDEXEDPOLYCURVE(#5030,(IFCLINEINDEX((1,2,3,4,1))),$);
#5030=IFCCARTESIANPOINTLIST2D(((0.035000000149011612,0.035000000149011612),(0.76127234846353531,0.035000000149011612),(0.76127234846353531,0.3899999875575304),(0.035000000149011612,0.3899999875575304)));
#5031=IFCARBITRARYCLOSEDPROFILEDEF(.AREA.,$,#5029);
#5032=IFCCARTESIANPOINT((0.02500000037252903,0.10250000178813934,0.02500000037252903));
#5033=IFCDIRECTION((0.,-1.,0.));
#5034=IFCDIRECTION((1.,0.,0.));
#5035=IFCAXIS2PLACEMENT3D(#5032,#5033,#5034);
#5036=IFCDIRECTION((0.,0.,-1.));
#5037=IFCEXTRUDEDAREASOLID(#5031,#5035,#5036,0.01);
#5038=IFCCARTESIANPOINTLIST2D(((0.,0.),(0.,0.44999998807907104),(0.84627234935760498,0.44999998807907104),(0.84627234935760498,0.),(0.82127234898507595,0.),(0.82127234898507595,0.42499998770654202),(0.02500000037252903,0.42499998770654202),(0.02500000037252903,0.)));
#5039=IFCINDEXEDPOLYCURVE(#5038,(IFCLINEINDEX((1,2,3,4,5,6,7,8,1))),$);
#5040=IFCARBITRARYCLOSEDPROFILEDEF(.AREA.,$,#5039);
#5041=IFCCARTESIANPOINT((0.,0.090000001713633537,0.44999998807907104));
#5042=IFCDIRECTION((0.,-1.,0.));
#5043=IFCDIRECTION((1.,0.,0.));
#5044=IFCAXIS2PLACEMENT3D(#5041,#5042,#5043);
#5045=IFCDIRECTION((0.,0.,-1.));
#5046=IFCEXTRUDEDAREASOLID(#5040,#5044,#5045,0.0099999997764825821);
#5047=IFCCARTESIANPOINTLIST2D(((0.,0.),(0.84627234935760498,0.),(0.84627234935760498,0.44999998807907104),(0.,0.44999998807907104)));
#5048=IFCINDEXEDPOLYCURVE(#5047,(IFCLINEINDEX((1,2,3,4,1))),$);
#5049=IFCCARTESIANPOINTLIST2D(((0.05000000074505806,0.02500000037252903),(0.79627234861254692,0.02500000037252903),(0.79627234861254692,0.39999998733401299),(0.05000000074505806,0.39999998733401299)));
#5050=IFCINDEXEDPOLYCURVE(#5049,(IFCLINEINDEX((1,2,3,4,1))),$);
#5051=IFCARBITRARYPROFILEDEFWITHVOIDS(.AREA.,$,#5048,(#5050));
#5052=IFCCARTESIANPOINT((0.,0.05000000074505806,0.44999998807907104));
#5053=IFCDIRECTION((0.,-1.,0.));
#5054=IFCDIRECTION((1.,0.,0.));
#5055=IFCAXIS2PLACEMENT3D(#5052,#5053,#5054);
#5056=IFCDIRECTION((0.,0.,-1.));
#5057=IFCEXTRUDEDAREASOLID(#5051,#5055,#5056,0.040000000968575478);
#5058=IFCCARTESIANPOINTLIST2D(((0.,0.),(0.79627234861254692,0.),(0.79627234861254692,0.42499998770654202),(0.,0.42499998770654202)));
#5059=IFCINDEXEDPOLYCURVE(#5058,(IFCLINEINDEX((1,2,3,4,1))),$);
#5060=IFCCARTESIANPOINTLIST2D(((0.035000000149011612,0.035000000149011612),(0.76127234846353531,0.035000000149011612),(0.76127234846353531,0.3899999875575304),(0.035000000149011612,0.3899999875575304)));
#5061=IFCINDEXEDPOLYCURVE(#5060,(IFCLINEINDEX((1,2,3,4,1))),$);
#5062=IFCARBITRARYPROFILEDEFWITHVOIDS(.AREA.,$,#5059,(#5061));
#5063=IFCCARTESIANPOINT((0.02500000037252903,0.090000001713633537,0.44999998807907104));
#5064=IFCDIRECTION((0.,-1.,0.));
#5065=IFCDIRECTION((1.,0.,0.));
#5066=IFCAXIS2PLACEMENT3D(#5063,#5064,#5065);
#5067=IFCDIRECTION((0.,0.,-1.));
#5068=IFCEXTRUDEDAREASOLID(#5062,#5066,#5067,0.035000000149011612);
#5069=IFCINDEXEDPOLYCURVE(#5070,(IFCLINEINDEX((1,2,3,4,1))),$);
#5070=IFCCARTESIANPOINTLIST2D(((0.035000000149011612,0.035000000149011612),(0.76127234846353531,0.035000000149011612),(0.76127234846353531,0.3899999875575304),(0.035000000149011612,0.3899999875575304)));
#5071=IFCARBITRARYCLOSEDPROFILEDEF(.AREA.,$,#5069);
#5072=IFCCARTESIANPOINT((0.02500000037252903,0.10250000178813934,0.44999998807907104));
#5073=IFCDIRECTION((0.,-1.,0.));
#5074=IFCDIRECTION((1.,0.,0.));
#5075=IFCAXIS2PLACEMENT3D(#5072,#5073,#5074);
#5076=IFCDIRECTION((0.,0.,-1.));
#5077=IFCEXTRUDEDAREASOLID(#5071,#5075,#5076,0.01);
#5078=IFCSHAPEREPRESENTATION(#11,'Body','SweptSolid',(#5006,#5017,#5028,#5037,#5046,#5057,#5068,#5077));
#5079=IFCCARTESIANPOINTLIST2D(((0.05000000074505806,0.05000000074505806),(0.79627234861254692,0.05000000074505806)));
#5080=IFCINDEXEDPOLYCURVE(#5079,$,$);
#5081=IFCCARTESIANPOINTLIST2D(((0.,0.10000000149011612),(0.02500000037252903,0.10000000149011612),(0.02500000037252903,0.090000001713633537),(0.05000000074505806,0.090000001713633537),(0.05000000074505806,0.05000000074505806),(0.,0.05000000074505806)));
#5082=IFCINDEXEDPOLYCURVE(#5081,(IFCLINEINDEX((1,2,3,4,5,6,1))),$);
#5083=IFCCARTESIANPOINTLIST2D(((0.84627234935760498,0.10000000149011612),(0.82127234898507595,0.10000000149011612),(0.82127234898507595,0.090000001713633537),(0.79627234861254692,0.090000001713633537),(0.79627234861254692,0.05000000074505806),(0.84627234935760498,0.05000000074505806)));
#5084=IFCINDEXEDPOLYCURVE(#5083,(IFCLINEINDEX((1,2,3,4,5,6,1))),$);
#5085=IFCCARTESIANPOINTLIST2D(((0.02500000037252903,0.090000001713633537),(0.060000000521540642,0.090000001713633537),(0.060000000521540642,0.12500000186264515),(0.02500000037252903,0.12500000186264515)));
#5086=IFCINDEXEDPOLYCURVE(#5085,(IFCLINEINDEX((1,2,3,4,1))),$);
#5087=IFCINDEXEDPOLYCURVE(#5088,(IFCLINEINDEX((1,2,3,4,1))),$);
#5088=IFCCARTESIANPOINTLIST2D(((0.82127234898507595,0.090000001713633537),(0.78627234883606434,0.090000001713633537),(0.78627234883606434,0.12500000186264515),(0.82127234898507595,0.12500000186264515)));
#5089=IFCCARTESIANPOINTLIST2D(((0.060000000521540642,0.090000001713633537),(0.78627234883606434,0.090000001713633537)));
#5090=IFCINDEXEDPOLYCURVE(#5089,$,$);
#5091=IFCINDEXEDPOLYCURVE(#5092,$,$);
#5092=IFCCARTESIANPOINTLIST2D(((0.060000000521540642,0.12500000186264515),(0.78627234883606434,0.12500000186264515)));
#5093=IFCINDEXEDPOLYCURVE(#5094,$,$);
#5094=IFCCARTESIANPOINTLIST2D(((0.060000000521540642,0.10750000178813934),(0.78627234883606434,0.10750000178813934)));
#5095=IFCSHAPEREPRESENTATION(#24,'Body','Curve2D',(#5080,#5082,#5084,#5086,#5087,#5090,#5091,#5093));
#5096=IFCCARTESIANPOINTLIST2D(((0.,0.),(0.84627234935760498,0.),(0.84627234935760498,0.89999997615814209),(0.,0.89999997615814209)));
#5097=IFCINDEXEDPOLYCURVE(#5096,(IFCLINEINDEX((1,2,3,4,1))),$);
#5098=IFCARBITRARYCLOSEDPROFILEDEF(.AREA.,$,#5097);
#5099=IFCCARTESIANPOINT((0.,-0.60000002384185791,0.));
#5100=IFCDIRECTION((0.,-1.,0.));
#5101=IFCDIRECTION((1.,0.,0.));
#5102=IFCAXIS2PLACEMENT3D(#5099,#5100,#5101);
#5103=IFCDIRECTION((0.,0.,-1.));
#5104=IFCEXTRUDEDAREASOLID(#5098,#5102,#5103,1.2);
#5105=IFCSHAPEREPRESENTATION(#11,'Body','SweptSolid',(#5104));
#5111=IFCCARTESIANPOINT((2.9644252811974372,7.2986649790607316E-07,1.));
#5112=IFCDIRECTION((0.,0.,1.));
#5113=IFCDIRECTION((0.99999999999999289,1.1920928244535129E-07,0.));
#5114=IFCAXIS2PLACEMENT3D(#5111,#5112,#5113);
#5115=IFCLOCALPLACEMENT(#656,#5114);
#5116=IFCCARTESIANPOINT((4.4408920985006262E-16,0.,0.));
#5117=IFCDIRECTION((0.,0.,1.));
#5118=IFCDIRECTION((1.,0.,0.));
#5119=IFCAXIS2PLACEMENT3D(#5116,#5117,#5118);
#5120=IFCLOCALPLACEMENT(#5115,#5119);
#5121=IFCWINDOWTYPE('0zgOKeZ4j6rwfbSSEW5cgk',$,'Maid-GF',$,$,(#5122),(#5124,#5132,#5180),$,$,.WINDOW.,.SINGLE_PANEL.,$,$);
#5122=IFCPROPERTYSET('2zQYdqlQrCbeBbagcJ5__P',$,'BBIM_Window',$,(#5123));
#5123=IFCPROPERTYSINGLEVALUE('Data',$,IFCTEXT('{"window_type": "SINGLE_PANEL", "overall_height": 0.8999999761581421, "overall_width": 0.8380030989646912, "lining_properties": {"lining_depth": 0.05000000074505806, "lining_thickness": 0.05000000074505806, "lining_offset": 0.05000000074505806, "lining_to_panel_offset_x": 0.02500000037252903, "lining_to_panel_offset_y": 0.02500000037252903}, "panel_properties": {"frame_depth": [0.03500000014901161, 0.03500000014901161, 0.03500000014901161], "frame_thickness": [0.03500000014901161, 0.03500000014901161, 0.03500000014901161]}}'),$);
#5124=IFCREPRESENTATIONMAP(#5125,#5364);
#5125=IFCAXIS2PLACEMENT3D(#5126,#5127,#5128);
#5126=IFCCARTESIANPOINT((0.,0.,0.));
#5127=IFCDIRECTION((0.,0.,1.));
#5128=IFCDIRECTION((1.,0.,0.));
#5132=IFCREPRESENTATIONMAP(#5133,#5407);
#5133=IFCAXIS2PLACEMENT3D(#5134,#5135,#5136);
#5134=IFCCARTESIANPOINT((0.,0.,0.));
#5135=IFCDIRECTION((0.,0.,1.));
#5136=IFCDIRECTION((1.,0.,0.));
#5180=IFCREPRESENTATIONMAP(#5181,#5424);
#5181=IFCAXIS2PLACEMENT3D(#5182,#5183,#5184);
#5182=IFCCARTESIANPOINT((0.,0.,0.));
#5183=IFCDIRECTION((0.,0.,1.));
#5184=IFCDIRECTION((1.,0.,0.));
#5202=IFCWINDOW('3yvroNCG500e59fVkXgU2V',$,'Window',$,$,#8151,#5212,$,0.89999997615814209,0.83800309896469116,$,.SINGLE_PANEL.,$);
#5204=IFCRELDEFINESBYTYPE('0YLPw0Xv12qOYgJXFS8a4x',$,$,$,(#5202),#5121);
#5205=IFCCARTESIANPOINT((0.,0.,0.));
#5206=IFCDIRECTION((1.,0.,0.));
#5207=IFCDIRECTION((0.,1.,0.));
#5208=IFCDIRECTION((0.,0.,1.));
#5209=IFCCARTESIANTRANSFORMATIONOPERATOR3D(#5206,#5207,#5205,1.,#5208);
#5210=IFCMAPPEDITEM(#5124,#5209);
#5211=IFCSHAPEREPRESENTATION(#18,'Profile','MappedRepresentation',(#5210));
#5212=IFCPRODUCTDEFINITIONSHAPE($,$,(#5211,#5219,#5226));
#5213=IFCCARTESIANPOINT((0.,0.,0.));
#5214=IFCDIRECTION((1.,0.,0.));
#5215=IFCDIRECTION((0.,1.,0.));
#5216=IFCDIRECTION((0.,0.,1.));
#5217=IFCCARTESIANTRANSFORMATIONOPERATOR3D(#5214,#5215,#5213,1.,#5216);
#5218=IFCMAPPEDITEM(#5132,#5217);
#5219=IFCSHAPEREPRESENTATION(#11,'Body','MappedRepresentation',(#5218));
#5220=IFCCARTESIANPOINT((0.,0.,0.));
#5221=IFCDIRECTION((1.,0.,0.));
#5222=IFCDIRECTION((0.,1.,0.));
#5223=IFCDIRECTION((0.,0.,1.));
#5224=IFCCARTESIANTRANSFORMATIONOPERATOR3D(#5221,#5222,#5220,1.,#5223);
#5225=IFCMAPPEDITEM(#5180,#5224);
#5226=IFCSHAPEREPRESENTATION(#24,'Body','MappedRepresentation',(#5225));
#5227=IFCOPENINGELEMENT('20CmtMo5P29hCB8tHRbB$9',$,'Opening',$,$,#5459,#5255,$,.OPENING.);
#5243=IFCCARTESIANPOINT((0.,0.,0.));
#5244=IFCDIRECTION((1.,0.,0.));
#5245=IFCDIRECTION((0.,0.,1.));
#5246=IFCAXIS2PLACEMENT3D(#5243,#5245,#5244);
#5247=IFCREPRESENTATIONMAP(#5246,#5434);
#5248=IFCCARTESIANPOINT((0.,0.,0.));
#5249=IFCDIRECTION((1.,0.,0.));
#5250=IFCDIRECTION((0.,1.,0.));
#5251=IFCDIRECTION((0.,0.,1.));
#5252=IFCCARTESIANTRANSFORMATIONOPERATOR3D(#5249,#5250,#5248,1.,#5251);
#5253=IFCMAPPEDITEM(#5247,#5252);
#5254=IFCSHAPEREPRESENTATION(#11,'Body','MappedRepresentation',(#5253));
#5255=IFCPRODUCTDEFINITIONSHAPE($,$,(#5254));
#5256=IFCRELVOIDSELEMENT('2JjeNrBf9488CvKdmRdlE9',$,$,$,#316,#5227);
#5262=IFCRELFILLSELEMENT('0Qqu03GPn4NxxP5XAgO_u_',$,$,$,#5227,#5202);
#5271=IFCCARTESIANPOINTLIST2D(((0.,0.),(0.83800309896469116,0.),(0.83800309896469116,0.89999997615814209),(0.,0.89999997615814209)));
#5272=IFCINDEXEDPOLYCURVE(#5271,(IFCLINEINDEX((1,2,3,4,1))),$);
#5273=IFCCARTESIANPOINTLIST2D(((0.02500000037252903,0.02500000037252903),(0.81300309859216213,0.02500000037252903),(0.81300309859216213,0.87499997578561306),(0.02500000037252903,0.87499997578561306)));
#5274=IFCINDEXEDPOLYCURVE(#5273,(IFCLINEINDEX((1,2,3,4,1))),$);
#5275=IFCARBITRARYPROFILEDEFWITHVOIDS(.AREA.,$,#5272,(#5274));
#5276=IFCCARTESIANPOINT((0.,0.090000001713633537,0.));
#5277=IFCDIRECTION((0.,-1.,0.));
#5278=IFCDIRECTION((1.,0.,0.));
#5279=IFCAXIS2PLACEMENT3D(#5276,#5277,#5278);
#5280=IFCDIRECTION((0.,0.,-1.));
#5281=IFCEXTRUDEDAREASOLID(#5275,#5279,#5280,0.0099999997764825821);
#5282=IFCCARTESIANPOINTLIST2D(((0.,0.),(0.83800309896469116,0.),(0.83800309896469116,0.89999997615814209),(0.,0.89999997615814209)));
#5283=IFCINDEXEDPOLYCURVE(#5282,(IFCLINEINDEX((1,2,3,4,1))),$);
#5284=IFCCARTESIANPOINTLIST2D(((0.05000000074505806,0.05000000074505806),(0.7880030982196331,0.05000000074505806),(0.7880030982196331,0.84999997541308403),(0.05000000074505806,0.84999997541308403)));
#5285=IFCINDEXEDPOLYCURVE(#5284,(IFCLINEINDEX((1,2,3,4,1))),$);
#5286=IFCARBITRARYPROFILEDEFWITHVOIDS(.AREA.,$,#5283,(#5285));
#5287=IFCCARTESIANPOINT((0.,0.05000000074505806,0.));
#5288=IFCDIRECTION((0.,-1.,0.));
#5289=IFCDIRECTION((1.,0.,0.));
#5290=IFCAXIS2PLACEMENT3D(#5287,#5288,#5289);
#5291=IFCDIRECTION((0.,0.,-1.));
#5292=IFCEXTRUDEDAREASOLID(#5286,#5290,#5291,0.040000000968575478);
#5293=IFCCARTESIANPOINTLIST2D(((0.,0.),(0.7880030982196331,0.),(0.7880030982196331,0.84999997541308403),(0.,0.84999997541308403)));
#5294=IFCINDEXEDPOLYCURVE(#5293,(IFCLINEINDEX((1,2,3,4,1))),$);
#5295=IFCCARTESIANPOINTLIST2D(((0.035000000149011612,0.035000000149011612),(0.75300309807062149,0.035000000149011612),(0.75300309807062149,0.81499997526407242),(0.035000000149011612,0.81499997526407242)));
#5296=IFCINDEXEDPOLYCURVE(#5295,(IFCLINEINDEX((1,2,3,4,1))),$);
#5297=IFCARBITRARYPROFILEDEFWITHVOIDS(.AREA.,$,#5294,(#5296));
#5298=IFCCARTESIANPOINT((0.02500000037252903,0.090000001713633537,0.02500000037252903));
#5299=IFCDIRECTION((0.,-1.,0.));
#5300=IFCDIRECTION((1.,0.,0.));
#5301=IFCAXIS2PLACEMENT3D(#5298,#5299,#5300);
#5302=IFCDIRECTION((0.,0.,-1.));
#5303=IFCEXTRUDEDAREASOLID(#5297,#5301,#5302,0.035000000149011612);
#5304=IFCINDEXEDPOLYCURVE(#5305,(IFCLINEINDEX((1,2,3,4,1))),$);
#5305=IFCCARTESIANPOINTLIST2D(((0.035000000149011612,0.035000000149011612),(0.75300309807062149,0.035000000149011612),(0.75300309807062149,0.81499997526407242),(0.035000000149011612,0.81499997526407242)));
#5306=IFCARBITRARYCLOSEDPROFILEDEF(.AREA.,$,#5304);
#5307=IFCCARTESIANPOINT((0.02500000037252903,0.10250000178813934,0.02500000037252903));
#5308=IFCDIRECTION((0.,-1.,0.));
#5309=IFCDIRECTION((1.,0.,0.));
#5310=IFCAXIS2PLACEMENT3D(#5307,#5308,#5309);
#5311=IFCDIRECTION((0.,0.,-1.));
#5312=IFCEXTRUDEDAREASOLID(#5306,#5310,#5311,0.01);
#5314=IFCSHAPEREPRESENTATION(#11,'Body','SweptSolid',(#5292,#5375,#5281,#5386));
#5315=IFCSHAPEASPECT((#5314),'Lining',$,.T.,#5212);
#5316=IFCSHAPEREPRESENTATION(#11,'Body','SweptSolid',(#5397,#5303));
#5317=IFCSHAPEASPECT((#5316),'Framing',$,.T.,#5212);
#5318=IFCSHAPEREPRESENTATION(#11,'Body','SweptSolid',(#5312,#5406));
#5319=IFCSHAPEASPECT((#5318),'Glazing',$,.T.,#5212);
#5362=IFCCARTESIANPOINTLIST3D(((0.,0.,0.),(0.83800309896469116,0.,0.),(0.83800309896469116,0.,0.89999997615814209),(0.,0.,0.89999997615814209)));
#5363=IFCINDEXEDPOLYCURVE(#5362,(IFCLINEINDEX((1,2,3,4,1))),$);
#5364=IFCSHAPEREPRESENTATION(#18,'Profile','Curve3D',(#5363));
#5365=IFCCARTESIANPOINTLIST2D(((0.,0.),(0.83800309896469116,0.),(0.83800309896469116,0.89999997615814209),(0.,0.89999997615814209)));
#5366=IFCINDEXEDPOLYCURVE(#5365,(IFCLINEINDEX((1,2,3,4,1))),$);
#5367=IFCCARTESIANPOINTLIST2D(((0.02500000037252903,0.02500000037252903),(0.81300309859216213,0.02500000037252903),(0.81300309859216213,0.87499997578561306),(0.02500000037252903,0.87499997578561306)));
#5368=IFCINDEXEDPOLYCURVE(#5367,(IFCLINEINDEX((1,2,3,4,1))),$);
#5369=IFCARBITRARYPROFILEDEFWITHVOIDS(.AREA.,$,#5366,(#5368));
#5370=IFCCARTESIANPOINT((0.,0.090000001713633537,0.));
#5371=IFCDIRECTION((0.,-1.,0.));
#5372=IFCDIRECTION((1.,0.,0.));
#5373=IFCAXIS2PLACEMENT3D(#5370,#5371,#5372);
#5374=IFCDIRECTION((0.,0.,-1.));
#5375=IFCEXTRUDEDAREASOLID(#5369,#5373,#5374,0.0099999997764825821);
#5376=IFCCARTESIANPOINTLIST2D(((0.,0.),(0.83800309896469116,0.),(0.83800309896469116,0.89999997615814209),(0.,0.89999997615814209)));
#5377=IFCINDEXEDPOLYCURVE(#5376,(IFCLINEINDEX((1,2,3,4,1))),$);
#5378=IFCCARTESIANPOINTLIST2D(((0.05000000074505806,0.05000000074505806),(0.7880030982196331,0.05000000074505806),(0.7880030982196331,0.84999997541308403),(0.05000000074505806,0.84999997541308403)));
#5379=IFCINDEXEDPOLYCURVE(#5378,(IFCLINEINDEX((1,2,3,4,1))),$);
#5380=IFCARBITRARYPROFILEDEFWITHVOIDS(.AREA.,$,#5377,(#5379));
#5381=IFCCARTESIANPOINT((0.,0.05000000074505806,0.));
#5382=IFCDIRECTION((0.,-1.,0.));
#5383=IFCDIRECTION((1.,0.,0.));
#5384=IFCAXIS2PLACEMENT3D(#5381,#5382,#5383);
#5385=IFCDIRECTION((0.,0.,-1.));
#5386=IFCEXTRUDEDAREASOLID(#5380,#5384,#5385,0.040000000968575478);
#5387=IFCCARTESIANPOINTLIST2D(((0.,0.),(0.7880030982196331,0.),(0.7880030982196331,0.84999997541308403),(0.,0.84999997541308403)));
#5388=IFCINDEXEDPOLYCURVE(#5387,(IFCLINEINDEX((1,2,3,4,1))),$);
#5389=IFCCARTESIANPOINTLIST2D(((0.035000000149011612,0.035000000149011612),(0.75300309807062149,0.035000000149011612),(0.75300309807062149,0.81499997526407242),(0.035000000149011612,0.81499997526407242)));
#5390=IFCINDEXEDPOLYCURVE(#5389,(IFCLINEINDEX((1,2,3,4,1))),$);
#5391=IFCARBITRARYPROFILEDEFWITHVOIDS(.AREA.,$,#5388,(#5390));
#5392=IFCCARTESIANPOINT((0.02500000037252903,0.090000001713633537,0.02500000037252903));
#5393=IFCDIRECTION((0.,-1.,0.));
#5394=IFCDIRECTION((1.,0.,0.));
#5395=IFCAXIS2PLACEMENT3D(#5392,#5393,#5394);
#5396=IFCDIRECTION((0.,0.,-1.));
#5397=IFCEXTRUDEDAREASOLID(#5391,#5395,#5396,0.035000000149011612);
#5398=IFCINDEXEDPOLYCURVE(#5399,(IFCLINEINDEX((1,2,3,4,1))),$);
#5399=IFCCARTESIANPOINTLIST2D(((0.035000000149011612,0.035000000149011612),(0.75300309807062149,0.035000000149011612),(0.75300309807062149,0.81499997526407242),(0.035000000149011612,0.81499997526407242)));
#5400=IFCARBITRARYCLOSEDPROFILEDEF(.AREA.,$,#5398);
#5401=IFCCARTESIANPOINT((0.02500000037252903,0.10250000178813934,0.02500000037252903));
#5402=IFCDIRECTION((0.,-1.,0.));
#5403=IFCDIRECTION((1.,0.,0.));
#5404=IFCAXIS2PLACEMENT3D(#5401,#5402,#5403);
#5405=IFCDIRECTION((0.,0.,-1.));
#5406=IFCEXTRUDEDAREASOLID(#5400,#5404,#5405,0.01);
#5407=IFCSHAPEREPRESENTATION(#11,'Body','SweptSolid',(#5375,#5386,#5397,#5406));
#5408=IFCCARTESIANPOINTLIST2D(((0.05000000074505806,0.05000000074505806),(0.7880030982196331,0.05000000074505806)));
#5409=IFCINDEXEDPOLYCURVE(#5408,$,$);
#5410=IFCCARTESIANPOINTLIST2D(((0.,0.10000000149011612),(0.02500000037252903,0.10000000149011612),(0.02500000037252903,0.090000001713633537),(0.05000000074505806,0.090000001713633537),(0.05000000074505806,0.05000000074505806),(0.,0.05000000074505806)));
#5411=IFCINDEXEDPOLYCURVE(#5410,(IFCLINEINDEX((1,2,3,4,5,6,1))),$);
#5412=IFCCARTESIANPOINTLIST2D(((0.83800309896469116,0.10000000149011612),(0.81300309859216213,0.10000000149011612),(0.81300309859216213,0.090000001713633537),(0.7880030982196331,0.090000001713633537),(0.7880030982196331,0.05000000074505806),(0.83800309896469116,0.05000000074505806)));
#5413=IFCINDEXEDPOLYCURVE(#5412,(IFCLINEINDEX((1,2,3,4,5,6,1))),$);
#5414=IFCCARTESIANPOINTLIST2D(((0.02500000037252903,0.090000001713633537),(0.060000000521540642,0.090000001713633537),(0.060000000521540642,0.12500000186264515),(0.02500000037252903,0.12500000186264515)));
#5415=IFCINDEXEDPOLYCURVE(#5414,(IFCLINEINDEX((1,2,3,4,1))),$);
#5416=IFCINDEXEDPOLYCURVE(#5417,(IFCLINEINDEX((1,2,3,4,1))),$);
#5417=IFCCARTESIANPOINTLIST2D(((0.81300309859216213,0.090000001713633537),(0.77800309844315052,0.090000001713633537),(0.77800309844315052,0.12500000186264515),(0.81300309859216213,0.12500000186264515)));
#5418=IFCCARTESIANPOINTLIST2D(((0.060000000521540642,0.090000001713633537),(0.77800309844315052,0.090000001713633537)));
#5419=IFCINDEXEDPOLYCURVE(#5418,$,$);
#5420=IFCINDEXEDPOLYCURVE(#5421,$,$);
#5421=IFCCARTESIANPOINTLIST2D(((0.060000000521540642,0.12500000186264515),(0.77800309844315052,0.12500000186264515)));
#5422=IFCINDEXEDPOLYCURVE(#5423,$,$);
#5423=IFCCARTESIANPOINTLIST2D(((0.060000000521540642,0.10750000178813934),(0.77800309844315052,0.10750000178813934)));
#5424=IFCSHAPEREPRESENTATION(#24,'Body','Curve2D',(#5409,#5411,#5413,#5415,#5416,#5419,#5420,#5422));
#5425=IFCCARTESIANPOINTLIST2D(((0.,0.),(0.83800309896469116,0.),(0.83800309896469116,0.89999997615814209),(0.,0.89999997615814209)));
#5426=IFCINDEXEDPOLYCURVE(#5425,(IFCLINEINDEX((1,2,3,4,1))),$);
#5427=IFCARBITRARYCLOSEDPROFILEDEF(.AREA.,$,#5426);
#5428=IFCCARTESIANPOINT((0.,-0.60000002384185791,0.));
#5429=IFCDIRECTION((0.,-1.,0.));
#5430=IFCDIRECTION((1.,0.,0.));
#5431=IFCAXIS2PLACEMENT3D(#5428,#5429,#5430);
#5432=IFCDIRECTION((0.,0.,-1.));
#5433=IFCEXTRUDEDAREASOLID(#5427,#5431,#5432,1.2);
#5434=IFCSHAPEREPRESENTATION(#11,'Body','SweptSolid',(#5433));
#5455=IFCCARTESIANPOINT((0.74617897943468037,-1.8626433995194702E-07,1.));
#5456=IFCDIRECTION((0.,0.,1.));
#5457=IFCDIRECTION((0.99999999999997158,-2.3841857910149749E-07,0.));
#5458=IFCAXIS2PLACEMENT3D(#5455,#5456,#5457);
#5459=IFCLOCALPLACEMENT(#1426,#5458);
#5465=IFCCARTESIANPOINT((0.,0.,3.));
#5466=IFCDIRECTION((0.,0.,1.));
#5467=IFCDIRECTION((1.,0.,0.));
#5468=IFCAXIS2PLACEMENT3D(#5465,#5466,#5467);
#5469=IFCLOCALPLACEMENT(#56,#5468);
#5471=IFCRELCONTAINEDINSPATIALSTRUCTURE('2y5X4PK614jegftJMwrphY',$,$,$,(#5749,#5649,#6262,#5574,#10517,#8270,#9477,#6480,#6442,#5674,#5774,#5599,#6237,#6862,#5799,#5624,#8678,#10114,#8997,#9185,#8067,#5724,#7367,#6404,#7906,#10888),#39);
#5493=IFCROOFTYPE('07uIl9hKT8WOxszXwUSLwe',$,'Roof1',$,$,(#5494),(#5523,#5551),$,$,.HIP_ROOF.);
#5494=IFCPROPERTYSET('2Lem1nTvb0egM6cY4rYRbU',$,'BBIM_Roof',$,(#5495));
#5495=IFCPROPERTYSINGLEVALUE('Data',$,IFCTEXT('{"roof_type": "HIP/GABLE ROOF", "generation_method": "ANGLE", "roof_thickness": 0.10000000149011612, "rafter_edge_angle": 1.5707963705062866, "angle": 0.1745329201221466, "percentage": 17.63269805908203, "path_data": {"edges": [[0, 1], [1, 2], [2, 3], [3, 0]], "verts": [[-5.0, -5.0, 0.0], [-5.0, 5.0, 0.0], [5.0, 5.0, 0.0], [5.0, -5.0, 0.0]]}}'),$);
#5519=IFCCARTESIANPOINT((0.,0.,0.));
#5520=IFCDIRECTION((1.,0.,0.));
#5521=IFCDIRECTION((0.,0.,1.));
#5522=IFCAXIS2PLACEMENT3D(#5519,#5521,#5520);
#5523=IFCREPRESENTATIONMAP(#5522,#5542);
#5524=IFCINDEXEDPOLYGONALFACE((3,1,2));
#5525=IFCINDEXEDPOLYGONALFACE((2,4,3));
#5526=IFCINDEXEDPOLYGONALFACE((1,3,5));
#5527=IFCINDEXEDPOLYGONALFACE((4,5,3));
#5528=IFCINDEXEDPOLYGONALFACE((6,7,8));
#5529=IFCINDEXEDPOLYGONALFACE((8,2,1));
#5530=IFCINDEXEDPOLYGONALFACE((8,1,6));
#5531=IFCINDEXEDPOLYGONALFACE((8,7,9));
#5532=IFCINDEXEDPOLYGONALFACE((2,8,9));
#5533=IFCINDEXEDPOLYGONALFACE((2,9,4));
#5534=IFCINDEXEDPOLYGONALFACE((10,7,6));
#5535=IFCINDEXEDPOLYGONALFACE((6,1,5));
#5536=IFCINDEXEDPOLYGONALFACE((6,5,10));
#5537=IFCINDEXEDPOLYGONALFACE((9,7,10));
#5538=IFCINDEXEDPOLYGONALFACE((4,9,10));
#5539=IFCINDEXEDPOLYGONALFACE((4,10,5));
#5540=IFCCARTESIANPOINTLIST3D(((-5.,-5.,0.),(5.,-5.,0.),(0.,0.,0.88163489103317261),(5.,5.,0.),(-5.,5.,0.),(-5.,-5.,-0.10154265910387039),(0.,0.,0.78009223937988281),(5.,-5.,-0.10154265910387039),(5.,5.,-0.10154265910387039),(-5.,5.,-0.10154265910387039)));
#5541=IFCPOLYGONALFACESET(#5540,.T.,(#5524,#5525,#5526,#5527,#5528,#5529,#5530,#5531,#5532,#5533,#5534,#5535,#5536,#5537,#5538,#5539),$);
#5542=IFCSHAPEREPRESENTATION(#11,'Body','Tessellation',(#5541));
#5544=IFCCARTESIANPOINT((-5.,-5.,-0.10154265910387039));
#5545=IFCBOUNDINGBOX(#5544,10.,10.,0.9831775426864624);
#5546=IFCSHAPEREPRESENTATION(#13,'Box','BoundingBox',(#5545));
#5547=IFCCARTESIANPOINT((0.,0.,0.));
#5548=IFCDIRECTION((1.,0.,0.));
#5549=IFCDIRECTION((0.,0.,1.));
#5550=IFCAXIS2PLACEMENT3D(#5547,#5549,#5548);
#5551=IFCREPRESENTATIONMAP(#5550,#5546);
#5574=IFCWALL('1kO7gdQQ15RvDiptNugNjO',$,'Wall',$,$,#6742,#5580,$,$);
#5575=IFCMATERIALLAYERSETUSAGE(#89,.AXIS2.,.POSITIVE.,0.,$);
#5576=IFCRELASSOCIATESMATERIAL('0ORPqSU2fAbPmmotC971JY',$,$,$,(#5574),#5575);
#5580=IFCPRODUCTDEFINITIONSHAPE($,$,(#6737,#6734));
#5596=IFCPROPERTYSET('1Onih$Ssf0qgbysW5dS4I2',$,'EPset_Parametric',$,(#5598));
#5597=IFCRELDEFINESBYPROPERTIES('3dzo3QPaH2NvLZjaS0bDc7',$,$,$,(#5574),#5596);
#5598=IFCPROPERTYSINGLEVALUE('Engine',$,IFCLABEL('Bonsai.DumbLayer2'),$);
#5599=IFCWALL('0eQ$Uga9H0hefkk_u$Dbed',$,'Wall',$,$,#5972,#5605,$,$);
#5600=IFCMATERIALLAYERSETUSAGE(#89,.AXIS2.,.POSITIVE.,0.,$);
#5601=IFCRELASSOCIATESMATERIAL('3yL3fE$3z3jOCNR3bekEiS',$,$,$,(#5599),#5600);
#5605=IFCPRODUCTDEFINITIONSHAPE($,$,(#6606,#6603));
#5621=IFCPROPERTYSET('0uiTGL6HrB0AshzRDWdNL2',$,'EPset_Parametric',$,(#5623));
#5622=IFCRELDEFINESBYPROPERTIES('1jd55wXhDFk8qT3xXJFKBb',$,$,$,(#5599),#5621);
#5623=IFCPROPERTYSINGLEVALUE('Engine',$,IFCLABEL('Bonsai.DumbLayer2'),$);
#5624=IFCWALL('2UZqwcoLX1hO8e08jTTDQT',$,'Wall',$,$,#6579,#5630,$,$);
#5625=IFCMATERIALLAYERSETUSAGE(#89,.AXIS2.,.POSITIVE.,0.,$);
#5626=IFCRELASSOCIATESMATERIAL('1sShZj_xLD89_JB$UWLd98',$,$,$,(#5624),#5625);
#5630=IFCPRODUCTDEFINITIONSHAPE($,$,(#6619,#6616));
#5646=IFCPROPERTYSET('0PeFu2YD17mgFCypeHNzaY',$,'EPset_Parametric',$,(#5648));
#5647=IFCRELDEFINESBYPROPERTIES('0WFQljOeTDRR6vlqk3LJf1',$,$,$,(#5624),#5646);
#5648=IFCPROPERTYSINGLEVALUE('Engine',$,IFCLABEL('Bonsai.DumbLayer2'),$);
#5649=IFCWALL('2sr4pK04T3fB6PsecO$rsV',$,'Wall',$,$,#6031,#5655,$,$);
#5650=IFCMATERIALLAYERSETUSAGE(#89,.AXIS2.,.POSITIVE.,0.,$);
#5651=IFCRELASSOCIATESMATERIAL('3nj02SA0v1cuv99AJ5o5Iw',$,$,$,(#5649),#5650);
#5655=IFCPRODUCTDEFINITIONSHAPE($,$,(#6076,#6073));
#5671=IFCPROPERTYSET('3TW14VIwzBFB9k9kBOAZdN',$,'EPset_Parametric',$,(#5673));
#5672=IFCRELDEFINESBYPROPERTIES('1Lx4W_UG55yB6jGOMJeYcG',$,$,$,(#5649),#5671);
#5673=IFCPROPERTYSINGLEVALUE('Engine',$,IFCLABEL('Bonsai.DumbLayer2'),$);
#5674=IFCWALL('0NGjm1LKDCf9yI9Z5yR60z',$,'Wall',$,$,#6063,#5680,$,$);
#5675=IFCMATERIALLAYERSETUSAGE(#89,.AXIS2.,.POSITIVE.,0.,$);
#5676=IFCRELASSOCIATESMATERIAL('1Rppp9oz549AGPOGHtm$SN',$,$,$,(#5674),#5675);
#5680=IFCPRODUCTDEFINITIONSHAPE($,$,(#6547,#6544));
#5696=IFCPROPERTYSET('2YAhFFXo9E9AJbbcOVfBXF',$,'EPset_Parametric',$,(#5698));
#5697=IFCRELDEFINESBYPROPERTIES('0mtu8KcYj57A3nNjnv6HBf',$,$,$,(#5674),#5696);
#5698=IFCPROPERTYSINGLEVALUE('Engine',$,IFCLABEL('Bonsai.DumbLayer2'),$);
#5724=IFCWALL('0wV8GI6ef9Y9XNPRzJVjLW',$,'Wall',$,$,#6520,#5730,$,$);
#5725=IFCMATERIALLAYERSETUSAGE(#89,.AXIS2.,.POSITIVE.,0.,$);
#5726=IFCRELASSOCIATESMATERIAL('2GoPNhEpvC$hS7opo_Ldjs',$,$,$,(#5724),#5725);
#5730=IFCPRODUCTDEFINITIONSHAPE($,$,(#6515,#6512));
#5746=IFCPROPERTYSET('2_HsxWXH51CfLgV7EjsSua',$,'EPset_Parametric',$,(#5748));
#5747=IFCRELDEFINESBYPROPERTIES('19wdynKMD7DeyC23PhQaDg',$,$,$,(#5724),#5746);
#5748=IFCPROPERTYSINGLEVALUE('Engine',$,IFCLABEL('Bonsai.DumbLayer2'),$);
#5749=IFCWALL('3jwVEyyEn96h28DO5SpNxy',$,'Wall',$,$,#6159,#5755,$,$);
#5750=IFCMATERIALLAYERSETUSAGE(#89,.AXIS2.,.POSITIVE.,0.,$);
#5751=IFCRELASSOCIATESMATERIAL('0gnfo5izb6hevmub83FXFE',$,$,$,(#5749),#5750);
#5755=IFCPRODUCTDEFINITIONSHAPE($,$,(#6204,#6201));
#5771=IFCPROPERTYSET('21nDO_1W5DAf4y0CrwUtRV',$,'EPset_Parametric',$,(#5773));
#5772=IFCRELDEFINESBYPROPERTIES('1wMB80c4n2FxaBkiSI4ZJB',$,$,$,(#5749),#5771);
#5773=IFCPROPERTYSINGLEVALUE('Engine',$,IFCLABEL('Bonsai.DumbLayer2'),$);
#5774=IFCWALL('2X_oz8lDP1ZRkG0E6sxPvs',$,'Wall',$,$,#6191,#5780,$,$);
#5775=IFCMATERIALLAYERSETUSAGE(#89,.AXIS2.,.POSITIVE.,0.,$);
#5776=IFCRELASSOCIATESMATERIAL('0_1qZuW4z1Xe4tGQEipqsm',$,$,$,(#5774),#5775);
#5780=IFCPRODUCTDEFINITIONSHAPE($,$,(#6236,#6233));
#5796=IFCPROPERTYSET('1smFtOfuXD3OOCirNUF9jG',$,'EPset_Parametric',$,(#5798));
#5797=IFCRELDEFINESBYPROPERTIES('30eSY$D_X9cO1eHzD9lQ09',$,$,$,(#5774),#5796);
#5798=IFCPROPERTYSINGLEVALUE('Engine',$,IFCLABEL('Bonsai.DumbLayer2'),$);
#5799=IFCWALL('0BZ5f_WK14XRy69bjm73fB',$,'Wall',$,$,#6223,#5805,$,$);
#5800=IFCMATERIALLAYERSETUSAGE(#89,.AXIS2.,.POSITIVE.,0.,$);
#5801=IFCRELASSOCIATESMATERIAL('1BF3kxgJP33uG4Fn18vOUW',$,$,$,(#5799),#5800);
#5805=IFCPRODUCTDEFINITIONSHAPE($,$,(#6724,#6721));
#5821=IFCPROPERTYSET('3PQWu99PL8vAEQB5uvJi3a',$,'EPset_Parametric',$,(#5823));
#5822=IFCRELDEFINESBYPROPERTIES('0BVVcVW3v9YPq8entMcJaR',$,$,$,(#5799),#5821);
#5823=IFCPROPERTYSINGLEVALUE('Engine',$,IFCLABEL('Bonsai.DumbLayer2'),$);
#5954=IFCRELCONNECTSPATHELEMENTS('2CokzsD9v9efsiy5Te74Hd',$,$,$,$,#5599,#5574,(),(),.ATEND.,.ATSTART.);
#5968=IFCCARTESIANPOINT((0.2083487510680887,6.5099700627432711,0.));
#5969=IFCDIRECTION((0.,0.,1.));
#5970=IFCDIRECTION((7.5497901264043123E-08,-0.99999999999999722,0.));
#5971=IFCAXIS2PLACEMENT3D(#5968,#5969,#5970);
#5972=IFCLOCALPLACEMENT(#5469,#5971);
#6013=IFCRELCONNECTSPATHELEMENTS('12AlJjWAH1FA0E7fy6VsHJ',$,$,$,$,#5649,#5624,(),(),.ATEND.,.ATSTART.);
#6027=IFCCARTESIANPOINT((-3.2816512584686945,5.5399708033310775,0.));
#6028=IFCDIRECTION((0.,0.,1.));
#6029=IFCDIRECTION((7.5497901264043123E-08,-0.99999999999999722,0.));
#6030=IFCAXIS2PLACEMENT3D(#6027,#6028,#6029);
#6031=IFCLOCALPLACEMENT(#5469,#6030);
#6045=IFCRELCONNECTSPATHELEMENTS('33AX3SHJz8m9ScHBl3MqwT',$,$,$,$,#5674,#5649,(),(),.ATEND.,.ATSTART.);
#6059=IFCCARTESIANPOINT((-3.2816507186586628,-1.6100296974182129,0.));
#6060=IFCDIRECTION((0.,0.,1.));
#6061=IFCDIRECTION((1.,0.,0.));
#6062=IFCAXIS2PLACEMENT3D(#6059,#6060,#6061);
#6063=IFCLOCALPLACEMENT(#5469,#6062);
#6064=IFCCARTESIANPOINTLIST2D(((0.,0.),(0.10000004649123768,0.10000000000000001),(7.0500005082990995,0.10000000000000001),(7.1500005007493099,0.)));
#6065=IFCINDEXEDPOLYCURVE(#6064,(IFCLINEINDEX((1,2,3,4,1))),$);
#6066=IFCARBITRARYCLOSEDPROFILEDEF(.AREA.,$,#6065);
#6067=IFCCARTESIANPOINT((0.,0.,0.));
#6068=IFCDIRECTION((0.,0.,1.));
#6069=IFCDIRECTION((1.,0.,0.));
#6070=IFCAXIS2PLACEMENT3D(#6067,#6068,#6069);
#6071=IFCDIRECTION((0.,0.,1.));
#6072=IFCEXTRUDEDAREASOLID(#6066,#6070,#6071,3.);
#6073=IFCSHAPEREPRESENTATION(#11,'Body','SweptSolid',(#6072));
#6074=IFCCARTESIANPOINTLIST2D(((0.,0.),(7.1500005007493099,0.)));
#6075=IFCINDEXEDPOLYCURVE(#6074,$,$);
#6076=IFCSHAPEREPRESENTATION(#23,'Axis','Curve2D',(#6075));
#6141=IFCRELCONNECTSPATHELEMENTS('1sLr1Y$fv3WBiYf09HItkL',$,$,$,$,#5749,#5724,(),(),.ATEND.,.ATSTART.);
#6155=IFCCARTESIANPOINT((1.8395385742187742,-2.213378519722017,0.));
#6156=IFCDIRECTION((0.,0.,1.));
#6157=IFCDIRECTION((-1.6292068494294439E-07,-0.99999999999998679,0.));
#6158=IFCAXIS2PLACEMENT3D(#6155,#6156,#6157);
#6159=IFCLOCALPLACEMENT(#5469,#6158);
#6173=IFCRELCONNECTSPATHELEMENTS('2zN$u8CjrBcA8a9qmdpxrE',$,$,$,$,#5774,#5749,(),(),.ATEND.,.ATSTART.);
#6187=IFCCARTESIANPOINT((1.839538427590157,-3.1133785247802734,0.));
#6188=IFCDIRECTION((0.,0.,1.));
#6189=IFCDIRECTION((1.,0.,0.));
#6190=IFCAXIS2PLACEMENT3D(#6187,#6188,#6189);
#6191=IFCLOCALPLACEMENT(#5469,#6190);
#6192=IFCCARTESIANPOINTLIST2D(((0.,0.),(-0.10000004013393446,0.10000000000000001),(0.79999998876619893,0.10000000000000001),(0.90000000505826871,0.)));
#6193=IFCINDEXEDPOLYCURVE(#6192,(IFCLINEINDEX((1,2,3,4,1))),$);
#6194=IFCARBITRARYCLOSEDPROFILEDEF(.AREA.,$,#6193);
#6195=IFCCARTESIANPOINT((0.,0.,0.));
#6196=IFCDIRECTION((0.,0.,1.));
#6197=IFCDIRECTION((1.,0.,0.));
#6198=IFCAXIS2PLACEMENT3D(#6195,#6196,#6197);
#6199=IFCDIRECTION((0.,0.,1.));
#6200=IFCEXTRUDEDAREASOLID(#6194,#6198,#6199,3.);
#6201=IFCSHAPEREPRESENTATION(#11,'Body','SweptSolid',(#6200));
#6202=IFCCARTESIANPOINTLIST2D(((0.,0.),(0.90000000505826871,0.)));
#6203=IFCINDEXEDPOLYCURVE(#6202,$,$);
#6204=IFCSHAPEREPRESENTATION(#23,'Axis','Curve2D',(#6203));
#6205=IFCRELCONNECTSPATHELEMENTS('2kWDrJIy5EYxag2K7JhD27',$,$,$,$,#5799,#5774,(),(),.ATEND.,.ATSTART.);
#6219=IFCCARTESIANPOINT((4.2283935546874822,-3.1133785247802739,0.));
#6220=IFCDIRECTION((0.,0.,1.));
#6221=IFCDIRECTION((7.5497901264043123E-08,0.99999999999999722,0.));
#6222=IFCAXIS2PLACEMENT3D(#6219,#6220,#6221);
#6223=IFCLOCALPLACEMENT(#5469,#6222);
#6224=IFCCARTESIANPOINTLIST2D(((0.,0.),(0.10000001629206984,0.10000000000000001),(2.2888551346471151,0.10000000000000001),(2.3888551270973251,0.)));
#6225=IFCINDEXEDPOLYCURVE(#6224,(IFCLINEINDEX((1,2,3,4,1))),$);
#6226=IFCARBITRARYCLOSEDPROFILEDEF(.AREA.,$,#6225);
#6227=IFCCARTESIANPOINT((0.,0.,0.));
#6228=IFCDIRECTION((0.,0.,1.));
#6229=IFCDIRECTION((1.,0.,0.));
#6230=IFCAXIS2PLACEMENT3D(#6227,#6228,#6229);
#6231=IFCDIRECTION((0.,0.,1.));
#6232=IFCEXTRUDEDAREASOLID(#6226,#6230,#6231,3.);
#6233=IFCSHAPEREPRESENTATION(#11,'Body','SweptSolid',(#6232));
#6234=IFCCARTESIANPOINTLIST2D(((0.,0.),(2.3888551270973251,0.)));
#6235=IFCINDEXEDPOLYCURVE(#6234,$,$);
#6236=IFCSHAPEREPRESENTATION(#23,'Axis','Curve2D',(#6235));
#6237=IFCWALL('0cZP618l16iethEDrIHzYI',$,'Wall',$,$,#6248,#6243,$,$);
#6238=IFCMATERIALLAYERSETUSAGE(#89,.AXIS2.,.POSITIVE.,0.,$);
#6239=IFCRELASSOCIATESMATERIAL('1E3iDkm3fE5PqWrHe8V_cw',$,$,$,(#6237),#6238);
#6243=IFCPRODUCTDEFINITIONSHAPE($,$,(#6344,#6341));
#6244=IFCCARTESIANPOINT((4.1283950805664062,5.0438289642333984,0.));
#6245=IFCDIRECTION((0.,0.,1.));
#6246=IFCDIRECTION((-0.99999999999998868,-1.5099580252808492E-07,0.));
#6247=IFCAXIS2PLACEMENT3D(#6244,#6245,#6246);
#6248=IFCLOCALPLACEMENT(#5469,#6247);
#6259=IFCPROPERTYSET('1KON4yaXLB_QO87YK86WH7',$,'EPset_Parametric',$,(#6261));
#6260=IFCRELDEFINESBYPROPERTIES('3WIldGrsb1Jhz_sq2nw5Am',$,$,$,(#6237),#6259);
#6261=IFCPROPERTYSINGLEVALUE('Engine',$,IFCLABEL('Bonsai.DumbLayer2'),$);
#6262=IFCWALL('2xkyQ2mdb04vxukT6Ch_Gf',$,'Wall',$,$,#6390,#6268,$,$);
#6263=IFCMATERIALLAYERSETUSAGE(#89,.AXIS2.,.POSITIVE.,0.,$);
#6264=IFCRELASSOCIATESMATERIAL('0ZwaE1phXB8BMz$YOI_aVB',$,$,$,(#6262,#10888),#6263);
#6268=IFCPRODUCTDEFINITIONSHAPE($,$,(#6592,#6589));
#6284=IFCPROPERTYSET('2_PkUK8nTCwRm4QFSAkzeD',$,'EPset_Parametric',$,(#6286));
#6285=IFCRELDEFINESBYPROPERTIES('1JGb2L2djFaAV2jQSu9MC0',$,$,$,(#6262,#10888),#6284);
#6286=IFCPROPERTYSINGLEVALUE('Engine',$,IFCLABEL('Bonsai.DumbLayer2'),$);
#6332=IFCCARTESIANPOINTLIST2D(((0.,0.),(0.,0.10000000000000001),(3.765211506287172,0.10000000000000001),(3.8652114868164551,0.)));
#6333=IFCINDEXEDPOLYCURVE(#6332,(IFCLINEINDEX((1,2,3,4,1))),$);
#6334=IFCARBITRARYCLOSEDPROFILEDEF(.AREA.,$,#6333);
#6335=IFCCARTESIANPOINT((0.,0.,0.));
#6336=IFCDIRECTION((0.,0.,1.));
#6337=IFCDIRECTION((1.,0.,0.));
#6338=IFCAXIS2PLACEMENT3D(#6335,#6336,#6337);
#6339=IFCDIRECTION((0.,0.,1.));
#6340=IFCEXTRUDEDAREASOLID(#6334,#6338,#6339,3.);
#6341=IFCSHAPEREPRESENTATION(#11,'Body','SweptSolid',(#6340));
#6342=IFCCARTESIANPOINTLIST2D(((0.,0.),(3.8652114868164551,0.)));
#6343=IFCINDEXEDPOLYCURVE(#6342,$,$);
#6344=IFCSHAPEREPRESENTATION(#23,'Axis','Curve2D',(#6343));
#6372=IFCRELCONNECTSPATHELEMENTS('11MuqjCE11EwxvHLmR5i1A',$,$,$,$,#6262,#5574,(),(),.ATPATH.,.ATSTART.);
#6386=IFCCARTESIANPOINT((0.26318365783708347,6.5099700579494515,0.));
#6387=IFCDIRECTION((0.,0.,1.));
#6388=IFCDIRECTION((-4.3711388286737889E-08,-0.99999999999999911,0.));
#6389=IFCAXIS2PLACEMENT3D(#6386,#6387,#6388);
#6390=IFCLOCALPLACEMENT(#5469,#6389);
#6404=IFCWALL('3d_IFvuRbESBdrznY0FJ$a',$,'Wall',$,$,#6415,#6410,$,$);
#6405=IFCMATERIALLAYERSETUSAGE(#89,.AXIS2.,.POSITIVE.,0.,$);
#6406=IFCRELASSOCIATESMATERIAL('3q2uca3s99SxVBSUUffgA7',$,$,$,(#6404),#6405);
#6410=IFCPRODUCTDEFINITIONSHAPE($,$,(#6441,#6438));
#6411=IFCCARTESIANPOINT((0.26318395137786865,2.6462500095367432,0.));
#6412=IFCDIRECTION((0.,0.,1.));
#6413=IFCDIRECTION((-0.99999999999998868,-1.5099580252808492E-07,0.));
#6414=IFCAXIS2PLACEMENT3D(#6411,#6412,#6413);
#6415=IFCLOCALPLACEMENT(#5469,#6414);
#6426=IFCPROPERTYSET('1X3qkZ6wTEGBBox7kfaLv8',$,'EPset_Parametric',$,(#6428));
#6427=IFCRELDEFINESBYPROPERTIES('3o3M3n33D8XP2sJD4H9rP4',$,$,$,(#6404),#6426);
#6428=IFCPROPERTYSINGLEVALUE('Engine',$,IFCLABEL('Bonsai.DumbLayer2'),$);
#6429=IFCCARTESIANPOINTLIST2D(((0.,0.),(0.,0.10000000000000001),(3.4448247378299657,0.10000000000000001),(3.4448247378299657,0.)));
#6430=IFCINDEXEDPOLYCURVE(#6429,(IFCLINEINDEX((1,2,3,4,1))),$);
#6431=IFCARBITRARYCLOSEDPROFILEDEF(.AREA.,$,#6430);
#6432=IFCCARTESIANPOINT((0.,0.,0.));
#6433=IFCDIRECTION((0.,0.,1.));
#6434=IFCDIRECTION((1.,0.,0.));
#6435=IFCAXIS2PLACEMENT3D(#6432,#6433,#6434);
#6436=IFCDIRECTION((0.,0.,1.));
#6437=IFCEXTRUDEDAREASOLID(#6431,#6435,#6436,3.);
#6438=IFCSHAPEREPRESENTATION(#11,'Body','SweptSolid',(#6437));
#6439=IFCCARTESIANPOINTLIST2D(((0.,0.),(3.4448247378299657,0.)));
#6440=IFCINDEXEDPOLYCURVE(#6439,$,$);
#6441=IFCSHAPEREPRESENTATION(#23,'Axis','Curve2D',(#6440));
#6442=IFCWALL('2jkXGI$APAu9xT9$85Z7wn',$,'Wall',$,$,#6453,#6448,$,$);
#6443=IFCMATERIALLAYERSETUSAGE(#89,.AXIS2.,.POSITIVE.,0.,$);
#6444=IFCRELASSOCIATESMATERIAL('2gxC3Pon9A0Af7TKaKe2nj',$,$,$,(#6442),#6443);
#6448=IFCPRODUCTDEFINITIONSHAPE($,$,(#6479,#6476));
#6449=IFCCARTESIANPOINT((4.1283941268920898,0.49166172742843628,0.));
#6450=IFCDIRECTION((0.,0.,1.));
#6451=IFCDIRECTION((-0.99999999999998868,-1.5099580252808492E-07,0.));
#6452=IFCAXIS2PLACEMENT3D(#6449,#6450,#6451);
#6453=IFCLOCALPLACEMENT(#5469,#6452);
#6464=IFCPROPERTYSET('1pSc0HeMb7KfY61tb5EEER',$,'EPset_Parametric',$,(#6466));
#6465=IFCRELDEFINESBYPROPERTIES('3g4d_oJ6L6Eeg5vWb8lMyB',$,$,$,(#6442),#6464);
#6466=IFCPROPERTYSINGLEVALUE('Engine',$,IFCLABEL('Bonsai.DumbLayer2'),$);
#6467=IFCCARTESIANPOINTLIST2D(((0.,0.),(0.,0.10000000000000001),(3.7652349626192754,0.10000000000000001),(3.7652349626192754,0.)));
#6468=IFCINDEXEDPOLYCURVE(#6467,(IFCLINEINDEX((1,2,3,4,1))),$);
#6469=IFCARBITRARYCLOSEDPROFILEDEF(.AREA.,$,#6468);
#6470=IFCCARTESIANPOINT((0.,0.,0.));
#6471=IFCDIRECTION((0.,0.,1.));
#6472=IFCDIRECTION((1.,0.,0.));
#6473=IFCAXIS2PLACEMENT3D(#6470,#6471,#6472);
#6474=IFCDIRECTION((0.,0.,1.));
#6475=IFCEXTRUDEDAREASOLID(#6469,#6473,#6474,3.);
#6476=IFCSHAPEREPRESENTATION(#11,'Body','SweptSolid',(#6475));
#6477=IFCCARTESIANPOINTLIST2D(((0.,0.),(3.7652349626192754,0.)));
#6478=IFCINDEXEDPOLYCURVE(#6477,$,$);
#6479=IFCSHAPEREPRESENTATION(#23,'Axis','Curve2D',(#6478));
#6480=IFCSLAB('3P3byIjHP0wASUyLOBZ_Is',$,'Slab',$,$,#6487,#6494,$,$);
#6481=IFCMATERIALLAYERSETUSAGE(#1428,.AXIS3.,.POSITIVE.,-0.10000000149011612,$);
#6482=IFCRELASSOCIATESMATERIAL('3OlGWSYc13QuG5EHrwDYK7',$,$,$,(#6480),#6481);
#6483=IFCCARTESIANPOINT((4.2283954620361328,6.50994873046875,0.));
#6484=IFCDIRECTION((0.,0.,1.));
#6485=IFCDIRECTION((1.,0.,0.));
#6486=IFCAXIS2PLACEMENT3D(#6483,#6484,#6485);
#6487=IFCLOCALPLACEMENT(#5469,#6486);
#6488=IFCCARTESIANPOINTLIST2D(((0.,0.),(-4.0200214385986328,-4.76837158203125E-07),(-4.0200214385986328,-0.97003173828125),(-7.5100727081298828,-0.9700322151184082),(-7.5100736618041992,-9.623291015625),(-1.9073486328125E-06,-9.6232900619506836),(0.,0.)));
#6489=IFCINDEXEDPOLYCURVE(#6488,$,$);
#6490=IFCDIRECTION((0.,0.,1.));
#6491=IFCARBITRARYCLOSEDPROFILEDEF(.AREA.,$,#6489);
#6492=IFCEXTRUDEDAREASOLID(#6491,#6501,#6490,0.10000000000000001);
#6493=IFCSHAPEREPRESENTATION(#11,'Body','SweptSolid',(#6492));
#6494=IFCPRODUCTDEFINITIONSHAPE($,$,(#6493));
#6495=IFCPROPERTYSET('3YSILfws93nAU$SMLer93k',$,'EPset_Parametric',$,(#6497));
#6496=IFCRELDEFINESBYPROPERTIES('12325MVqjBv8qBdVJgI2b0',$,$,$,(#6480),#6495);
#6497=IFCPROPERTYSINGLEVALUE('Engine',$,IFCLABEL('Bonsai.DumbLayer3'),$);
#6498=IFCCARTESIANPOINT((-0.,-0.,-0.10000000149011612));
#6499=IFCDIRECTION((0.,0.,1.));
#6500=IFCDIRECTION((1.,0.,0.));
#6501=IFCAXIS2PLACEMENT3D(#6498,#6499,#6500);
#6502=IFCRELCONNECTSPATHELEMENTS('15dEAN_sf39OfYrRY6AEhs',$,$,$,$,#5724,#10888,(),(),.ATEND.,.ATSTART.);
#6503=IFCCARTESIANPOINTLIST2D(((0.,0.),(0.10000002821300072,0.10000000000000001),(1.6763553378253633,0.10000000000000001),(1.5763552976914288,0.)));
#6504=IFCINDEXEDPOLYCURVE(#6503,(IFCLINEINDEX((1,2,3,4,1))),$);
#6505=IFCARBITRARYCLOSEDPROFILEDEF(.AREA.,$,#6504);
#6506=IFCCARTESIANPOINT((0.,0.,0.));
#6507=IFCDIRECTION((0.,0.,1.));
#6508=IFCDIRECTION((1.,0.,0.));
#6509=IFCAXIS2PLACEMENT3D(#6506,#6507,#6508);
#6510=IFCDIRECTION((0.,0.,1.));
#6511=IFCEXTRUDEDAREASOLID(#6505,#6509,#6510,3.);
#6512=IFCSHAPEREPRESENTATION(#11,'Body','SweptSolid',(#6511));
#6513=IFCCARTESIANPOINTLIST2D(((0.,0.),(1.5763552976914288,0.)));
#6514=IFCINDEXEDPOLYCURVE(#6513,$,$);
#6515=IFCSHAPEREPRESENTATION(#23,'Axis','Curve2D',(#6514));
#6516=IFCCARTESIANPOINT((0.26318327652739021,-2.2133788955544071,0.));
#6517=IFCDIRECTION((0.,0.,1.));
#6518=IFCDIRECTION((0.99999999999997158,2.3841857910155572E-07,0.));
#6519=IFCAXIS2PLACEMENT3D(#6516,#6517,#6518);
#6520=IFCLOCALPLACEMENT(#5469,#6519);
#6534=IFCRELCONNECTSPATHELEMENTS('3nQANOJQHAsQRcn$xjtHSO',$,$,$,$,#5674,#10888,(),(),.ATPATH.,.ATEND.);
#6535=IFCCARTESIANPOINTLIST2D(((0.,0.),(0.099999992450210171,0.10000000000000001),(3.544834025930423,0.10000000000000001),(3.5448340215592844,0.)));
#6536=IFCINDEXEDPOLYCURVE(#6535,(IFCLINEINDEX((1,2,3,4,1))),$);
#6537=IFCARBITRARYCLOSEDPROFILEDEF(.AREA.,$,#6536);
#6538=IFCCARTESIANPOINT((0.,0.,0.));
#6539=IFCDIRECTION((0.,0.,1.));
#6540=IFCDIRECTION((1.,0.,0.));
#6541=IFCAXIS2PLACEMENT3D(#6538,#6539,#6540);
#6542=IFCDIRECTION((0.,0.,1.));
#6543=IFCEXTRUDEDAREASOLID(#6537,#6541,#6542,3.);
#6544=IFCSHAPEREPRESENTATION(#11,'Body','SweptSolid',(#6543));
#6545=IFCCARTESIANPOINTLIST2D(((0.,0.),(3.5448340215592844,0.)));
#6546=IFCINDEXEDPOLYCURVE(#6545,$,$);
#6547=IFCSHAPEREPRESENTATION(#23,'Axis','Curve2D',(#6546));
#6561=IFCRELCONNECTSPATHELEMENTS('3RW6_XWW1ExOJ0kA6pWvs3',$,$,$,$,#5624,#6262,(),(),.ATPATH.,.ATSTART.);
#6575=IFCCARTESIANPOINT((0.26318361543700908,5.5399694229214473,0.));
#6576=IFCDIRECTION((0.,0.,1.));
#6577=IFCDIRECTION((-0.99999999999992428,3.8941436741876494E-07,0.));
#6578=IFCAXIS2PLACEMENT3D(#6575,#6576,#6577);
#6579=IFCLOCALPLACEMENT(#5469,#6578);
#6580=IFCCARTESIANPOINTLIST2D(((0.1000000000000001,0.),(0.10000000437113894,0.10000000000000001),(3.9137203084897489,0.10000000000000001),(3.9137203084897489,0.)));
#6581=IFCINDEXEDPOLYCURVE(#6580,(IFCLINEINDEX((1,2,3,4,1))),$);
#6582=IFCARBITRARYCLOSEDPROFILEDEF(.AREA.,$,#6581);
#6583=IFCCARTESIANPOINT((0.,0.,0.));
#6584=IFCDIRECTION((0.,0.,1.));
#6585=IFCDIRECTION((1.,0.,0.));
#6586=IFCAXIS2PLACEMENT3D(#6583,#6584,#6585);
#6587=IFCDIRECTION((0.,0.,1.));
#6588=IFCEXTRUDEDAREASOLID(#6582,#6586,#6587,3.);
#6589=IFCSHAPEREPRESENTATION(#11,'Body','SweptSolid',(#6588));
#6590=IFCCARTESIANPOINTLIST2D(((0.,0.),(3.9137203084897489,0.)));
#6591=IFCINDEXEDPOLYCURVE(#6590,$,$);
#6592=IFCSHAPEREPRESENTATION(#23,'Axis','Curve2D',(#6591));
#6593=IFCRELCONNECTSPATHELEMENTS('2msCcNUYD56OAB4EK6h33a',$,$,$,$,#5599,#5624,(),(),.ATPATH.,.ATEND.);
#6594=IFCCARTESIANPOINTLIST2D(((0.,0.),(0.10000001629206913,0.10000000000000001),(0.97000066495959758,0.10000000000000001),(0.97000061846837071,0.)));
#6595=IFCINDEXEDPOLYCURVE(#6594,(IFCLINEINDEX((1,2,3,4,1))),$);
#6596=IFCARBITRARYCLOSEDPROFILEDEF(.AREA.,$,#6595);
#6597=IFCCARTESIANPOINT((0.,0.,0.));
#6598=IFCDIRECTION((0.,0.,1.));
#6599=IFCDIRECTION((1.,0.,0.));
#6600=IFCAXIS2PLACEMENT3D(#6597,#6598,#6599);
#6601=IFCDIRECTION((0.,0.,1.));
#6602=IFCEXTRUDEDAREASOLID(#6596,#6600,#6601,3.);
#6603=IFCSHAPEREPRESENTATION(#11,'Body','SweptSolid',(#6602));
#6604=IFCCARTESIANPOINTLIST2D(((0.,0.),(0.97000061846837071,0.)));
#6605=IFCINDEXEDPOLYCURVE(#6604,$,$);
#6606=IFCSHAPEREPRESENTATION(#23,'Axis','Curve2D',(#6605));
#6607=IFCCARTESIANPOINTLIST2D(((0.,0.),(-3.457029791320511E-08,0.10000000000000001),(3.4448348274147347,0.10000000000000001),(3.5448348739059723,0.)));
#6608=IFCINDEXEDPOLYCURVE(#6607,(IFCLINEINDEX((1,2,3,4,1))),$);
#6609=IFCARBITRARYCLOSEDPROFILEDEF(.AREA.,$,#6608);
#6610=IFCCARTESIANPOINT((0.,0.,0.));
#6611=IFCDIRECTION((0.,0.,1.));
#6612=IFCDIRECTION((1.,0.,0.));
#6613=IFCAXIS2PLACEMENT3D(#6610,#6611,#6612);
#6614=IFCDIRECTION((0.,0.,1.));
#6615=IFCEXTRUDEDAREASOLID(#6609,#6613,#6614,3.);
#6616=IFCSHAPEREPRESENTATION(#11,'Body','SweptSolid',(#6615));
#6617=IFCCARTESIANPOINTLIST2D(((0.,0.),(3.5448348739059723,0.)));
#6618=IFCINDEXEDPOLYCURVE(#6617,$,$);
#6619=IFCSHAPEREPRESENTATION(#23,'Axis','Curve2D',(#6618));
#6711=IFCRELCONNECTSPATHELEMENTS('28oNVgO650rg36CUPy702$',$,$,$,$,#5799,#5574,(),(),.ATSTART.,.ATEND.);
#6712=IFCCARTESIANPOINTLIST2D(((0.,0.),(0.099999992450210157,0.10000000000000001),(9.5233482372725184,0.10000000000000001),(9.6233482360800302,0.)));
#6713=IFCINDEXEDPOLYCURVE(#6712,(IFCLINEINDEX((1,2,3,4,1))),$);
#6714=IFCARBITRARYCLOSEDPROFILEDEF(.AREA.,$,#6713);
#6715=IFCCARTESIANPOINT((0.,0.,0.));
#6716=IFCDIRECTION((0.,0.,1.));
#6717=IFCDIRECTION((1.,0.,0.));
#6718=IFCAXIS2PLACEMENT3D(#6715,#6716,#6717);
#6719=IFCDIRECTION((0.,0.,1.));
#6720=IFCEXTRUDEDAREASOLID(#6714,#6718,#6719,3.);
#6721=IFCSHAPEREPRESENTATION(#11,'Body','SweptSolid',(#6720));
#6722=IFCCARTESIANPOINTLIST2D(((0.,0.),(9.6233482360800302,0.)));
#6723=IFCINDEXEDPOLYCURVE(#6722,$,$);
#6724=IFCSHAPEREPRESENTATION(#23,'Axis','Curve2D',(#6723));
#6725=IFCCARTESIANPOINTLIST2D(((0.,0.),(0.09999999880751248,0.10000000000000001),(3.9200455138699346,0.10000000000000001),(4.0200455301620037,0.)));
#6726=IFCINDEXEDPOLYCURVE(#6725,(IFCLINEINDEX((1,2,3,4,1))),$);
#6727=IFCARBITRARYCLOSEDPROFILEDEF(.AREA.,$,#6726);
#6728=IFCCARTESIANPOINT((0.,0.,0.));
#6729=IFCDIRECTION((0.,0.,1.));
#6730=IFCDIRECTION((1.,0.,0.));
#6731=IFCAXIS2PLACEMENT3D(#6728,#6729,#6730);
#6732=IFCDIRECTION((0.,0.,1.));
#6733=IFCEXTRUDEDAREASOLID(#6727,#6731,#6732,3.);
#6734=IFCSHAPEREPRESENTATION(#11,'Body','SweptSolid',(#6733));
#6735=IFCCARTESIANPOINTLIST2D(((0.,0.),(4.0200455301620037,0.)));
#6736=IFCINDEXEDPOLYCURVE(#6735,$,$);
#6737=IFCSHAPEREPRESENTATION(#23,'Axis','Curve2D',(#6736));
#6738=IFCCARTESIANPOINT((4.2283942812300772,6.5099697112997292,0.));
#6739=IFCDIRECTION((0.,0.,1.));
#6740=IFCDIRECTION((-0.99999999999999623,8.7422776573475527E-08,0.));
#6741=IFCAXIS2PLACEMENT3D(#6738,#6739,#6740);
#6742=IFCLOCALPLACEMENT(#5469,#6741);
#6743=IFCWINDOWTYPE('0MIynMO95DEBh0ekvbmtue',$,'Bedroom 1-2F',$,$,(#6744),(#6746,#6754,#6840),$,$,.WINDOW.,.SINGLE_PANEL.,$,$);
#6744=IFCPROPERTYSET('0Oo5SM4Kz1egaiiO2KKJo2',$,'BBIM_Window',$,(#6745));
#6745=IFCPROPERTYSINGLEVALUE('Data',$,IFCTEXT('{"window_type": "DOUBLE_PANEL_VERTICAL", "overall_height": 0.8999999761581421, "overall_width": 1.2281278371810913, "lining_properties": {"lining_depth": 0.05000000074505806, "lining_thickness": 0.05000000074505806, "lining_offset": 0.05000000074505806, "lining_to_panel_offset_x": 0.02500000037252903, "lining_to_panel_offset_y": 0.02500000037252903, "mullion_thickness": 0.05000000074505806, "first_mullion_offset": 0.616745114326477}, "panel_properties": {"frame_depth": [0.03500000014901161, 0.03500000014901161, 0.03500000014901161], "frame_thickness": [0.03500000014901161, 0.03500000014901161, 0.03500000014901161]}}'),$);
#6746=IFCREPRESENTATIONMAP(#6747,#7092);
#6747=IFCAXIS2PLACEMENT3D(#6748,#6749,#6750);
#6748=IFCCARTESIANPOINT((0.,0.,0.));
#6749=IFCDIRECTION((0.,0.,1.));
#6750=IFCDIRECTION((1.,0.,0.));
#6754=IFCREPRESENTATIONMAP(#6755,#7173);
#6755=IFCAXIS2PLACEMENT3D(#6756,#6757,#6758);
#6756=IFCCARTESIANPOINT((0.,0.,0.));
#6757=IFCDIRECTION((0.,0.,1.));
#6758=IFCDIRECTION((1.,0.,0.));
#6840=IFCREPRESENTATIONMAP(#6841,#7206);
#6841=IFCAXIS2PLACEMENT3D(#6842,#6843,#6844);
#6842=IFCCARTESIANPOINT((0.,0.,0.));
#6843=IFCDIRECTION((0.,0.,1.));
#6844=IFCDIRECTION((1.,0.,0.));
#6862=IFCWINDOW('2$sCW0ikT9dfSRY8RrEoBq',$,'Window',$,$,#7231,#6871,$,0.89999997615814209,1.2281278371810913,$,.DOUBLE_PANEL_VERTICAL.,$);
#6863=IFCRELDEFINESBYTYPE('0vcFKF2MP2xuUEUZBO8x1F',$,$,$,(#6862),#6743);
#6864=IFCCARTESIANPOINT((0.,0.,0.));
#6865=IFCDIRECTION((1.,0.,0.));
#6866=IFCDIRECTION((0.,1.,0.));
#6867=IFCDIRECTION((0.,0.,1.));
#6868=IFCCARTESIANTRANSFORMATIONOPERATOR3D(#6865,#6866,#6864,1.,#6867);
#6869=IFCMAPPEDITEM(#6746,#6868);
#6870=IFCSHAPEREPRESENTATION(#18,'Profile','MappedRepresentation',(#6869));
#6871=IFCPRODUCTDEFINITIONSHAPE($,$,(#6870,#6878,#6885));
#6872=IFCCARTESIANPOINT((0.,0.,0.));
#6873=IFCDIRECTION((1.,0.,0.));
#6874=IFCDIRECTION((0.,1.,0.));
#6875=IFCDIRECTION((0.,0.,1.));
#6876=IFCCARTESIANTRANSFORMATIONOPERATOR3D(#6873,#6874,#6872,1.,#6875);
#6877=IFCMAPPEDITEM(#6754,#6876);
#6878=IFCSHAPEREPRESENTATION(#11,'Body','MappedRepresentation',(#6877));
#6879=IFCCARTESIANPOINT((0.,0.,0.));
#6880=IFCDIRECTION((1.,0.,0.));
#6881=IFCDIRECTION((0.,1.,0.));
#6882=IFCDIRECTION((0.,0.,1.));
#6883=IFCCARTESIANTRANSFORMATIONOPERATOR3D(#6880,#6881,#6879,1.,#6882);
#6884=IFCMAPPEDITEM(#6840,#6883);
#6885=IFCSHAPEREPRESENTATION(#24,'Body','MappedRepresentation',(#6884));
#6886=IFCOPENINGELEMENT('3TvmgjuD17cRGaAnipb2S$',$,'Opening',$,$,#7226,#6914,$,.OPENING.);
#6902=IFCCARTESIANPOINT((0.,0.,0.));
#6903=IFCDIRECTION((1.,0.,0.));
#6904=IFCDIRECTION((0.,0.,1.));
#6905=IFCAXIS2PLACEMENT3D(#6902,#6904,#6903);
#6906=IFCREPRESENTATIONMAP(#6905,#7216);
#6907=IFCCARTESIANPOINT((0.,0.,0.));
#6908=IFCDIRECTION((1.,0.,0.));
#6909=IFCDIRECTION((0.,1.,0.));
#6910=IFCDIRECTION((0.,0.,1.));
#6911=IFCCARTESIANTRANSFORMATIONOPERATOR3D(#6908,#6909,#6907,1.,#6910);
#6912=IFCMAPPEDITEM(#6906,#6911);
#6913=IFCSHAPEREPRESENTATION(#11,'Body','MappedRepresentation',(#6912));
#6914=IFCPRODUCTDEFINITIONSHAPE($,$,(#6913));
#6915=IFCRELVOIDSELEMENT('3w16pTEOTDig5c6AHrcaBG',$,$,$,#5624,#6886);
#6921=IFCRELFILLSELEMENT('1eKi8uklvCu8UNCvbRWmYr',$,$,$,#6886,#6862);
#6930=IFCCARTESIANPOINTLIST2D(((0.68381088972091675,0.),(0.,0.),(0.,0.89999997615814209),(0.68381088972091675,0.89999997615814209),(0.68381088972091675,0.87499997578561306),(0.02500000037252903,0.87499997578561306),(0.02500000037252903,0.02500000037252903),(0.68381088972091675,0.02500000037252903)));
#6931=IFCINDEXEDPOLYCURVE(#6930,(IFCLINEINDEX((1,2,3,4,5,6,7,8,1))),$);
#6932=IFCARBITRARYCLOSEDPROFILEDEF(.AREA.,$,#6931);
#6933=IFCCARTESIANPOINT((0.,0.090000001713633537,0.));
#6934=IFCDIRECTION((0.,-1.,0.));
#6935=IFCDIRECTION((1.,0.,0.));
#6936=IFCAXIS2PLACEMENT3D(#6933,#6934,#6935);
#6937=IFCDIRECTION((0.,0.,-1.));
#6938=IFCEXTRUDEDAREASOLID(#6932,#6936,#6937,0.0099999997764825821);
#6939=IFCCARTESIANPOINTLIST2D(((0.,0.),(0.68381088972091675,0.),(0.68381088972091675,0.89999997615814209),(0.,0.89999997615814209)));
#6940=IFCINDEXEDPOLYCURVE(#6939,(IFCLINEINDEX((1,2,3,4,1))),$);
#6941=IFCCARTESIANPOINTLIST2D(((0.05000000074505806,0.05000000074505806),(0.65881088934838772,0.05000000074505806),(0.65881088934838772,0.84999997541308403),(0.05000000074505806,0.84999997541308403)));
#6942=IFCINDEXEDPOLYCURVE(#6941,(IFCLINEINDEX((1,2,3,4,1))),$);
#6943=IFCARBITRARYPROFILEDEFWITHVOIDS(.AREA.,$,#6940,(#6942));
#6944=IFCCARTESIANPOINT((0.,0.05000000074505806,0.));
#6945=IFCDIRECTION((0.,-1.,0.));
#6946=IFCDIRECTION((1.,0.,0.));
#6947=IFCAXIS2PLACEMENT3D(#6944,#6945,#6946);
#6948=IFCDIRECTION((0.,0.,-1.));
#6949=IFCEXTRUDEDAREASOLID(#6943,#6947,#6948,0.040000000968575478);
#6950=IFCCARTESIANPOINTLIST2D(((0.,0.),(0.65881088934838772,0.),(0.65881088934838772,0.84999997541308403),(0.,0.84999997541308403)));
#6951=IFCINDEXEDPOLYCURVE(#6950,(IFCLINEINDEX((1,2,3,4,1))),$);
#6952=IFCCARTESIANPOINTLIST2D(((0.035000000149011612,0.035000000149011612),(0.62381088919937611,0.035000000149011612),(0.62381088919937611,0.81499997526407242),(0.035000000149011612,0.81499997526407242)));
#6953=IFCINDEXEDPOLYCURVE(#6952,(IFCLINEINDEX((1,2,3,4,1))),$);
#6954=IFCARBITRARYPROFILEDEFWITHVOIDS(.AREA.,$,#6951,(#6953));
#6955=IFCCARTESIANPOINT((0.02500000037252903,0.090000001713633537,0.02500000037252903));
#6956=IFCDIRECTION((0.,-1.,0.));
#6957=IFCDIRECTION((1.,0.,0.));
#6958=IFCAXIS2PLACEMENT3D(#6955,#6956,#6957);
#6959=IFCDIRECTION((0.,0.,-1.));
#6960=IFCEXTRUDEDAREASOLID(#6954,#6958,#6959,0.035000000149011612);
#6961=IFCINDEXEDPOLYCURVE(#6962,(IFCLINEINDEX((1,2,3,4,1))),$);
#6962=IFCCARTESIANPOINTLIST2D(((0.035000000149011612,0.035000000149011612),(0.62381088919937611,0.035000000149011612),(0.62381088919937611,0.81499997526407242),(0.035000000149011612,0.81499997526407242)));
#6963=IFCARBITRARYCLOSEDPROFILEDEF(.AREA.,$,#6961);
#6964=IFCCARTESIANPOINT((0.02500000037252903,0.10250000178813934,0.02500000037252903));
#6965=IFCDIRECTION((0.,-1.,0.));
#6966=IFCDIRECTION((1.,0.,0.));
#6967=IFCAXIS2PLACEMENT3D(#6964,#6965,#6966);
#6968=IFCDIRECTION((0.,0.,-1.));
#6969=IFCEXTRUDEDAREASOLID(#6963,#6967,#6968,0.01);
#6970=IFCCARTESIANPOINTLIST2D(((0.,0.89999997615814209),(0.54431694746017456,0.89999997615814209),(0.54431694746017456,0.),(0.,0.),(0.,0.02500000037252903),(0.51931694708764553,0.02500000037252903),(0.51931694708764553,0.87499997578561306),(0.,0.87499997578561306)));
#6971=IFCINDEXEDPOLYCURVE(#6970,(IFCLINEINDEX((1,2,3,4,5,6,7,8,1))),$);
#6972=IFCARBITRARYCLOSEDPROFILEDEF(.AREA.,$,#6971);
#6973=IFCCARTESIANPOINT((0.68381088972091675,0.090000001713633537,0.));
#6974=IFCDIRECTION((0.,-1.,0.));
#6975=IFCDIRECTION((1.,0.,0.));
#6976=IFCAXIS2PLACEMENT3D(#6973,#6974,#6975);
#6977=IFCDIRECTION((0.,0.,-1.));
#6978=IFCEXTRUDEDAREASOLID(#6972,#6976,#6977,0.0099999997764825821);
#6979=IFCCARTESIANPOINTLIST2D(((0.,0.),(0.54431694746017456,0.),(0.54431694746017456,0.89999997615814209),(0.,0.89999997615814209)));
#6980=IFCINDEXEDPOLYCURVE(#6979,(IFCLINEINDEX((1,2,3,4,1))),$);
#6981=IFCCARTESIANPOINTLIST2D(((0.02500000037252903,0.05000000074505806),(0.4943169467151165,0.05000000074505806),(0.4943169467151165,0.84999997541308403),(0.02500000037252903,0.84999997541308403)));
#6982=IFCINDEXEDPOLYCURVE(#6981,(IFCLINEINDEX((1,2,3,4,1))),$);
#6983=IFCARBITRARYPROFILEDEFWITHVOIDS(.AREA.,$,#6980,(#6982));
#6984=IFCCARTESIANPOINT((0.68381088972091675,0.05000000074505806,0.));
#6985=IFCDIRECTION((0.,-1.,0.));
#6986=IFCDIRECTION((1.,0.,0.));
#6987=IFCAXIS2PLACEMENT3D(#6984,#6985,#6986);
#6988=IFCDIRECTION((0.,0.,-1.));
#6989=IFCEXTRUDEDAREASOLID(#6983,#6987,#6988,0.040000000968575478);
#6990=IFCCARTESIANPOINTLIST2D(((0.,0.),(0.51931694708764553,0.),(0.51931694708764553,0.84999997541308403),(0.,0.84999997541308403)));
#6991=IFCINDEXEDPOLYCURVE(#6990,(IFCLINEINDEX((1,2,3,4,1))),$);
#6992=IFCCARTESIANPOINTLIST2D(((0.035000000149011612,0.035000000149011612),(0.48431694693863392,0.035000000149011612),(0.48431694693863392,0.81499997526407242),(0.035000000149011612,0.81499997526407242)));
#6993=IFCINDEXEDPOLYCURVE(#6992,(IFCLINEINDEX((1,2,3,4,1))),$);
#6994=IFCARBITRARYPROFILEDEFWITHVOIDS(.AREA.,$,#6991,(#6993));
#6995=IFCCARTESIANPOINT((0.68381088972091675,0.090000001713633537,0.02500000037252903));
#6996=IFCDIRECTION((0.,-1.,0.));
#6997=IFCDIRECTION((1.,0.,0.));
#6998=IFCAXIS2PLACEMENT3D(#6995,#6996,#6997);
#6999=IFCDIRECTION((0.,0.,-1.));
#7000=IFCEXTRUDEDAREASOLID(#6994,#6998,#6999,0.035000000149011612);
#7001=IFCINDEXEDPOLYCURVE(#7002,(IFCLINEINDEX((1,2,3,4,1))),$);
#7002=IFCCARTESIANPOINTLIST2D(((0.035000000149011612,0.035000000149011612),(0.48431694693863392,0.035000000149011612),(0.48431694693863392,0.81499997526407242),(0.035000000149011612,0.81499997526407242)));
#7003=IFCARBITRARYCLOSEDPROFILEDEF(.AREA.,$,#7001);
#7004=IFCCARTESIANPOINT((0.68381088972091675,0.10250000178813934,0.02500000037252903));
#7005=IFCDIRECTION((0.,-1.,0.));
#7006=IFCDIRECTION((1.,0.,0.));
#7007=IFCAXIS2PLACEMENT3D(#7004,#7005,#7006);
#7008=IFCDIRECTION((0.,0.,-1.));
#7009=IFCEXTRUDEDAREASOLID(#7003,#7007,#7008,0.01);
#7011=IFCSHAPEREPRESENTATION(#11,'Body','SweptSolid',(#6949,#6989,#6978,#7101,#7141,#6938,#7112,#7152));
#7012=IFCSHAPEASPECT((#7011),'Lining',$,.T.,#6871);
#7013=IFCSHAPEREPRESENTATION(#11,'Body','SweptSolid',(#6960,#7123,#7163,#7000));
#7014=IFCSHAPEASPECT((#7013),'Framing',$,.T.,#6871);
#7015=IFCSHAPEREPRESENTATION(#11,'Body','SweptSolid',(#7009,#6969,#7132,#7172));
#7016=IFCSHAPEASPECT((#7015),'Glazing',$,.T.,#6871);
#7090=IFCCARTESIANPOINTLIST3D(((0.,0.,0.),(1.2281278371810913,0.,0.),(1.2281278371810913,0.,0.89999997615814209),(0.,0.,0.89999997615814209)));
#7091=IFCINDEXEDPOLYCURVE(#7090,(IFCLINEINDEX((1,2,3,4,1))),$);
#7092=IFCSHAPEREPRESENTATION(#18,'Profile','Curve3D',(#7091));
#7093=IFCCARTESIANPOINTLIST2D(((0.61674511432647705,0.),(0.,0.),(0.,0.89999997615814209),(0.61674511432647705,0.89999997615814209),(0.61674511432647705,0.87499997578561306),(0.02500000037252903,0.87499997578561306),(0.02500000037252903,0.02500000037252903),(0.61674511432647705,0.02500000037252903)));
#7094=IFCINDEXEDPOLYCURVE(#7093,(IFCLINEINDEX((1,2,3,4,5,6,7,8,1))),$);
#7095=IFCARBITRARYCLOSEDPROFILEDEF(.AREA.,$,#7094);
#7096=IFCCARTESIANPOINT((0.,0.090000001713633537,0.));
#7097=IFCDIRECTION((0.,-1.,0.));
#7098=IFCDIRECTION((1.,0.,0.));
#7099=IFCAXIS2PLACEMENT3D(#7096,#7097,#7098);
#7100=IFCDIRECTION((0.,0.,-1.));
#7101=IFCEXTRUDEDAREASOLID(#7095,#7099,#7100,0.0099999997764825821);
#7102=IFCCARTESIANPOINTLIST2D(((0.,0.),(0.61674511432647705,0.),(0.61674511432647705,0.89999997615814209),(0.,0.89999997615814209)));
#7103=IFCINDEXEDPOLYCURVE(#7102,(IFCLINEINDEX((1,2,3,4,1))),$);
#7104=IFCCARTESIANPOINTLIST2D(((0.05000000074505806,0.05000000074505806),(0.59174511395394802,0.05000000074505806),(0.59174511395394802,0.84999997541308403),(0.05000000074505806,0.84999997541308403)));
#7105=IFCINDEXEDPOLYCURVE(#7104,(IFCLINEINDEX((1,2,3,4,1))),$);
#7106=IFCARBITRARYPROFILEDEFWITHVOIDS(.AREA.,$,#7103,(#7105));
#7107=IFCCARTESIANPOINT((0.,0.05000000074505806,0.));
#7108=IFCDIRECTION((0.,-1.,0.));
#7109=IFCDIRECTION((1.,0.,0.));
#7110=IFCAXIS2PLACEMENT3D(#7107,#7108,#7109);
#7111=IFCDIRECTION((0.,0.,-1.));
#7112=IFCEXTRUDEDAREASOLID(#7106,#7110,#7111,0.040000000968575478);
#7113=IFCCARTESIANPOINTLIST2D(((0.,0.),(0.59174511395394802,0.),(0.59174511395394802,0.84999997541308403),(0.,0.84999997541308403)));
#7114=IFCINDEXEDPOLYCURVE(#7113,(IFCLINEINDEX((1,2,3,4,1))),$);
#7115=IFCCARTESIANPOINTLIST2D(((0.035000000149011612,0.035000000149011612),(0.55674511380493641,0.035000000149011612),(0.55674511380493641,0.81499997526407242),(0.035000000149011612,0.81499997526407242)));
#7116=IFCINDEXEDPOLYCURVE(#7115,(IFCLINEINDEX((1,2,3,4,1))),$);
#7117=IFCARBITRARYPROFILEDEFWITHVOIDS(.AREA.,$,#7114,(#7116));
#7118=IFCCARTESIANPOINT((0.02500000037252903,0.090000001713633537,0.02500000037252903));
#7119=IFCDIRECTION((0.,-1.,0.));
#7120=IFCDIRECTION((1.,0.,0.));
#7121=IFCAXIS2PLACEMENT3D(#7118,#7119,#7120);
#7122=IFCDIRECTION((0.,0.,-1.));
#7123=IFCEXTRUDEDAREASOLID(#7117,#7121,#7122,0.035000000149011612);
#7124=IFCINDEXEDPOLYCURVE(#7125,(IFCLINEINDEX((1,2,3,4,1))),$);
#7125=IFCCARTESIANPOINTLIST2D(((0.035000000149011612,0.035000000149011612),(0.55674511380493641,0.035000000149011612),(0.55674511380493641,0.81499997526407242),(0.035000000149011612,0.81499997526407242)));
#7126=IFCARBITRARYCLOSEDPROFILEDEF(.AREA.,$,#7124);
#7127=IFCCARTESIANPOINT((0.02500000037252903,0.10250000178813934,0.02500000037252903));
#7128=IFCDIRECTION((0.,-1.,0.));
#7129=IFCDIRECTION((1.,0.,0.));
#7130=IFCAXIS2PLACEMENT3D(#7127,#7128,#7129);
#7131=IFCDIRECTION((0.,0.,-1.));
#7132=IFCEXTRUDEDAREASOLID(#7126,#7130,#7131,0.01);
#7133=IFCCARTESIANPOINTLIST2D(((0.,0.89999997615814209),(0.61138272285461426,0.89999997615814209),(0.61138272285461426,0.),(0.,0.),(0.,0.02500000037252903),(0.58638272248208523,0.02500000037252903),(0.58638272248208523,0.87499997578561306),(0.,0.87499997578561306)));
#7134=IFCINDEXEDPOLYCURVE(#7133,(IFCLINEINDEX((1,2,3,4,5,6,7,8,1))),$);
#7135=IFCARBITRARYCLOSEDPROFILEDEF(.AREA.,$,#7134);
#7136=IFCCARTESIANPOINT((0.61674511432647705,0.090000001713633537,0.));
#7137=IFCDIRECTION((0.,-1.,0.));
#7138=IFCDIRECTION((1.,0.,0.));
#7139=IFCAXIS2PLACEMENT3D(#7136,#7137,#7138);
#7140=IFCDIRECTION((0.,0.,-1.));
#7141=IFCEXTRUDEDAREASOLID(#7135,#7139,#7140,0.0099999997764825821);
#7142=IFCCARTESIANPOINTLIST2D(((0.,0.),(0.61138272285461426,0.),(0.61138272285461426,0.89999997615814209),(0.,0.89999997615814209)));
#7143=IFCINDEXEDPOLYCURVE(#7142,(IFCLINEINDEX((1,2,3,4,1))),$);
#7144=IFCCARTESIANPOINTLIST2D(((0.02500000037252903,0.05000000074505806),(0.5613827221095562,0.05000000074505806),(0.5613827221095562,0.84999997541308403),(0.02500000037252903,0.84999997541308403)));
#7145=IFCINDEXEDPOLYCURVE(#7144,(IFCLINEINDEX((1,2,3,4,1))),$);
#7146=IFCARBITRARYPROFILEDEFWITHVOIDS(.AREA.,$,#7143,(#7145));
#7147=IFCCARTESIANPOINT((0.61674511432647705,0.05000000074505806,0.));
#7148=IFCDIRECTION((0.,-1.,0.));
#7149=IFCDIRECTION((1.,0.,0.));
#7150=IFCAXIS2PLACEMENT3D(#7147,#7148,#7149);
#7151=IFCDIRECTION((0.,0.,-1.));
#7152=IFCEXTRUDEDAREASOLID(#7146,#7150,#7151,0.040000000968575478);
#7153=IFCCARTESIANPOINTLIST2D(((0.,0.),(0.58638272248208523,0.),(0.58638272248208523,0.84999997541308403),(0.,0.84999997541308403)));
#7154=IFCINDEXEDPOLYCURVE(#7153,(IFCLINEINDEX((1,2,3,4,1))),$);
#7155=IFCCARTESIANPOINTLIST2D(((0.035000000149011612,0.035000000149011612),(0.55138272233307362,0.035000000149011612),(0.55138272233307362,0.81499997526407242),(0.035000000149011612,0.81499997526407242)));
#7156=IFCINDEXEDPOLYCURVE(#7155,(IFCLINEINDEX((1,2,3,4,1))),$);
#7157=IFCARBITRARYPROFILEDEFWITHVOIDS(.AREA.,$,#7154,(#7156));
#7158=IFCCARTESIANPOINT((0.61674511432647705,0.090000001713633537,0.02500000037252903));
#7159=IFCDIRECTION((0.,-1.,0.));
#7160=IFCDIRECTION((1.,0.,0.));
#7161=IFCAXIS2PLACEMENT3D(#7158,#7159,#7160);
#7162=IFCDIRECTION((0.,0.,-1.));
#7163=IFCEXTRUDEDAREASOLID(#7157,#7161,#7162,0.035000000149011612);
#7164=IFCINDEXEDPOLYCURVE(#7165,(IFCLINEINDEX((1,2,3,4,1))),$);
#7165=IFCCARTESIANPOINTLIST2D(((0.035000000149011612,0.035000000149011612),(0.55138272233307362,0.035000000149011612),(0.55138272233307362,0.81499997526407242),(0.035000000149011612,0.81499997526407242)));
#7166=IFCARBITRARYCLOSEDPROFILEDEF(.AREA.,$,#7164);
#7167=IFCCARTESIANPOINT((0.61674511432647705,0.10250000178813934,0.02500000037252903));
#7168=IFCDIRECTION((0.,-1.,0.));
#7169=IFCDIRECTION((1.,0.,0.));
#7170=IFCAXIS2PLACEMENT3D(#7167,#7168,#7169);
#7171=IFCDIRECTION((0.,0.,-1.));
#7172=IFCEXTRUDEDAREASOLID(#7166,#7170,#7171,0.01);
#7173=IFCSHAPEREPRESENTATION(#11,'Body','SweptSolid',(#7101,#7112,#7123,#7132,#7141,#7152,#7163,#7172));
#7174=IFCCARTESIANPOINTLIST2D(((0.05000000074505806,0.05000000074505806),(0.59174511395394802,0.05000000074505806)));
#7175=IFCINDEXEDPOLYCURVE(#7174,$,$);
#7176=IFCCARTESIANPOINTLIST2D(((0.,0.10000000149011612),(0.02500000037252903,0.10000000149011612),(0.02500000037252903,0.090000001713633537),(0.05000000074505806,0.090000001713633537),(0.05000000074505806,0.05000000074505806),(0.,0.05000000074505806)));
#7177=IFCINDEXEDPOLYCURVE(#7176,(IFCLINEINDEX((1,2,3,4,5,6,1))),$);
#7178=IFCCARTESIANPOINTLIST2D(((0.61674511432647705,0.10000000149011612),(0.61674511432647705,0.10000000149011612),(0.61674511432647705,0.090000001713633537),(0.59174511395394802,0.090000001713633537),(0.59174511395394802,0.05000000074505806),(0.61674511432647705,0.05000000074505806)));
#7179=IFCINDEXEDPOLYCURVE(#7178,$,$);
#7180=IFCCARTESIANPOINTLIST2D(((0.02500000037252903,0.090000001713633537),(0.060000000521540642,0.090000001713633537),(0.060000000521540642,0.12500000186264515),(0.02500000037252903,0.12500000186264515)));
#7181=IFCINDEXEDPOLYCURVE(#7180,(IFCLINEINDEX((1,2,3,4,1))),$);
#7182=IFCINDEXEDPOLYCURVE(#7183,(IFCLINEINDEX((1,2,3,4,1))),$);
#7183=IFCCARTESIANPOINTLIST2D(((0.61674511432647705,0.090000001713633537),(0.58174511417746544,0.090000001713633537),(0.58174511417746544,0.12500000186264515),(0.61674511432647705,0.12500000186264515)));
#7184=IFCCARTESIANPOINTLIST2D(((0.060000000521540642,0.090000001713633537),(0.58174511417746544,0.090000001713633537)));
#7185=IFCINDEXEDPOLYCURVE(#7184,$,$);
#7186=IFCINDEXEDPOLYCURVE(#7187,$,$);
#7187=IFCCARTESIANPOINTLIST2D(((0.060000000521540642,0.12500000186264515),(0.58174511417746544,0.12500000186264515)));
#7188=IFCINDEXEDPOLYCURVE(#7189,$,$);
#7189=IFCCARTESIANPOINTLIST2D(((0.060000000521540642,0.10750000178813934),(0.58174511417746544,0.10750000178813934)));
#7190=IFCCARTESIANPOINTLIST2D(((0.64174511469900608,0.05000000074505806),(1.1781278364360332,0.05000000074505806)));
#7191=IFCINDEXEDPOLYCURVE(#7190,$,$);
#7192=IFCCARTESIANPOINTLIST2D(((0.61674511432647705,0.10000000149011612),(0.61674511432647705,0.10000000149011612),(0.61674511432647705,0.090000001713633537),(0.64174511469900608,0.090000001713633537),(0.64174511469900608,0.05000000074505806),(0.61674511432647705,0.05000000074505806)));
#7193=IFCINDEXEDPOLYCURVE(#7192,$,$);
#7194=IFCCARTESIANPOINTLIST2D(((1.2281278371810913,0.10000000149011612),(1.2031278368085623,0.10000000149011612),(1.2031278368085623,0.090000001713633537),(1.1781278364360332,0.090000001713633537),(1.1781278364360332,0.05000000074505806),(1.2281278371810913,0.05000000074505806)));
#7195=IFCINDEXEDPOLYCURVE(#7194,(IFCLINEINDEX((1,2,3,4,5,6,1))),$);
#7196=IFCCARTESIANPOINTLIST2D(((0.61674511432647705,0.090000001713633537),(0.65174511447548866,0.090000001713633537),(0.65174511447548866,0.12500000186264515),(0.61674511432647705,0.12500000186264515)));
#7197=IFCINDEXEDPOLYCURVE(#7196,(IFCLINEINDEX((1,2,3,4,1))),$);
#7198=IFCINDEXEDPOLYCURVE(#7199,(IFCLINEINDEX((1,2,3,4,1))),$);
#7199=IFCCARTESIANPOINTLIST2D(((1.2031278368085623,0.090000001713633537),(1.1681278366595507,0.090000001713633537),(1.1681278366595507,0.12500000186264515),(1.2031278368085623,0.12500000186264515)));
#7200=IFCCARTESIANPOINTLIST2D(((0.65174511447548866,0.090000001713633537),(1.1681278366595507,0.090000001713633537)));
#7201=IFCINDEXEDPOLYCURVE(#7200,$,$);
#7202=IFCINDEXEDPOLYCURVE(#7203,$,$);
#7203=IFCCARTESIANPOINTLIST2D(((0.65174511447548866,0.12500000186264515),(1.1681278366595507,0.12500000186264515)));
#7204=IFCINDEXEDPOLYCURVE(#7205,$,$);
#7205=IFCCARTESIANPOINTLIST2D(((0.65174511447548866,0.10750000178813934),(1.1681278366595507,0.10750000178813934)));
#7206=IFCSHAPEREPRESENTATION(#24,'Body','Curve2D',(#7175,#7177,#7179,#7181,#7182,#7185,#7186,#7188,#7191,#7193,#7195,#7197,#7198,#7201,#7202,#7204));
#7207=IFCCARTESIANPOINTLIST2D(((0.,0.),(1.2281278371810913,0.),(1.2281278371810913,0.89999997615814209),(0.,0.89999997615814209)));
#7208=IFCINDEXEDPOLYCURVE(#7207,(IFCLINEINDEX((1,2,3,4,1))),$);
#7209=IFCARBITRARYCLOSEDPROFILEDEF(.AREA.,$,#7208);
#7210=IFCCARTESIANPOINT((0.,-0.60000002384185791,0.));
#7211=IFCDIRECTION((0.,-1.,0.));
#7212=IFCDIRECTION((1.,0.,0.));
#7213=IFCAXIS2PLACEMENT3D(#7210,#7211,#7212);
#7214=IFCDIRECTION((0.,0.,-1.));
#7215=IFCEXTRUDEDAREASOLID(#7209,#7213,#7214,1.2);
#7216=IFCSHAPEREPRESENTATION(#11,'Body','SweptSolid',(#7215));
#7222=IFCCARTESIANPOINT((0.48175265573562842,-3.1058920768600728E-07,1.));
#7223=IFCDIRECTION((0.,0.,1.));
#7224=IFCDIRECTION((0.99999999999997158,-2.3841857910149749E-07,0.));
#7225=IFCAXIS2PLACEMENT3D(#7222,#7223,#7224);
#7226=IFCLOCALPLACEMENT(#6579,#7225);
#7227=IFCCARTESIANPOINT((0.,0.,0.));
#7228=IFCDIRECTION((0.,0.,1.));
#7229=IFCDIRECTION((1.,0.,0.));
#7230=IFCAXIS2PLACEMENT3D(#7227,#7228,#7229);
#7231=IFCLOCALPLACEMENT(#7226,#7230);
#7232=IFCWINDOWTYPE('2u98ls7258vOU_6lODZjn$',$,'Bedroom 2-2F',$,$,(#7233),(#7235,#7243,#7329),$,$,.WINDOW.,.SINGLE_PANEL.,$,$);
#7233=IFCPROPERTYSET('2Xcvcv5GXBIOXLDriq40pd',$,'BBIM_Window',$,(#7234));
#7234=IFCPROPERTYSINGLEVALUE('Data',$,IFCTEXT('{"window_type": "SINGLE_PANEL", "overall_height": 0.8999999761581421, "overall_width": 0.7931245565414429, "lining_properties": {"lining_depth": 0.05000000074505806, "lining_thickness": 0.05000000074505806, "lining_offset": 0.05000000074505806, "lining_to_panel_offset_x": 0.02500000037252903, "lining_to_panel_offset_y": 0.02500000037252903}, "panel_properties": {"frame_depth": [0.03500000014901161, 0.03500000014901161, 0.03500000014901161], "frame_thickness": [0.03500000014901161, 0.03500000014901161, 0.03500000014901161]}}'),$);
#7235=IFCREPRESENTATIONMAP(#7236,#7739);
#7236=IFCAXIS2PLACEMENT3D(#7237,#7238,#7239);
#7237=IFCCARTESIANPOINT((0.,0.,0.));
#7238=IFCDIRECTION((0.,0.,1.));
#7239=IFCDIRECTION((1.,0.,0.));
#7243=IFCREPRESENTATIONMAP(#7244,#7782);
#7244=IFCAXIS2PLACEMENT3D(#7245,#7246,#7247);
#7245=IFCCARTESIANPOINT((0.,0.,0.));
#7246=IFCDIRECTION((0.,0.,1.));
#7247=IFCDIRECTION((1.,0.,0.));
#7329=IFCREPRESENTATIONMAP(#7330,#7799);
#7330=IFCAXIS2PLACEMENT3D(#7331,#7332,#7333);
#7331=IFCCARTESIANPOINT((0.,0.,0.));
#7332=IFCDIRECTION((0.,0.,1.));
#7333=IFCDIRECTION((1.,0.,0.));
#7367=IFCWINDOW('1z5L$t$eDER98aUznab7TK',$,'Window',$,$,#7824,#7376,$,0.89999997615814209,0.79312455654144287,$,.SINGLE_PANEL.,$);
#7368=IFCRELDEFINESBYTYPE('0zCXloC8L5ruVR1YBAYm3x',$,$,$,(#7367),#7232);
#7369=IFCCARTESIANPOINT((0.,0.,0.));
#7370=IFCDIRECTION((1.,0.,0.));
#7371=IFCDIRECTION((0.,1.,0.));
#7372=IFCDIRECTION((0.,0.,1.));
#7373=IFCCARTESIANTRANSFORMATIONOPERATOR3D(#7370,#7371,#7369,1.,#7372);
#7374=IFCMAPPEDITEM(#7235,#7373);
#7375=IFCSHAPEREPRESENTATION(#18,'Profile','MappedRepresentation',(#7374));
#7376=IFCPRODUCTDEFINITIONSHAPE($,$,(#7375,#7383,#7390));
#7377=IFCCARTESIANPOINT((0.,0.,0.));
#7378=IFCDIRECTION((1.,0.,0.));
#7379=IFCDIRECTION((0.,1.,0.));
#7380=IFCDIRECTION((0.,0.,1.));
#7381=IFCCARTESIANTRANSFORMATIONOPERATOR3D(#7378,#7379,#7377,1.,#7380);
#7382=IFCMAPPEDITEM(#7243,#7381);
#7383=IFCSHAPEREPRESENTATION(#11,'Body','MappedRepresentation',(#7382));
#7384=IFCCARTESIANPOINT((0.,0.,0.));
#7385=IFCDIRECTION((1.,0.,0.));
#7386=IFCDIRECTION((0.,1.,0.));
#7387=IFCDIRECTION((0.,0.,1.));
#7388=IFCCARTESIANTRANSFORMATIONOPERATOR3D(#7385,#7386,#7384,1.,#7387);
#7389=IFCMAPPEDITEM(#7329,#7388);
#7390=IFCSHAPEREPRESENTATION(#24,'Body','MappedRepresentation',(#7389));
#7391=IFCOPENINGELEMENT('3j8pPLEjTFNRNc5u0tcSsD',$,'Opening',$,$,#7819,#7419,$,.OPENING.);
#7407=IFCCARTESIANPOINT((0.,0.,0.));
#7408=IFCDIRECTION((1.,0.,0.));
#7409=IFCDIRECTION((0.,0.,1.));
#7410=IFCAXIS2PLACEMENT3D(#7407,#7409,#7408);
#7411=IFCREPRESENTATIONMAP(#7410,#7809);
#7412=IFCCARTESIANPOINT((0.,0.,0.));
#7413=IFCDIRECTION((1.,0.,0.));
#7414=IFCDIRECTION((0.,1.,0.));
#7415=IFCDIRECTION((0.,0.,1.));
#7416=IFCCARTESIANTRANSFORMATIONOPERATOR3D(#7413,#7414,#7412,1.,#7415);
#7417=IFCMAPPEDITEM(#7411,#7416);
#7418=IFCSHAPEREPRESENTATION(#11,'Body','MappedRepresentation',(#7417));
#7419=IFCPRODUCTDEFINITIONSHAPE($,$,(#7418));
#7420=IFCRELVOIDSELEMENT('3si1wjKL9ECwBy3zqzi9cF',$,$,$,#5649,#7391);
#7426=IFCRELFILLSELEMENT('0KGjKO3FbEAgR3ZEgHlaII',$,$,$,#7391,#7367);
#7435=IFCCARTESIANPOINTLIST2D(((0.61674511432647705,0.),(0.,0.),(0.,0.89999997615814209),(0.61674511432647705,0.89999997615814209),(0.61674511432647705,0.87499997578561306),(0.02500000037252903,0.87499997578561306),(0.02500000037252903,0.02500000037252903),(0.61674511432647705,0.02500000037252903)));
#7436=IFCINDEXEDPOLYCURVE(#7435,(IFCLINEINDEX((1,2,3,4,5,6,7,8,1))),$);
#7437=IFCARBITRARYCLOSEDPROFILEDEF(.AREA.,$,#7436);
#7438=IFCCARTESIANPOINT((0.,0.090000001713633537,0.));
#7439=IFCDIRECTION((0.,-1.,0.));
#7440=IFCDIRECTION((1.,0.,0.));
#7441=IFCAXIS2PLACEMENT3D(#7438,#7439,#7440);
#7442=IFCDIRECTION((0.,0.,-1.));
#7443=IFCEXTRUDEDAREASOLID(#7437,#7441,#7442,0.0099999997764825821);
#7444=IFCCARTESIANPOINTLIST2D(((0.,0.),(0.61674511432647705,0.),(0.61674511432647705,0.89999997615814209),(0.,0.89999997615814209)));
#7445=IFCINDEXEDPOLYCURVE(#7444,(IFCLINEINDEX((1,2,3,4,1))),$);
#7446=IFCCARTESIANPOINTLIST2D(((0.05000000074505806,0.05000000074505806),(0.59174511395394802,0.05000000074505806),(0.59174511395394802,0.84999997541308403),(0.05000000074505806,0.84999997541308403)));
#7447=IFCINDEXEDPOLYCURVE(#7446,(IFCLINEINDEX((1,2,3,4,1))),$);
#7448=IFCARBITRARYPROFILEDEFWITHVOIDS(.AREA.,$,#7445,(#7447));
#7449=IFCCARTESIANPOINT((0.,0.05000000074505806,0.));
#7450=IFCDIRECTION((0.,-1.,0.));
#7451=IFCDIRECTION((1.,0.,0.));
#7452=IFCAXIS2PLACEMENT3D(#7449,#7450,#7451);
#7453=IFCDIRECTION((0.,0.,-1.));
#7454=IFCEXTRUDEDAREASOLID(#7448,#7452,#7453,0.040000000968575478);
#7455=IFCCARTESIANPOINTLIST2D(((0.,0.),(0.59174511395394802,0.),(0.59174511395394802,0.84999997541308403),(0.,0.84999997541308403)));
#7456=IFCINDEXEDPOLYCURVE(#7455,(IFCLINEINDEX((1,2,3,4,1))),$);
#7457=IFCCARTESIANPOINTLIST2D(((0.035000000149011612,0.035000000149011612),(0.55674511380493641,0.035000000149011612),(0.55674511380493641,0.81499997526407242),(0.035000000149011612,0.81499997526407242)));
#7458=IFCINDEXEDPOLYCURVE(#7457,(IFCLINEINDEX((1,2,3,4,1))),$);
#7459=IFCARBITRARYPROFILEDEFWITHVOIDS(.AREA.,$,#7456,(#7458));
#7460=IFCCARTESIANPOINT((0.02500000037252903,0.090000001713633537,0.02500000037252903));
#7461=IFCDIRECTION((0.,-1.,0.));
#7462=IFCDIRECTION((1.,0.,0.));
#7463=IFCAXIS2PLACEMENT3D(#7460,#7461,#7462);
#7464=IFCDIRECTION((0.,0.,-1.));
#7465=IFCEXTRUDEDAREASOLID(#7459,#7463,#7464,0.035000000149011612);
#7466=IFCINDEXEDPOLYCURVE(#7467,(IFCLINEINDEX((1,2,3,4,1))),$);
#7467=IFCCARTESIANPOINTLIST2D(((0.035000000149011612,0.035000000149011612),(0.55674511380493641,0.035000000149011612),(0.55674511380493641,0.81499997526407242),(0.035000000149011612,0.81499997526407242)));
#7468=IFCARBITRARYCLOSEDPROFILEDEF(.AREA.,$,#7466);
#7469=IFCCARTESIANPOINT((0.02500000037252903,0.10250000178813934,0.02500000037252903));
#7470=IFCDIRECTION((0.,-1.,0.));
#7471=IFCDIRECTION((1.,0.,0.));
#7472=IFCAXIS2PLACEMENT3D(#7469,#7470,#7471);
#7473=IFCDIRECTION((0.,0.,-1.));
#7474=IFCEXTRUDEDAREASOLID(#7468,#7472,#7473,0.01);
#7475=IFCCARTESIANPOINTLIST2D(((0.,0.89999997615814209),(0.17637944221496582,0.89999997615814209),(0.17637944221496582,0.),(0.,0.),(0.,0.02500000037252903),(0.15137944184243679,0.02500000037252903),(0.15137944184243679,0.87499997578561306),(0.,0.87499997578561306)));
#7476=IFCINDEXEDPOLYCURVE(#7475,(IFCLINEINDEX((1,2,3,4,5,6,7,8,1))),$);
#7477=IFCARBITRARYCLOSEDPROFILEDEF(.AREA.,$,#7476);
#7478=IFCCARTESIANPOINT((0.61674511432647705,0.090000001713633537,0.));
#7479=IFCDIRECTION((0.,-1.,0.));
#7480=IFCDIRECTION((1.,0.,0.));
#7481=IFCAXIS2PLACEMENT3D(#7478,#7479,#7480);
#7482=IFCDIRECTION((0.,0.,-1.));
#7483=IFCEXTRUDEDAREASOLID(#7477,#7481,#7482,0.0099999997764825821);
#7484=IFCCARTESIANPOINTLIST2D(((0.,0.),(0.17637944221496582,0.),(0.17637944221496582,0.89999997615814209),(0.,0.89999997615814209)));
#7485=IFCINDEXEDPOLYCURVE(#7484,(IFCLINEINDEX((1,2,3,4,1))),$);
#7486=IFCCARTESIANPOINTLIST2D(((0.02500000037252903,0.05000000074505806),(0.12637944146990776,0.05000000074505806),(0.12637944146990776,0.84999997541308403),(0.02500000037252903,0.84999997541308403)));
#7487=IFCINDEXEDPOLYCURVE(#7486,(IFCLINEINDEX((1,2,3,4,1))),$);
#7488=IFCARBITRARYPROFILEDEFWITHVOIDS(.AREA.,$,#7485,(#7487));
#7489=IFCCARTESIANPOINT((0.61674511432647705,0.05000000074505806,0.));
#7490=IFCDIRECTION((0.,-1.,0.));
#7491=IFCDIRECTION((1.,0.,0.));
#7492=IFCAXIS2PLACEMENT3D(#7489,#7490,#7491);
#7493=IFCDIRECTION((0.,0.,-1.));
#7494=IFCEXTRUDEDAREASOLID(#7488,#7492,#7493,0.040000000968575478);
#7495=IFCCARTESIANPOINTLIST2D(((0.,0.),(0.15137944184243679,0.),(0.15137944184243679,0.84999997541308403),(0.,0.84999997541308403)));
#7496=IFCINDEXEDPOLYCURVE(#7495,(IFCLINEINDEX((1,2,3,4,1))),$);
#7497=IFCCARTESIANPOINTLIST2D(((0.035000000149011612,0.035000000149011612),(0.11637944169342518,0.035000000149011612),(0.11637944169342518,0.81499997526407242),(0.035000000149011612,0.81499997526407242)));
#7498=IFCINDEXEDPOLYCURVE(#7497,(IFCLINEINDEX((1,2,3,4,1))),$);
#7499=IFCARBITRARYPROFILEDEFWITHVOIDS(.AREA.,$,#7496,(#7498));
#7500=IFCCARTESIANPOINT((0.61674511432647705,0.090000001713633537,0.02500000037252903));
#7501=IFCDIRECTION((0.,-1.,0.));
#7502=IFCDIRECTION((1.,0.,0.));
#7503=IFCAXIS2PLACEMENT3D(#7500,#7501,#7502);
#7504=IFCDIRECTION((0.,0.,-1.));
#7505=IFCEXTRUDEDAREASOLID(#7499,#7503,#7504,0.035000000149011612);
#7506=IFCINDEXEDPOLYCURVE(#7507,(IFCLINEINDEX((1,2,3,4,1))),$);
#7507=IFCCARTESIANPOINTLIST2D(((0.035000000149011612,0.035000000149011612),(0.11637944169342518,0.035000000149011612),(0.11637944169342518,0.81499997526407242),(0.035000000149011612,0.81499997526407242)));
#7508=IFCARBITRARYCLOSEDPROFILEDEF(.AREA.,$,#7506);
#7509=IFCCARTESIANPOINT((0.61674511432647705,0.10250000178813934,0.02500000037252903));
#7510=IFCDIRECTION((0.,-1.,0.));
#7511=IFCDIRECTION((1.,0.,0.));
#7512=IFCAXIS2PLACEMENT3D(#7509,#7510,#7511);
#7513=IFCDIRECTION((0.,0.,-1.));
#7514=IFCEXTRUDEDAREASOLID(#7508,#7512,#7513,0.01);
#7516=IFCSHAPEREPRESENTATION(#11,'Body','SweptSolid',(#7454,#7631,#7642,#7591,#7750,#7494,#7483,#7761,#7443,#7602));
#7517=IFCSHAPEASPECT((#7516),'Lining',$,.T.,#7376);
#7518=IFCSHAPEREPRESENTATION(#11,'Body','SweptSolid',(#7465,#7772,#7653,#7505,#7613));
#7519=IFCSHAPEASPECT((#7518),'Framing',$,.T.,#7376);
#7520=IFCSHAPEREPRESENTATION(#11,'Body','SweptSolid',(#7514,#7622,#7781,#7474,#7662));
#7521=IFCSHAPEASPECT((#7520),'Glazing',$,.T.,#7376);
#7583=IFCCARTESIANPOINTLIST2D(((0.61674511432647705,0.),(0.,0.),(0.,0.89999997615814209),(0.61674511432647705,0.89999997615814209),(0.61674511432647705,0.87499997578561306),(0.02500000037252903,0.87499997578561306),(0.02500000037252903,0.02500000037252903),(0.61674511432647705,0.02500000037252903)));
#7584=IFCINDEXEDPOLYCURVE(#7583,(IFCLINEINDEX((1,2,3,4,5,6,7,8,1))),$);
#7585=IFCARBITRARYCLOSEDPROFILEDEF(.AREA.,$,#7584);
#7586=IFCCARTESIANPOINT((0.,0.090000001713633537,0.));
#7587=IFCDIRECTION((0.,-1.,0.));
#7588=IFCDIRECTION((1.,0.,0.));
#7589=IFCAXIS2PLACEMENT3D(#7586,#7587,#7588);
#7590=IFCDIRECTION((0.,0.,-1.));
#7591=IFCEXTRUDEDAREASOLID(#7585,#7589,#7590,0.0099999997764825821);
#7592=IFCCARTESIANPOINTLIST2D(((0.,0.),(0.61674511432647705,0.),(0.61674511432647705,0.89999997615814209),(0.,0.89999997615814209)));
#7593=IFCINDEXEDPOLYCURVE(#7592,(IFCLINEINDEX((1,2,3,4,1))),$);
#7594=IFCCARTESIANPOINTLIST2D(((0.05000000074505806,0.05000000074505806),(0.59174511395394802,0.05000000074505806),(0.59174511395394802,0.84999997541308403),(0.05000000074505806,0.84999997541308403)));
#7595=IFCINDEXEDPOLYCURVE(#7594,(IFCLINEINDEX((1,2,3,4,1))),$);
#7596=IFCARBITRARYPROFILEDEFWITHVOIDS(.AREA.,$,#7593,(#7595));
#7597=IFCCARTESIANPOINT((0.,0.05000000074505806,0.));
#7598=IFCDIRECTION((0.,-1.,0.));
#7599=IFCDIRECTION((1.,0.,0.));
#7600=IFCAXIS2PLACEMENT3D(#7597,#7598,#7599);
#7601=IFCDIRECTION((0.,0.,-1.));
#7602=IFCEXTRUDEDAREASOLID(#7596,#7600,#7601,0.040000000968575478);
#7603=IFCCARTESIANPOINTLIST2D(((0.,0.),(0.59174511395394802,0.),(0.59174511395394802,0.84999997541308403),(0.,0.84999997541308403)));
#7604=IFCINDEXEDPOLYCURVE(#7603,(IFCLINEINDEX((1,2,3,4,1))),$);
#7605=IFCCARTESIANPOINTLIST2D(((0.035000000149011612,0.035000000149011612),(0.55674511380493641,0.035000000149011612),(0.55674511380493641,0.81499997526407242),(0.035000000149011612,0.81499997526407242)));
#7606=IFCINDEXEDPOLYCURVE(#7605,(IFCLINEINDEX((1,2,3,4,1))),$);
#7607=IFCARBITRARYPROFILEDEFWITHVOIDS(.AREA.,$,#7604,(#7606));
#7608=IFCCARTESIANPOINT((0.02500000037252903,0.090000001713633537,0.02500000037252903));
#7609=IFCDIRECTION((0.,-1.,0.));
#7610=IFCDIRECTION((1.,0.,0.));
#7611=IFCAXIS2PLACEMENT3D(#7608,#7609,#7610);
#7612=IFCDIRECTION((0.,0.,-1.));
#7613=IFCEXTRUDEDAREASOLID(#7607,#7611,#7612,0.035000000149011612);
#7614=IFCINDEXEDPOLYCURVE(#7615,(IFCLINEINDEX((1,2,3,4,1))),$);
#7615=IFCCARTESIANPOINTLIST2D(((0.035000000149011612,0.035000000149011612),(0.55674511380493641,0.035000000149011612),(0.55674511380493641,0.81499997526407242),(0.035000000149011612,0.81499997526407242)));
#7616=IFCARBITRARYCLOSEDPROFILEDEF(.AREA.,$,#7614);
#7617=IFCCARTESIANPOINT((0.02500000037252903,0.10250000178813934,0.02500000037252903));
#7618=IFCDIRECTION((0.,-1.,0.));
#7619=IFCDIRECTION((1.,0.,0.));
#7620=IFCAXIS2PLACEMENT3D(#7617,#7618,#7619);
#7621=IFCDIRECTION((0.,0.,-1.));
#7622=IFCEXTRUDEDAREASOLID(#7616,#7620,#7621,0.01);
#7623=IFCCARTESIANPOINTLIST2D(((0.,0.89999997615814209),(0.17637944221496582,0.89999997615814209),(0.17637944221496582,0.),(0.,0.),(0.,0.02500000037252903),(0.15137944184243679,0.02500000037252903),(0.15137944184243679,0.87499997578561306),(0.,0.87499997578561306)));
#7624=IFCINDEXEDPOLYCURVE(#7623,(IFCLINEINDEX((1,2,3,4,5,6,7,8,1))),$);
#7625=IFCARBITRARYCLOSEDPROFILEDEF(.AREA.,$,#7624);
#7626=IFCCARTESIANPOINT((0.61674511432647705,0.090000001713633537,0.));
#7627=IFCDIRECTION((0.,-1.,0.));
#7628=IFCDIRECTION((1.,0.,0.));
#7629=IFCAXIS2PLACEMENT3D(#7626,#7627,#7628);
#7630=IFCDIRECTION((0.,0.,-1.));
#7631=IFCEXTRUDEDAREASOLID(#7625,#7629,#7630,0.0099999997764825821);
#7632=IFCCARTESIANPOINTLIST2D(((0.,0.),(0.17637944221496582,0.),(0.17637944221496582,0.89999997615814209),(0.,0.89999997615814209)));
#7633=IFCINDEXEDPOLYCURVE(#7632,(IFCLINEINDEX((1,2,3,4,1))),$);
#7634=IFCCARTESIANPOINTLIST2D(((0.02500000037252903,0.05000000074505806),(0.12637944146990776,0.05000000074505806),(0.12637944146990776,0.84999997541308403),(0.02500000037252903,0.84999997541308403)));
#7635=IFCINDEXEDPOLYCURVE(#7634,(IFCLINEINDEX((1,2,3,4,1))),$);
#7636=IFCARBITRARYPROFILEDEFWITHVOIDS(.AREA.,$,#7633,(#7635));
#7637=IFCCARTESIANPOINT((0.61674511432647705,0.05000000074505806,0.));
#7638=IFCDIRECTION((0.,-1.,0.));
#7639=IFCDIRECTION((1.,0.,0.));
#7640=IFCAXIS2PLACEMENT3D(#7637,#7638,#7639);
#7641=IFCDIRECTION((0.,0.,-1.));
#7642=IFCEXTRUDEDAREASOLID(#7636,#7640,#7641,0.040000000968575478);
#7643=IFCCARTESIANPOINTLIST2D(((0.,0.),(0.15137944184243679,0.),(0.15137944184243679,0.84999997541308403),(0.,0.84999997541308403)));
#7644=IFCINDEXEDPOLYCURVE(#7643,(IFCLINEINDEX((1,2,3,4,1))),$);
#7645=IFCCARTESIANPOINTLIST2D(((0.035000000149011612,0.035000000149011612),(0.11637944169342518,0.035000000149011612),(0.11637944169342518,0.81499997526407242),(0.035000000149011612,0.81499997526407242)));
#7646=IFCINDEXEDPOLYCURVE(#7645,(IFCLINEINDEX((1,2,3,4,1))),$);
#7647=IFCARBITRARYPROFILEDEFWITHVOIDS(.AREA.,$,#7644,(#7646));
#7648=IFCCARTESIANPOINT((0.61674511432647705,0.090000001713633537,0.02500000037252903));
#7649=IFCDIRECTION((0.,-1.,0.));
#7650=IFCDIRECTION((1.,0.,0.));
#7651=IFCAXIS2PLACEMENT3D(#7648,#7649,#7650);
#7652=IFCDIRECTION((0.,0.,-1.));
#7653=IFCEXTRUDEDAREASOLID(#7647,#7651,#7652,0.035000000149011612);
#7654=IFCINDEXEDPOLYCURVE(#7655,(IFCLINEINDEX((1,2,3,4,1))),$);
#7655=IFCCARTESIANPOINTLIST2D(((0.035000000149011612,0.035000000149011612),(0.11637944169342518,0.035000000149011612),(0.11637944169342518,0.81499997526407242),(0.035000000149011612,0.81499997526407242)));
#7656=IFCARBITRARYCLOSEDPROFILEDEF(.AREA.,$,#7654);
#7657=IFCCARTESIANPOINT((0.61674511432647705,0.10250000178813934,0.02500000037252903));
#7658=IFCDIRECTION((0.,-1.,0.));
#7659=IFCDIRECTION((1.,0.,0.));
#7660=IFCAXIS2PLACEMENT3D(#7657,#7658,#7659);
#7661=IFCDIRECTION((0.,0.,-1.));
#7662=IFCEXTRUDEDAREASOLID(#7656,#7660,#7661,0.01);
#7737=IFCCARTESIANPOINTLIST3D(((0.,0.,0.),(0.79312455654144287,0.,0.),(0.79312455654144287,0.,0.89999997615814209),(0.,0.,0.89999997615814209)));
#7738=IFCINDEXEDPOLYCURVE(#7737,(IFCLINEINDEX((1,2,3,4,1))),$);
#7739=IFCSHAPEREPRESENTATION(#18,'Profile','Curve3D',(#7738));
#7740=IFCCARTESIANPOINTLIST2D(((0.,0.),(0.79312455654144287,0.),(0.79312455654144287,0.89999997615814209),(0.,0.89999997615814209)));
#7741=IFCINDEXEDPOLYCURVE(#7740,(IFCLINEINDEX((1,2,3,4,1))),$);
#7742=IFCCARTESIANPOINTLIST2D(((0.02500000037252903,0.02500000037252903),(0.76812455616891384,0.02500000037252903),(0.76812455616891384,0.87499997578561306),(0.02500000037252903,0.87499997578561306)));
#7743=IFCINDEXEDPOLYCURVE(#7742,(IFCLINEINDEX((1,2,3,4,1))),$);
#7744=IFCARBITRARYPROFILEDEFWITHVOIDS(.AREA.,$,#7741,(#7743));
#7745=IFCCARTESIANPOINT((0.,0.090000001713633537,0.));
#7746=IFCDIRECTION((0.,-1.,0.));
#7747=IFCDIRECTION((1.,0.,0.));
#7748=IFCAXIS2PLACEMENT3D(#7745,#7746,#7747);
#7749=IFCDIRECTION((0.,0.,-1.));
#7750=IFCEXTRUDEDAREASOLID(#7744,#7748,#7749,0.0099999997764825821);
#7751=IFCCARTESIANPOINTLIST2D(((0.,0.),(0.79312455654144287,0.),(0.79312455654144287,0.89999997615814209),(0.,0.89999997615814209)));
#7752=IFCINDEXEDPOLYCURVE(#7751,(IFCLINEINDEX((1,2,3,4,1))),$);
#7753=IFCCARTESIANPOINTLIST2D(((0.05000000074505806,0.05000000074505806),(0.74312455579638481,0.05000000074505806),(0.74312455579638481,0.84999997541308403),(0.05000000074505806,0.84999997541308403)));
#7754=IFCINDEXEDPOLYCURVE(#7753,(IFCLINEINDEX((1,2,3,4,1))),$);
#7755=IFCARBITRARYPROFILEDEFWITHVOIDS(.AREA.,$,#7752,(#7754));
#7756=IFCCARTESIANPOINT((0.,0.05000000074505806,0.));
#7757=IFCDIRECTION((0.,-1.,0.));
#7758=IFCDIRECTION((1.,0.,0.));
#7759=IFCAXIS2PLACEMENT3D(#7756,#7757,#7758);
#7760=IFCDIRECTION((0.,0.,-1.));
#7761=IFCEXTRUDEDAREASOLID(#7755,#7759,#7760,0.040000000968575478);
#7762=IFCCARTESIANPOINTLIST2D(((0.,0.),(0.74312455579638481,0.),(0.74312455579638481,0.84999997541308403),(0.,0.84999997541308403)));
#7763=IFCINDEXEDPOLYCURVE(#7762,(IFCLINEINDEX((1,2,3,4,1))),$);
#7764=IFCCARTESIANPOINTLIST2D(((0.035000000149011612,0.035000000149011612),(0.7081245556473732,0.035000000149011612),(0.7081245556473732,0.81499997526407242),(0.035000000149011612,0.81499997526407242)));
#7765=IFCINDEXEDPOLYCURVE(#7764,(IFCLINEINDEX((1,2,3,4,1))),$);
#7766=IFCARBITRARYPROFILEDEFWITHVOIDS(.AREA.,$,#7763,(#7765));
#7767=IFCCARTESIANPOINT((0.02500000037252903,0.090000001713633537,0.02500000037252903));
#7768=IFCDIRECTION((0.,-1.,0.));
#7769=IFCDIRECTION((1.,0.,0.));
#7770=IFCAXIS2PLACEMENT3D(#7767,#7768,#7769);
#7771=IFCDIRECTION((0.,0.,-1.));
#7772=IFCEXTRUDEDAREASOLID(#7766,#7770,#7771,0.035000000149011612);
#7773=IFCINDEXEDPOLYCURVE(#7774,(IFCLINEINDEX((1,2,3,4,1))),$);
#7774=IFCCARTESIANPOINTLIST2D(((0.035000000149011612,0.035000000149011612),(0.7081245556473732,0.035000000149011612),(0.7081245556473732,0.81499997526407242),(0.035000000149011612,0.81499997526407242)));
#7775=IFCARBITRARYCLOSEDPROFILEDEF(.AREA.,$,#7773);
#7776=IFCCARTESIANPOINT((0.02500000037252903,0.10250000178813934,0.02500000037252903));
#7777=IFCDIRECTION((0.,-1.,0.));
#7778=IFCDIRECTION((1.,0.,0.));
#7779=IFCAXIS2PLACEMENT3D(#7776,#7777,#7778);
#7780=IFCDIRECTION((0.,0.,-1.));
#7781=IFCEXTRUDEDAREASOLID(#7775,#7779,#7780,0.01);
#7782=IFCSHAPEREPRESENTATION(#11,'Body','SweptSolid',(#7750,#7761,#7772,#7781));
#7783=IFCCARTESIANPOINTLIST2D(((0.05000000074505806,0.05000000074505806),(0.74312455579638481,0.05000000074505806)));
#7784=IFCINDEXEDPOLYCURVE(#7783,$,$);
#7785=IFCCARTESIANPOINTLIST2D(((0.,0.10000000149011612),(0.02500000037252903,0.10000000149011612),(0.02500000037252903,0.090000001713633537),(0.05000000074505806,0.090000001713633537),(0.05000000074505806,0.05000000074505806),(0.,0.05000000074505806)));
#7786=IFCINDEXEDPOLYCURVE(#7785,(IFCLINEINDEX((1,2,3,4,5,6,1))),$);
#7787=IFCCARTESIANPOINTLIST2D(((0.79312455654144287,0.10000000149011612),(0.76812455616891384,0.10000000149011612),(0.76812455616891384,0.090000001713633537),(0.74312455579638481,0.090000001713633537),(0.74312455579638481,0.05000000074505806),(0.79312455654144287,0.05000000074505806)));
#7788=IFCINDEXEDPOLYCURVE(#7787,(IFCLINEINDEX((1,2,3,4,5,6,1))),$);
#7789=IFCCARTESIANPOINTLIST2D(((0.02500000037252903,0.090000001713633537),(0.060000000521540642,0.090000001713633537),(0.060000000521540642,0.12500000186264515),(0.02500000037252903,0.12500000186264515)));
#7790=IFCINDEXEDPOLYCURVE(#7789,(IFCLINEINDEX((1,2,3,4,1))),$);
#7791=IFCINDEXEDPOLYCURVE(#7792,(IFCLINEINDEX((1,2,3,4,1))),$);
#7792=IFCCARTESIANPOINTLIST2D(((0.76812455616891384,0.090000001713633537),(0.73312455601990223,0.090000001713633537),(0.73312455601990223,0.12500000186264515),(0.76812455616891384,0.12500000186264515)));
#7793=IFCCARTESIANPOINTLIST2D(((0.060000000521540642,0.090000001713633537),(0.73312455601990223,0.090000001713633537)));
#7794=IFCINDEXEDPOLYCURVE(#7793,$,$);
#7795=IFCINDEXEDPOLYCURVE(#7796,$,$);
#7796=IFCCARTESIANPOINTLIST2D(((0.060000000521540642,0.12500000186264515),(0.73312455601990223,0.12500000186264515)));
#7797=IFCINDEXEDPOLYCURVE(#7798,$,$);
#7798=IFCCARTESIANPOINTLIST2D(((0.060000000521540642,0.10750000178813934),(0.73312455601990223,0.10750000178813934)));
#7799=IFCSHAPEREPRESENTATION(#24,'Body','Curve2D',(#7784,#7786,#7788,#7790,#7791,#7794,#7795,#7797));
#7800=IFCCARTESIANPOINTLIST2D(((0.,0.),(0.79312455654144287,0.),(0.79312455654144287,0.89999997615814209),(0.,0.89999997615814209)));
#7801=IFCINDEXEDPOLYCURVE(#7800,(IFCLINEINDEX((1,2,3,4,1))),$);
#7802=IFCARBITRARYCLOSEDPROFILEDEF(.AREA.,$,#7801);
#7803=IFCCARTESIANPOINT((0.,-0.60000002384185791,0.));
#7804=IFCDIRECTION((0.,-1.,0.));
#7805=IFCDIRECTION((1.,0.,0.));
#7806=IFCAXIS2PLACEMENT3D(#7803,#7804,#7805);
#7807=IFCDIRECTION((0.,0.,-1.));
#7808=IFCEXTRUDEDAREASOLID(#7802,#7806,#7807,1.2);
#7809=IFCSHAPEREPRESENTATION(#11,'Body','SweptSolid',(#7808));
#7815=IFCCARTESIANPOINT((1.5394768000352101,3.6060995745046398E-07,1.));
#7816=IFCDIRECTION((0.,0.,1.));
#7817=IFCDIRECTION((0.99999999999999289,1.1920928244535129E-07,0.));
#7818=IFCAXIS2PLACEMENT3D(#7815,#7816,#7817);
#7819=IFCLOCALPLACEMENT(#6031,#7818);
#7820=IFCCARTESIANPOINT((0.,0.,0.));
#7821=IFCDIRECTION((0.,0.,1.));
#7822=IFCDIRECTION((1.,0.,0.));
#7823=IFCAXIS2PLACEMENT3D(#7820,#7821,#7822);
#7824=IFCLOCALPLACEMENT(#7819,#7823);
#7825=IFCWINDOWTYPE('2nGHyODzv8nBG0nmjGAEWv',$,'Master''s 1-2F',$,$,(#7826),(#7828,#7836,#7884),$,$,.WINDOW.,.SINGLE_PANEL.,$,$);
#7826=IFCPROPERTYSET('2iCGIm5d91EOAfKuF6TL1l',$,'BBIM_Window',$,(#7827));
#7827=IFCPROPERTYSINGLEVALUE('Data',$,IFCTEXT('{"window_type": "SINGLE_PANEL", "overall_height": 0.8999999761581421, "overall_width": 0.7931245565414429, "lining_properties": {"lining_depth": 0.05000000074505806, "lining_thickness": 0.05000000074505806, "lining_offset": 0.05000000074505806, "lining_to_panel_offset_x": 0.02500000037252903, "lining_to_panel_offset_y": 0.02500000037252903}, "panel_properties": {"frame_depth": [0.03500000014901161, 0.03500000014901161, 0.03500000014901161], "frame_thickness": [0.03500000014901161, 0.03500000014901161, 0.03500000014901161]}}'),$);
#7828=IFCREPRESENTATIONMAP(#7829,#7833);
#7829=IFCAXIS2PLACEMENT3D(#7830,#7831,#7832);
#7830=IFCCARTESIANPOINT((0.,0.,0.));
#7831=IFCDIRECTION((0.,0.,1.));
#7832=IFCDIRECTION((1.,0.,0.));
#7833=IFCSHAPEREPRESENTATION(#18,'Profile','Curve3D',(#7834));
#7834=IFCINDEXEDPOLYCURVE(#7835,(IFCLINEINDEX((1,2,3,4,1))),$);
#7835=IFCCARTESIANPOINTLIST3D(((0.,0.,0.),(0.79312455654144287,0.,0.),(0.79312455654144287,0.,0.89999997615814209),(0.,0.,0.89999997615814209)));
#7836=IFCREPRESENTATIONMAP(#7837,#7841);
#7837=IFCAXIS2PLACEMENT3D(#7838,#7839,#7840);
#7838=IFCCARTESIANPOINT((0.,0.,0.));
#7839=IFCDIRECTION((0.,0.,1.));
#7840=IFCDIRECTION((1.,0.,0.));
#7841=IFCSHAPEREPRESENTATION(#11,'Body','SweptSolid',(#7842,#7853,#7864,#7875));
#7842=IFCEXTRUDEDAREASOLID(#7843,#7848,#7852,0.0099999997764825821);
#7843=IFCARBITRARYPROFILEDEFWITHVOIDS(.AREA.,$,#7844,(#7846));
#7844=IFCINDEXEDPOLYCURVE(#7845,(IFCLINEINDEX((1,2,3,4,1))),$);
#7845=IFCCARTESIANPOINTLIST2D(((0.,0.),(0.79312455654144287,0.),(0.79312455654144287,0.89999997615814209),(0.,0.89999997615814209)));
#7846=IFCINDEXEDPOLYCURVE(#7847,(IFCLINEINDEX((1,2,3,4,1))),$);
#7847=IFCCARTESIANPOINTLIST2D(((0.02500000037252903,0.02500000037252903),(0.76812455616891384,0.02500000037252903),(0.76812455616891384,0.87499997578561306),(0.02500000037252903,0.87499997578561306)));
#7848=IFCAXIS2PLACEMENT3D(#7849,#7850,#7851);
#7849=IFCCARTESIANPOINT((0.,0.090000001713633537,0.));
#7850=IFCDIRECTION((0.,-1.,0.));
#7851=IFCDIRECTION((1.,0.,0.));
#7852=IFCDIRECTION((0.,0.,-1.));
#7853=IFCEXTRUDEDAREASOLID(#7854,#7859,#7863,0.040000000968575478);
#7854=IFCARBITRARYPROFILEDEFWITHVOIDS(.AREA.,$,#7855,(#7857));
#7855=IFCINDEXEDPOLYCURVE(#7856,(IFCLINEINDEX((1,2,3,4,1))),$);
#7856=IFCCARTESIANPOINTLIST2D(((0.,0.),(0.79312455654144287,0.),(0.79312455654144287,0.89999997615814209),(0.,0.89999997615814209)));
#7857=IFCINDEXEDPOLYCURVE(#7858,(IFCLINEINDEX((1,2,3,4,1))),$);
#7858=IFCCARTESIANPOINTLIST2D(((0.05000000074505806,0.05000000074505806),(0.74312455579638481,0.05000000074505806),(0.74312455579638481,0.84999997541308403),(0.05000000074505806,0.84999997541308403)));
#7859=IFCAXIS2PLACEMENT3D(#7860,#7861,#7862);
#7860=IFCCARTESIANPOINT((0.,0.05000000074505806,0.));
#7861=IFCDIRECTION((0.,-1.,0.));
#7862=IFCDIRECTION((1.,0.,0.));
#7863=IFCDIRECTION((0.,0.,-1.));
#7864=IFCEXTRUDEDAREASOLID(#7865,#7870,#7874,0.035000000149011612);
#7865=IFCARBITRARYPROFILEDEFWITHVOIDS(.AREA.,$,#7866,(#7868));
#7866=IFCINDEXEDPOLYCURVE(#7867,(IFCLINEINDEX((1,2,3,4,1))),$);
#7867=IFCCARTESIANPOINTLIST2D(((0.,0.),(0.74312455579638481,0.),(0.74312455579638481,0.84999997541308403),(0.,0.84999997541308403)));
#7868=IFCINDEXEDPOLYCURVE(#7869,(IFCLINEINDEX((1,2,3,4,1))),$);
#7869=IFCCARTESIANPOINTLIST2D(((0.035000000149011612,0.035000000149011612),(0.7081245556473732,0.035000000149011612),(0.7081245556473732,0.81499997526407242),(0.035000000149011612,0.81499997526407242)));
#7870=IFCAXIS2PLACEMENT3D(#7871,#7872,#7873);
#7871=IFCCARTESIANPOINT((0.02500000037252903,0.090000001713633537,0.02500000037252903));
#7872=IFCDIRECTION((0.,-1.,0.));
#7873=IFCDIRECTION((1.,0.,0.));
#7874=IFCDIRECTION((0.,0.,-1.));
#7875=IFCEXTRUDEDAREASOLID(#7876,#7879,#7883,0.01);
#7876=IFCARBITRARYCLOSEDPROFILEDEF(.AREA.,$,#7877);
#7877=IFCINDEXEDPOLYCURVE(#7878,(IFCLINEINDEX((1,2,3,4,1))),$);
#7878=IFCCARTESIANPOINTLIST2D(((0.035000000149011612,0.035000000149011612),(0.7081245556473732,0.035000000149011612),(0.7081245556473732,0.81499997526407242),(0.035000000149011612,0.81499997526407242)));
#7879=IFCAXIS2PLACEMENT3D(#7880,#7881,#7882);
#7880=IFCCARTESIANPOINT((0.02500000037252903,0.10250000178813934,0.02500000037252903));
#7881=IFCDIRECTION((0.,-1.,0.));
#7882=IFCDIRECTION((1.,0.,0.));
#7883=IFCDIRECTION((0.,0.,-1.));
#7884=IFCREPRESENTATIONMAP(#7885,#7889);
#7885=IFCAXIS2PLACEMENT3D(#7886,#7887,#7888);
#7886=IFCCARTESIANPOINT((0.,0.,0.));
#7887=IFCDIRECTION((0.,0.,1.));
#7888=IFCDIRECTION((1.,0.,0.));
#7889=IFCSHAPEREPRESENTATION(#24,'Body','Curve2D',(#7890,#7892,#7894,#7896,#7898,#7900,#7902,#7904));
#7890=IFCINDEXEDPOLYCURVE(#7891,$,$);
#7891=IFCCARTESIANPOINTLIST2D(((0.05000000074505806,0.05000000074505806),(0.74312455579638481,0.05000000074505806)));
#7892=IFCINDEXEDPOLYCURVE(#7893,(IFCLINEINDEX((1,2,3,4,5,6,1))),$);
#7893=IFCCARTESIANPOINTLIST2D(((0.,0.10000000149011612),(0.02500000037252903,0.10000000149011612),(0.02500000037252903,0.090000001713633537),(0.05000000074505806,0.090000001713633537),(0.05000000074505806,0.05000000074505806),(0.,0.05000000074505806)));
#7894=IFCINDEXEDPOLYCURVE(#7895,(IFCLINEINDEX((1,2,3,4,5,6,1))),$);
#7895=IFCCARTESIANPOINTLIST2D(((0.79312455654144287,0.10000000149011612),(0.76812455616891384,0.10000000149011612),(0.76812455616891384,0.090000001713633537),(0.74312455579638481,0.090000001713633537),(0.74312455579638481,0.05000000074505806),(0.79312455654144287,0.05000000074505806)));
#7896=IFCINDEXEDPOLYCURVE(#7897,(IFCLINEINDEX((1,2,3,4,1))),$);
#7897=IFCCARTESIANPOINTLIST2D(((0.02500000037252903,0.090000001713633537),(0.060000000521540642,0.090000001713633537),(0.060000000521540642,0.12500000186264515),(0.02500000037252903,0.12500000186264515)));
#7898=IFCINDEXEDPOLYCURVE(#7899,(IFCLINEINDEX((1,2,3,4,1))),$);
#7899=IFCCARTESIANPOINTLIST2D(((0.76812455616891384,0.090000001713633537),(0.73312455601990223,0.090000001713633537),(0.73312455601990223,0.12500000186264515),(0.76812455616891384,0.12500000186264515)));
#7900=IFCINDEXEDPOLYCURVE(#7901,$,$);
#7901=IFCCARTESIANPOINTLIST2D(((0.060000000521540642,0.090000001713633537),(0.73312455601990223,0.090000001713633537)));
#7902=IFCINDEXEDPOLYCURVE(#7903,$,$);
#7903=IFCCARTESIANPOINTLIST2D(((0.060000000521540642,0.12500000186264515),(0.73312455601990223,0.12500000186264515)));
#7904=IFCINDEXEDPOLYCURVE(#7905,$,$);
#7905=IFCCARTESIANPOINTLIST2D(((0.060000000521540642,0.10750000178813934),(0.73312455601990223,0.10750000178813934)));
#7906=IFCWINDOW('1lDrsMUq56uA4LpOGPROWu',$,'Window',$,$,#8156,#7915,$,0.89999997615814209,0.79312455654144287,$,$,$);
#7907=IFCRELDEFINESBYTYPE('3mIrwz$mTFVPvo6TU2vGts',$,$,$,(#7906),#7825);
#7908=IFCCARTESIANPOINT((0.,0.,0.));
#7909=IFCDIRECTION((1.,0.,0.));
#7910=IFCDIRECTION((0.,1.,0.));
#7911=IFCDIRECTION((0.,0.,1.));
#7912=IFCCARTESIANTRANSFORMATIONOPERATOR3D(#7909,#7910,#7908,1.,#7911);
#7913=IFCMAPPEDITEM(#7828,#7912);
#7914=IFCSHAPEREPRESENTATION(#18,'Profile','MappedRepresentation',(#7913));
#7915=IFCPRODUCTDEFINITIONSHAPE($,$,(#7914,#7922,#7929));
#7916=IFCCARTESIANPOINT((0.,0.,0.));
#7917=IFCDIRECTION((1.,0.,0.));
#7918=IFCDIRECTION((0.,1.,0.));
#7919=IFCDIRECTION((0.,0.,1.));
#7920=IFCCARTESIANTRANSFORMATIONOPERATOR3D(#7917,#7918,#7916,1.,#7919);
#7921=IFCMAPPEDITEM(#7836,#7920);
#7922=IFCSHAPEREPRESENTATION(#11,'Body','MappedRepresentation',(#7921));
#7923=IFCCARTESIANPOINT((0.,0.,0.));
#7924=IFCDIRECTION((1.,0.,0.));
#7925=IFCDIRECTION((0.,1.,0.));
#7926=IFCDIRECTION((0.,0.,1.));
#7927=IFCCARTESIANTRANSFORMATIONOPERATOR3D(#7924,#7925,#7923,1.,#7926);
#7928=IFCMAPPEDITEM(#7884,#7927);
#7929=IFCSHAPEREPRESENTATION(#24,'Body','MappedRepresentation',(#7928));
#7930=IFCOPENINGELEMENT('1v9039BRLAXu8tkaEuxoN2',$,'Opening',$,$,#7980,#7958,$,.OPENING.);
#7936=IFCCARTESIANPOINTLIST2D(((0.,0.),(0.79312455654144287,0.),(0.79312455654144287,0.89999997615814209),(0.,0.89999997615814209)));
#7937=IFCINDEXEDPOLYCURVE(#7936,(IFCLINEINDEX((1,2,3,4,1))),$);
#7938=IFCARBITRARYCLOSEDPROFILEDEF(.AREA.,$,#7937);
#7939=IFCCARTESIANPOINT((0.,-0.60000002384185791,0.));
#7940=IFCDIRECTION((0.,-1.,0.));
#7941=IFCDIRECTION((1.,0.,0.));
#7942=IFCAXIS2PLACEMENT3D(#7939,#7940,#7941);
#7943=IFCDIRECTION((0.,0.,-1.));
#7944=IFCEXTRUDEDAREASOLID(#7938,#7942,#7943,1.2);
#7945=IFCSHAPEREPRESENTATION(#11,'Body','SweptSolid',(#7944));
#7946=IFCCARTESIANPOINT((0.,0.,0.));
#7947=IFCDIRECTION((1.,0.,0.));
#7948=IFCDIRECTION((0.,0.,1.));
#7949=IFCAXIS2PLACEMENT3D(#7946,#7948,#7947);
#7950=IFCREPRESENTATIONMAP(#7949,#7945);
#7951=IFCCARTESIANPOINT((0.,0.,0.));
#7952=IFCDIRECTION((1.,0.,0.));
#7953=IFCDIRECTION((0.,1.,0.));
#7954=IFCDIRECTION((0.,0.,1.));
#7955=IFCCARTESIANTRANSFORMATIONOPERATOR3D(#7952,#7953,#7951,1.,#7954);
#7956=IFCMAPPEDITEM(#7950,#7955);
#7957=IFCSHAPEREPRESENTATION(#11,'Body','MappedRepresentation',(#7956));
#7958=IFCPRODUCTDEFINITIONSHAPE($,$,(#7957));
#7959=IFCRELVOIDSELEMENT('2IBtQDCtj8b98SmPUNSuCb',$,$,$,#5649,#7930);
#7965=IFCRELFILLSELEMENT('2UHS_WLc19ffZjiUpY1alp',$,$,$,#7930,#7906);
#7976=IFCCARTESIANPOINT((3.5826397419679186,6.8319260160265571E-07,1.));
#7977=IFCDIRECTION((0.,0.,1.));
#7978=IFCDIRECTION((0.99999999999999289,1.1920928244535129E-07,0.));
#7979=IFCAXIS2PLACEMENT3D(#7976,#7977,#7978);
#7980=IFCLOCALPLACEMENT(#6031,#7979);
#7986=IFCWINDOWTYPE('3Fzo2atJ507uV4iQUGC3Ka',$,'Master''s 2-2F',$,$,(#7987),(#7989,#7997,#8045),$,$,.WINDOW.,.SINGLE_PANEL.,$,$);
#7987=IFCPROPERTYSET('3784X14Vr5igkdYmayfRoQ',$,'BBIM_Window',$,(#7988));
#7988=IFCPROPERTYSINGLEVALUE('Data',$,IFCTEXT('{"window_type": "SINGLE_PANEL", "overall_height": 0.8999999761581421, "overall_width": 0.7931245565414429, "lining_properties": {"lining_depth": 0.05000000074505806, "lining_thickness": 0.05000000074505806, "lining_offset": 0.05000000074505806, "lining_to_panel_offset_x": 0.02500000037252903, "lining_to_panel_offset_y": 0.02500000037252903}, "panel_properties": {"frame_depth": [0.03500000014901161, 0.03500000014901161, 0.03500000014901161], "frame_thickness": [0.03500000014901161, 0.03500000014901161, 0.03500000014901161]}}'),$);
#7989=IFCREPRESENTATIONMAP(#7990,#7994);
#7990=IFCAXIS2PLACEMENT3D(#7991,#7992,#7993);
#7991=IFCCARTESIANPOINT((0.,0.,0.));
#7992=IFCDIRECTION((0.,0.,1.));
#7993=IFCDIRECTION((1.,0.,0.));
#7994=IFCSHAPEREPRESENTATION(#18,'Profile','Curve3D',(#7995));
#7995=IFCINDEXEDPOLYCURVE(#7996,(IFCLINEINDEX((1,2,3,4,1))),$);
#7996=IFCCARTESIANPOINTLIST3D(((0.,0.,0.),(0.79312455654144287,0.,0.),(0.79312455654144287,0.,0.89999997615814209),(0.,0.,0.89999997615814209)));
#7997=IFCREPRESENTATIONMAP(#7998,#8002);
#7998=IFCAXIS2PLACEMENT3D(#7999,#8000,#8001);
#7999=IFCCARTESIANPOINT((0.,0.,0.));
#8000=IFCDIRECTION((0.,0.,1.));
#8001=IFCDIRECTION((1.,0.,0.));
#8002=IFCSHAPEREPRESENTATION(#11,'Body','SweptSolid',(#8003,#8014,#8025,#8036));
#8003=IFCEXTRUDEDAREASOLID(#8004,#8009,#8013,0.0099999997764825821);
#8004=IFCARBITRARYPROFILEDEFWITHVOIDS(.AREA.,$,#8005,(#8007));
#8005=IFCINDEXEDPOLYCURVE(#8006,(IFCLINEINDEX((1,2,3,4,1))),$);
#8006=IFCCARTESIANPOINTLIST2D(((0.,0.),(0.79312455654144287,0.),(0.79312455654144287,0.89999997615814209),(0.,0.89999997615814209)));
#8007=IFCINDEXEDPOLYCURVE(#8008,(IFCLINEINDEX((1,2,3,4,1))),$);
#8008=IFCCARTESIANPOINTLIST2D(((0.02500000037252903,0.02500000037252903),(0.76812455616891384,0.02500000037252903),(0.76812455616891384,0.87499997578561306),(0.02500000037252903,0.87499997578561306)));
#8009=IFCAXIS2PLACEMENT3D(#8010,#8011,#8012);
#8010=IFCCARTESIANPOINT((0.,0.090000001713633537,0.));
#8011=IFCDIRECTION((0.,-1.,0.));
#8012=IFCDIRECTION((1.,0.,0.));
#8013=IFCDIRECTION((0.,0.,-1.));
#8014=IFCEXTRUDEDAREASOLID(#8015,#8020,#8024,0.040000000968575478);
#8015=IFCARBITRARYPROFILEDEFWITHVOIDS(.AREA.,$,#8016,(#8018));
#8016=IFCINDEXEDPOLYCURVE(#8017,(IFCLINEINDEX((1,2,3,4,1))),$);
#8017=IFCCARTESIANPOINTLIST2D(((0.,0.),(0.79312455654144287,0.),(0.79312455654144287,0.89999997615814209),(0.,0.89999997615814209)));
#8018=IFCINDEXEDPOLYCURVE(#8019,(IFCLINEINDEX((1,2,3,4,1))),$);
#8019=IFCCARTESIANPOINTLIST2D(((0.05000000074505806,0.05000000074505806),(0.74312455579638481,0.05000000074505806),(0.74312455579638481,0.84999997541308403),(0.05000000074505806,0.84999997541308403)));
#8020=IFCAXIS2PLACEMENT3D(#8021,#8022,#8023);
#8021=IFCCARTESIANPOINT((0.,0.05000000074505806,0.));
#8022=IFCDIRECTION((0.,-1.,0.));
#8023=IFCDIRECTION((1.,0.,0.));
#8024=IFCDIRECTION((0.,0.,-1.));
#8025=IFCEXTRUDEDAREASOLID(#8026,#8031,#8035,0.035000000149011612);
#8026=IFCARBITRARYPROFILEDEFWITHVOIDS(.AREA.,$,#8027,(#8029));
#8027=IFCINDEXEDPOLYCURVE(#8028,(IFCLINEINDEX((1,2,3,4,1))),$);
#8028=IFCCARTESIANPOINTLIST2D(((0.,0.),(0.74312455579638481,0.),(0.74312455579638481,0.84999997541308403),(0.,0.84999997541308403)));
#8029=IFCINDEXEDPOLYCURVE(#8030,(IFCLINEINDEX((1,2,3,4,1))),$);
#8030=IFCCARTESIANPOINTLIST2D(((0.035000000149011612,0.035000000149011612),(0.7081245556473732,0.035000000149011612),(0.7081245556473732,0.81499997526407242),(0.035000000149011612,0.81499997526407242)));
#8031=IFCAXIS2PLACEMENT3D(#8032,#8033,#8034);
#8032=IFCCARTESIANPOINT((0.02500000037252903,0.090000001713633537,0.02500000037252903));
#8033=IFCDIRECTION((0.,-1.,0.));
#8034=IFCDIRECTION((1.,0.,0.));
#8035=IFCDIRECTION((0.,0.,-1.));
#8036=IFCEXTRUDEDAREASOLID(#8037,#8040,#8044,0.01);
#8037=IFCARBITRARYCLOSEDPROFILEDEF(.AREA.,$,#8038);
#8038=IFCINDEXEDPOLYCURVE(#8039,(IFCLINEINDEX((1,2,3,4,1))),$);
#8039=IFCCARTESIANPOINTLIST2D(((0.035000000149011612,0.035000000149011612),(0.7081245556473732,0.035000000149011612),(0.7081245556473732,0.81499997526407242),(0.035000000149011612,0.81499997526407242)));
#8040=IFCAXIS2PLACEMENT3D(#8041,#8042,#8043);
#8041=IFCCARTESIANPOINT((0.02500000037252903,0.10250000178813934,0.02500000037252903));
#8042=IFCDIRECTION((0.,-1.,0.));
#8043=IFCDIRECTION((1.,0.,0.));
#8044=IFCDIRECTION((0.,0.,-1.));
#8045=IFCREPRESENTATIONMAP(#8046,#8050);
#8046=IFCAXIS2PLACEMENT3D(#8047,#8048,#8049);
#8047=IFCCARTESIANPOINT((0.,0.,0.));
#8048=IFCDIRECTION((0.,0.,1.));
#8049=IFCDIRECTION((1.,0.,0.));
#8050=IFCSHAPEREPRESENTATION(#24,'Body','Curve2D',(#8051,#8053,#8055,#8057,#8059,#8061,#8063,#8065));
#8051=IFCINDEXEDPOLYCURVE(#8052,$,$);
#8052=IFCCARTESIANPOINTLIST2D(((0.05000000074505806,0.05000000074505806),(0.74312455579638481,0.05000000074505806)));
#8053=IFCINDEXEDPOLYCURVE(#8054,(IFCLINEINDEX((1,2,3,4,5,6,1))),$);
#8054=IFCCARTESIANPOINTLIST2D(((0.,0.10000000149011612),(0.02500000037252903,0.10000000149011612),(0.02500000037252903,0.090000001713633537),(0.05000000074505806,0.090000001713633537),(0.05000000074505806,0.05000000074505806),(0.,0.05000000074505806)));
#8055=IFCINDEXEDPOLYCURVE(#8056,(IFCLINEINDEX((1,2,3,4,5,6,1))),$);
#8056=IFCCARTESIANPOINTLIST2D(((0.79312455654144287,0.10000000149011612),(0.76812455616891384,0.10000000149011612),(0.76812455616891384,0.090000001713633537),(0.74312455579638481,0.090000001713633537),(0.74312455579638481,0.05000000074505806),(0.79312455654144287,0.05000000074505806)));
#8057=IFCINDEXEDPOLYCURVE(#8058,(IFCLINEINDEX((1,2,3,4,1))),$);
#8058=IFCCARTESIANPOINTLIST2D(((0.02500000037252903,0.090000001713633537),(0.060000000521540642,0.090000001713633537),(0.060000000521540642,0.12500000186264515),(0.02500000037252903,0.12500000186264515)));
#8059=IFCINDEXEDPOLYCURVE(#8060,(IFCLINEINDEX((1,2,3,4,1))),$);
#8060=IFCCARTESIANPOINTLIST2D(((0.76812455616891384,0.090000001713633537),(0.73312455601990223,0.090000001713633537),(0.73312455601990223,0.12500000186264515),(0.76812455616891384,0.12500000186264515)));
#8061=IFCINDEXEDPOLYCURVE(#8062,$,$);
#8062=IFCCARTESIANPOINTLIST2D(((0.060000000521540642,0.090000001713633537),(0.73312455601990223,0.090000001713633537)));
#8063=IFCINDEXEDPOLYCURVE(#8064,$,$);
#8064=IFCCARTESIANPOINTLIST2D(((0.060000000521540642,0.12500000186264515),(0.73312455601990223,0.12500000186264515)));
#8065=IFCINDEXEDPOLYCURVE(#8066,$,$);
#8066=IFCCARTESIANPOINTLIST2D(((0.060000000521540642,0.10750000178813934),(0.73312455601990223,0.10750000178813934)));
#8067=IFCWINDOW('3FixPnn3LD4fCinFtHl2qv',$,'Window',$,$,#8161,#8076,$,0.89999997615814209,0.79312455654144287,$,$,$);
#8068=IFCRELDEFINESBYTYPE('1LJSLJSDDFbujgY6crtYtY',$,$,$,(#8067),#7986);
#8069=IFCCARTESIANPOINT((0.,0.,0.));
#8070=IFCDIRECTION((1.,0.,0.));
#8071=IFCDIRECTION((0.,1.,0.));
#8072=IFCDIRECTION((0.,0.,1.));
#8073=IFCCARTESIANTRANSFORMATIONOPERATOR3D(#8070,#8071,#8069,1.,#8072);
#8074=IFCMAPPEDITEM(#7989,#8073);
#8075=IFCSHAPEREPRESENTATION(#18,'Profile','MappedRepresentation',(#8074));
#8076=IFCPRODUCTDEFINITIONSHAPE($,$,(#8075,#8083,#8090));
#8077=IFCCARTESIANPOINT((0.,0.,0.));
#8078=IFCDIRECTION((1.,0.,0.));
#8079=IFCDIRECTION((0.,1.,0.));
#8080=IFCDIRECTION((0.,0.,1.));
#8081=IFCCARTESIANTRANSFORMATIONOPERATOR3D(#8078,#8079,#8077,1.,#8080);
#8082=IFCMAPPEDITEM(#7997,#8081);
#8083=IFCSHAPEREPRESENTATION(#11,'Body','MappedRepresentation',(#8082));
#8084=IFCCARTESIANPOINT((0.,0.,0.));
#8085=IFCDIRECTION((1.,0.,0.));
#8086=IFCDIRECTION((0.,1.,0.));
#8087=IFCDIRECTION((0.,0.,1.));
#8088=IFCCARTESIANTRANSFORMATIONOPERATOR3D(#8085,#8086,#8084,1.,#8087);
#8089=IFCMAPPEDITEM(#8045,#8088);
#8090=IFCSHAPEREPRESENTATION(#24,'Body','MappedRepresentation',(#8089));
#8091=IFCOPENINGELEMENT('3CYZckOu5AZPh$wLI2HcKb',$,'Opening',$,$,#8141,#8119,$,.OPENING.);
#8097=IFCCARTESIANPOINTLIST2D(((0.,0.),(0.79312455654144287,0.),(0.79312455654144287,0.89999997615814209),(0.,0.89999997615814209)));
#8098=IFCINDEXEDPOLYCURVE(#8097,(IFCLINEINDEX((1,2,3,4,1))),$);
#8099=IFCARBITRARYCLOSEDPROFILEDEF(.AREA.,$,#8098);
#8100=IFCCARTESIANPOINT((0.,-0.60000002384185791,0.));
#8101=IFCDIRECTION((0.,-1.,0.));
#8102=IFCDIRECTION((1.,0.,0.));
#8103=IFCAXIS2PLACEMENT3D(#8100,#8101,#8102);
#8104=IFCDIRECTION((0.,0.,-1.));
#8105=IFCEXTRUDEDAREASOLID(#8099,#8103,#8104,1.2);
#8106=IFCSHAPEREPRESENTATION(#11,'Body','SweptSolid',(#8105));
#8107=IFCCARTESIANPOINT((0.,0.,0.));
#8108=IFCDIRECTION((1.,0.,0.));
#8109=IFCDIRECTION((0.,0.,1.));
#8110=IFCAXIS2PLACEMENT3D(#8107,#8109,#8108);
#8111=IFCREPRESENTATIONMAP(#8110,#8106);
#8112=IFCCARTESIANPOINT((0.,0.,0.));
#8113=IFCDIRECTION((1.,0.,0.));
#8114=IFCDIRECTION((0.,1.,0.));
#8115=IFCDIRECTION((0.,0.,1.));
#8116=IFCCARTESIANTRANSFORMATIONOPERATOR3D(#8113,#8114,#8112,1.,#8115);
#8117=IFCMAPPEDITEM(#8111,#8116);
#8118=IFCSHAPEREPRESENTATION(#11,'Body','MappedRepresentation',(#8117));
#8119=IFCPRODUCTDEFINITIONSHAPE($,$,(#8118));
#8120=IFCRELVOIDSELEMENT('29v96REhH4Q9cOk6L530uq',$,$,$,#5649,#8091);
#8126=IFCRELFILLSELEMENT('07tn$NdCD2NgNrGNqWeGfN',$,$,$,#8091,#8067);
#8137=IFCCARTESIANPOINT((6.1474544287431545,9.663916338276124E-07,1.));
#8138=IFCDIRECTION((0.,0.,1.));
#8139=IFCDIRECTION((0.99999999999999289,1.1920928244535129E-07,0.));
#8140=IFCAXIS2PLACEMENT3D(#8137,#8138,#8139);
#8141=IFCLOCALPLACEMENT(#6031,#8140);
#8147=IFCCARTESIANPOINT((0.,0.,0.));
#8148=IFCDIRECTION((0.,0.,1.));
#8149=IFCDIRECTION((1.,0.,0.));
#8150=IFCAXIS2PLACEMENT3D(#8147,#8148,#8149);
#8151=IFCLOCALPLACEMENT(#5459,#8150);
#8152=IFCCARTESIANPOINT((-4.4408920985006262E-16,0.,0.));
#8153=IFCDIRECTION((0.,0.,1.));
#8154=IFCDIRECTION((1.,0.,0.));
#8155=IFCAXIS2PLACEMENT3D(#8152,#8153,#8154);
#8156=IFCLOCALPLACEMENT(#7980,#8155);
#8157=IFCCARTESIANPOINT((0.,0.,0.));
#8158=IFCDIRECTION((0.,0.,1.));
#8159=IFCDIRECTION((1.,0.,0.));
#8160=IFCAXIS2PLACEMENT3D(#8157,#8158,#8159);
#8161=IFCLOCALPLACEMENT(#8141,#8160);
#8162=IFCDOORTYPE('0plupgl9fBCefsME2naGp6',$,'Balcony-1',$,$,(#8163),(#8165,#8173,#8251,#8537),$,$,.DOOR.,.SINGLE_SWING_LEFT.,$,$);
#8163=IFCPROPERTYSET('0H75x9XR58Fvs4laJ_ZDWO',$,'BBIM_Door',$,(#8164));
#8164=IFCPROPERTYSINGLEVALUE('Data',$,IFCTEXT('{"door_type": "SLIDING_TO_LEFT", "overall_height": 2.0, "overall_width": 1.9830800294876099, "lining_properties": {"lining_depth": 0.05000000074505806, "lining_thickness": 0.05000000074505806, "lining_offset": 0.0, "transom_thickness": 0.0, "casing_thickness": 0.07500000298023224, "casing_depth": 0.004999999888241291, "threshold_thickness": 0.02500000037252903, "threshold_depth": 0.10000000149011612, "threshold_offset": 0.0}, "panel_properties": {"panel_depth": 0.03500000014901161, "panel_width_ratio": 1.0}}'),$);
#8165=IFCREPRESENTATIONMAP(#8166,#8456);
#8166=IFCAXIS2PLACEMENT3D(#8167,#8168,#8169);
#8167=IFCCARTESIANPOINT((0.,0.,0.));
#8168=IFCDIRECTION((0.,0.,1.));
#8169=IFCDIRECTION((1.,0.,0.));
#8173=IFCREPRESENTATIONMAP(#8174,#8520);
#8174=IFCAXIS2PLACEMENT3D(#8175,#8176,#8177);
#8175=IFCCARTESIANPOINT((0.,0.,0.));
#8176=IFCDIRECTION((0.,0.,1.));
#8177=IFCDIRECTION((1.,0.,0.));
#8251=IFCREPRESENTATIONMAP(#8252,#8527);
#8252=IFCAXIS2PLACEMENT3D(#8253,#8254,#8255);
#8253=IFCCARTESIANPOINT((0.,0.,0.));
#8254=IFCDIRECTION((0.,0.,1.));
#8255=IFCDIRECTION((1.,0.,0.));
#8270=IFCDOOR('28C_4h3bbAzOvSKpCU5jPX',$,'Door',$,$,#8569,#8279,$,2.,1.9830800294876099,$,.SLIDING_TO_LEFT.,$);
#8271=IFCRELDEFINESBYTYPE('0Gpq3QLMj3Gg_HcdIcle5U',$,$,$,(#8270),#8162);
#8272=IFCCARTESIANPOINT((0.,0.,0.));
#8273=IFCDIRECTION((1.,0.,0.));
#8274=IFCDIRECTION((0.,1.,0.));
#8275=IFCDIRECTION((0.,0.,1.));
#8276=IFCCARTESIANTRANSFORMATIONOPERATOR3D(#8273,#8274,#8272,1.,#8275);
#8277=IFCMAPPEDITEM(#8165,#8276);
#8278=IFCSHAPEREPRESENTATION(#18,'Profile','MappedRepresentation',(#8277));
#8279=IFCPRODUCTDEFINITIONSHAPE($,$,(#8278,#8286,#8293,#8544));
#8280=IFCCARTESIANPOINT((0.,0.,0.));
#8281=IFCDIRECTION((1.,0.,0.));
#8282=IFCDIRECTION((0.,1.,0.));
#8283=IFCDIRECTION((0.,0.,1.));
#8284=IFCCARTESIANTRANSFORMATIONOPERATOR3D(#8281,#8282,#8280,1.,#8283);
#8285=IFCMAPPEDITEM(#8173,#8284);
#8286=IFCSHAPEREPRESENTATION(#11,'Body','MappedRepresentation',(#8285));
#8287=IFCCARTESIANPOINT((0.,0.,0.));
#8288=IFCDIRECTION((1.,0.,0.));
#8289=IFCDIRECTION((0.,1.,0.));
#8290=IFCDIRECTION((0.,0.,1.));
#8291=IFCCARTESIANTRANSFORMATIONOPERATOR3D(#8288,#8289,#8287,1.,#8290);
#8292=IFCMAPPEDITEM(#8251,#8291);
#8293=IFCSHAPEREPRESENTATION(#24,'Body','MappedRepresentation',(#8292));
#8294=IFCOPENINGELEMENT('2K7f4NMfH4SOvYJ7yRmQ84',$,'Opening',$,$,#8564,#8322,$,.OPENING.);
#8310=IFCCARTESIANPOINT((0.,0.,0.));
#8311=IFCDIRECTION((1.,0.,0.));
#8312=IFCDIRECTION((0.,0.,1.));
#8313=IFCAXIS2PLACEMENT3D(#8310,#8312,#8311);
#8314=IFCREPRESENTATIONMAP(#8313,#8554);
#8315=IFCCARTESIANPOINT((0.,0.,0.));
#8316=IFCDIRECTION((1.,0.,0.));
#8317=IFCDIRECTION((0.,1.,0.));
#8318=IFCDIRECTION((0.,0.,1.));
#8319=IFCCARTESIANTRANSFORMATIONOPERATOR3D(#8316,#8317,#8315,1.,#8318);
#8320=IFCMAPPEDITEM(#8314,#8319);
#8321=IFCSHAPEREPRESENTATION(#11,'Body','MappedRepresentation',(#8320));
#8322=IFCPRODUCTDEFINITIONSHAPE($,$,(#8321));
#8323=IFCRELVOIDSELEMENT('1G9hVSqHrBlfdzfPLhicsZ',$,$,$,#5674,#8294);
#8329=IFCRELFILLSELEMENT('2EeRZop3z6ihaPrYZRBdWD',$,$,$,#8294,#8270);
#8338=IFCCARTESIANPOINTLIST2D(((0.,0.),(0.,2.),(1.9830800294876099,2.),(1.9830800294876099,0.),(1.9580800291150808,0.),(1.9580800291150808,1.974999999627471),(0.02500000037252903,1.974999999627471),(0.02500000037252903,0.)));
#8339=IFCINDEXEDPOLYCURVE(#8338,(IFCLINEINDEX((1,2,3,4,5,6,7,8,1))),$);
#8340=IFCARBITRARYCLOSEDPROFILEDEF(.AREA.,$,#8339);
#8341=IFCCARTESIANPOINT((0.,0.02500000037252903,0.));
#8342=IFCDIRECTION((0.,-1.,0.));
#8343=IFCDIRECTION((1.,0.,0.));
#8344=IFCAXIS2PLACEMENT3D(#8341,#8342,#8343);
#8345=IFCDIRECTION((0.,0.,-1.));
#8346=IFCEXTRUDEDAREASOLID(#8340,#8344,#8345,0.02500000037252903);
#8347=IFCCARTESIANPOINTLIST2D(((0.,0.),(0.,2.),(1.9830800294876099,2.),(1.9830800294876099,0.),(1.9330800287425518,0.),(1.9330800287425518,1.9499999992549419),(0.05000000074505806,1.9499999992549419),(0.05000000074505806,0.)));
#8348=IFCINDEXEDPOLYCURVE(#8347,(IFCLINEINDEX((1,2,3,4,5,6,7,8,1))),$);
#8349=IFCARBITRARYCLOSEDPROFILEDEF(.AREA.,$,#8348);
#8350=IFCCARTESIANPOINT((0.,0.,0.));
#8351=IFCDIRECTION((0.,-1.,0.));
#8352=IFCDIRECTION((1.,0.,0.));
#8353=IFCAXIS2PLACEMENT3D(#8350,#8351,#8352);
#8354=IFCDIRECTION((0.,0.,-1.));
#8355=IFCEXTRUDEDAREASOLID(#8349,#8353,#8354,0.02500000037252903);
#8356=IFCCARTESIANPOINTLIST2D(((0.,0.),(1.8830800279974937,0.),(1.8830800279974937,0.10000000149011612),(0.,0.10000000149011612)));
#8357=IFCINDEXEDPOLYCURVE(#8356,(IFCLINEINDEX((1,2,3,4,1))),$);
#8358=IFCARBITRARYCLOSEDPROFILEDEF(.AREA.,$,#8357);
#8359=IFCCARTESIANPOINT((0.05000000074505806,0.,0.));
#8360=IFCDIRECTION((0.,0.,1.));
#8361=IFCDIRECTION((1.,0.,0.));
#8362=IFCAXIS2PLACEMENT3D(#8359,#8360,#8361);
#8363=IFCDIRECTION((0.,0.,1.));
#8364=IFCEXTRUDEDAREASOLID(#8358,#8362,#8363,0.02500000037252903);
#8365=IFCCARTESIANPOINTLIST2D(((0.,0.),(0.,2.0250000022351742),(2.0330800339579582,2.0250000022351742),(2.0330800339579582,0.),(1.958080030977726,0.),(1.958080030977726,1.9499999992549419),(0.075000002980232239,1.9499999992549419),(0.075000002980232239,0.)));
#8366=IFCINDEXEDPOLYCURVE(#8365,(IFCLINEINDEX((1,2,3,4,5,6,7,8,1))),$);
#8367=IFCARBITRARYCLOSEDPROFILEDEF(.AREA.,$,#8366);
#8368=IFCCARTESIANPOINT((-0.025000002235174179,-0.004999999888241291,0.));
#8369=IFCDIRECTION((0.,-1.,0.));
#8370=IFCDIRECTION((1.,0.,0.));
#8371=IFCAXIS2PLACEMENT3D(#8368,#8369,#8370);
#8372=IFCDIRECTION((0.,0.,-1.));
#8373=IFCEXTRUDEDAREASOLID(#8367,#8371,#8372,0.004999999888241291);
#8374=IFCCARTESIANPOINTLIST2D(((0.,0.),(0.,2.0250000022351742),(2.0330800339579582,2.0250000022351742),(2.0330800339579582,0.),(1.983080031350255,0.),(1.983080031350255,1.974999999627471),(0.050000002607703209,1.974999999627471),(0.050000002607703209,0.)));
#8375=IFCINDEXEDPOLYCURVE(#8374,(IFCLINEINDEX((1,2,3,4,5,6,7,8,1))),$);
#8376=IFCARBITRARYCLOSEDPROFILEDEF(.AREA.,$,#8375);
#8377=IFCCARTESIANPOINT((-0.025000002235174179,0.05000000074505806,0.));
#8378=IFCDIRECTION((0.,-1.,0.));
#8379=IFCDIRECTION((1.,0.,0.));
#8380=IFCAXIS2PLACEMENT3D(#8377,#8378,#8379);
#8381=IFCDIRECTION((0.,0.,-1.));
#8382=IFCEXTRUDEDAREASOLID(#8376,#8380,#8381,0.004999999888241291);
#8383=IFCCARTESIANPOINTLIST2D(((0.,0.),(1.9330800287425518,0.),(1.9330800287425518,0.035000000149011612),(0.,0.035000000149011612)));
#8384=IFCINDEXEDPOLYCURVE(#8383,(IFCLINEINDEX((1,2,3,4,1))),$);
#8385=IFCARBITRARYCLOSEDPROFILEDEF(.AREA.,$,#8384);
#8386=IFCCARTESIANPOINT((0.02500000037252903,0.02500000037252903,0.02500000037252903));
#8387=IFCDIRECTION((0.,0.,1.));
#8388=IFCDIRECTION((1.,0.,0.));
#8389=IFCAXIS2PLACEMENT3D(#8386,#8387,#8388);
#8390=IFCDIRECTION((0.,0.,1.));
#8391=IFCEXTRUDEDAREASOLID(#8385,#8389,#8390,1.9499999992549419);
#8392=IFCCARTESIANPOINTLIST2D(((0.,0.),(0.,-0.040000000000000001),(-0.11999999999999988,-0.040000000000000001),(-0.11999999999999988,-0.02),(-0.020000000000000018,-0.02),(-0.020000000000000018,0.)));
#8393=IFCINDEXEDPOLYCURVE(#8392,(IFCLINEINDEX((1,2,3,4,5,6,1))),$);
#8394=IFCARBITRARYCLOSEDPROFILEDEF(.AREA.,$,#8393);
#8395=IFCCARTESIANPOINT((1.9080800291150808,0.02500000037252903,1.015000000372529));
#8396=IFCDIRECTION((0.,0.,1.));
#8397=IFCDIRECTION((1.,0.,0.));
#8398=IFCAXIS2PLACEMENT3D(#8395,#8396,#8397);
#8399=IFCDIRECTION((0.,0.,1.));
#8400=IFCEXTRUDEDAREASOLID(#8394,#8398,#8399,0.02);
#8401=IFCEXTRUDEDAREASOLID(#8402,#8405,#8409,0.02);
#8402=IFCARBITRARYCLOSEDPROFILEDEF(.AREA.,$,#8403);
#8403=IFCINDEXEDPOLYCURVE(#8404,(IFCLINEINDEX((1,2,3,4,5,6,1))),$);
#8404=IFCCARTESIANPOINTLIST2D(((0.,0.),(0.,0.040000000000000008),(-0.11999999999999988,0.040000000000000008),(-0.11999999999999988,0.020000000000000004),(-0.020000000000000018,0.020000000000000004),(-0.020000000000000018,0.)));
#8405=IFCAXIS2PLACEMENT3D(#8406,#8407,#8408);
#8406=IFCCARTESIANPOINT((1.9080800291150808,0.060000000521540642,1.015000000372529));
#8407=IFCDIRECTION((0.,0.,1.));
#8408=IFCDIRECTION((1.,0.,0.));
#8409=IFCDIRECTION((0.,0.,1.));
#8411=IFCSHAPEREPRESENTATION(#11,'Body','SweptSolid',(#8465,#8346,#8373,#8483,#8364,#8474,#8382,#8355,#8492));
#8412=IFCSHAPEASPECT((#8411),'Lining',$,.T.,#8279);
#8413=IFCSHAPEREPRESENTATION(#11,'Body','SweptSolid',(#8401,#8510,#8391,#8511,#8501,#8400));
#8414=IFCSHAPEASPECT((#8413),'Framing',$,.T.,#8279);
#8454=IFCCARTESIANPOINTLIST3D(((0.,0.,0.),(1.9830800294876099,0.,0.),(1.9830800294876099,0.,2.),(0.,0.,2.)));
#8455=IFCINDEXEDPOLYCURVE(#8454,(IFCLINEINDEX((1,2,3,4,1))),$);
#8456=IFCSHAPEREPRESENTATION(#18,'Profile','Curve3D',(#8455));
#8457=IFCCARTESIANPOINTLIST2D(((0.,0.),(0.,2.),(1.9830800294876099,2.),(1.9830800294876099,0.),(1.9330800287425518,0.),(1.9330800287425518,1.9499999992549419),(0.05000000074505806,1.9499999992549419),(0.05000000074505806,0.)));
#8458=IFCINDEXEDPOLYCURVE(#8457,(IFCLINEINDEX((1,2,3,4,5,6,7,8,1))),$);
#8459=IFCARBITRARYCLOSEDPROFILEDEF(.AREA.,$,#8458);
#8460=IFCCARTESIANPOINT((0.,0.,0.));
#8461=IFCDIRECTION((0.,-1.,0.));
#8462=IFCDIRECTION((1.,0.,0.));
#8463=IFCAXIS2PLACEMENT3D(#8460,#8461,#8462);
#8464=IFCDIRECTION((0.,0.,-1.));
#8465=IFCEXTRUDEDAREASOLID(#8459,#8463,#8464,0.05000000074505806);
#8466=IFCCARTESIANPOINTLIST2D(((0.,0.),(1.8830800279974937,0.),(1.8830800279974937,0.10000000149011612),(0.,0.10000000149011612)));
#8467=IFCINDEXEDPOLYCURVE(#8466,(IFCLINEINDEX((1,2,3,4,1))),$);
#8468=IFCARBITRARYCLOSEDPROFILEDEF(.AREA.,$,#8467);
#8469=IFCCARTESIANPOINT((0.05000000074505806,0.,0.));
#8470=IFCDIRECTION((0.,0.,1.));
#8471=IFCDIRECTION((1.,0.,0.));
#8472=IFCAXIS2PLACEMENT3D(#8469,#8470,#8471);
#8473=IFCDIRECTION((0.,0.,1.));
#8474=IFCEXTRUDEDAREASOLID(#8468,#8472,#8473,0.02500000037252903);
#8475=IFCCARTESIANPOINTLIST2D(((0.,0.),(0.,2.0250000022351742),(2.0330800339579582,2.0250000022351742),(2.0330800339579582,0.),(1.958080030977726,0.),(1.958080030977726,1.9499999992549419),(0.075000002980232239,1.9499999992549419),(0.075000002980232239,0.)));
#8476=IFCINDEXEDPOLYCURVE(#8475,(IFCLINEINDEX((1,2,3,4,5,6,7,8,1))),$);
#8477=IFCARBITRARYCLOSEDPROFILEDEF(.AREA.,$,#8476);
#8478=IFCCARTESIANPOINT((-0.025000002235174179,-0.004999999888241291,0.));
#8479=IFCDIRECTION((0.,-1.,0.));
#8480=IFCDIRECTION((1.,0.,0.));
#8481=IFCAXIS2PLACEMENT3D(#8478,#8479,#8480);
#8482=IFCDIRECTION((0.,0.,-1.));
#8483=IFCEXTRUDEDAREASOLID(#8477,#8481,#8482,0.004999999888241291);
#8484=IFCCARTESIANPOINTLIST2D(((0.,0.),(0.,2.0250000022351742),(2.0330800339579582,2.0250000022351742),(2.0330800339579582,0.),(1.958080030977726,0.),(1.958080030977726,1.9499999992549419),(0.075000002980232239,1.9499999992549419),(0.075000002980232239,0.)));
#8485=IFCINDEXEDPOLYCURVE(#8484,(IFCLINEINDEX((1,2,3,4,5,6,7,8,1))),$);
#8486=IFCARBITRARYCLOSEDPROFILEDEF(.AREA.,$,#8485);
#8487=IFCCARTESIANPOINT((-0.025000002235174179,0.05000000074505806,0.));
#8488=IFCDIRECTION((0.,-1.,0.));
#8489=IFCDIRECTION((1.,0.,0.));
#8490=IFCAXIS2PLACEMENT3D(#8487,#8488,#8489);
#8491=IFCDIRECTION((0.,0.,-1.));
#8492=IFCEXTRUDEDAREASOLID(#8486,#8490,#8491,0.004999999888241291);
#8493=IFCCARTESIANPOINTLIST2D(((0.,0.),(1.8830800279974937,0.),(1.8830800279974937,0.035000000149011612),(0.,0.035000000149011612)));
#8494=IFCINDEXEDPOLYCURVE(#8493,(IFCLINEINDEX((1,2,3,4,1))),$);
#8495=IFCARBITRARYCLOSEDPROFILEDEF(.AREA.,$,#8494);
#8496=IFCCARTESIANPOINT((0.05000000074505806,-0.035000000149011612,0.02500000037252903));
#8497=IFCDIRECTION((0.,0.,1.));
#8498=IFCDIRECTION((1.,0.,0.));
#8499=IFCAXIS2PLACEMENT3D(#8496,#8497,#8498);
#8500=IFCDIRECTION((0.,0.,1.));
#8501=IFCEXTRUDEDAREASOLID(#8495,#8499,#8500,1.9249999988824129);
#8502=IFCCARTESIANPOINTLIST2D(((0.,0.),(0.,-0.040000000000000008),(-0.11999999999999988,-0.040000000000000008),(-0.11999999999999988,-0.020000000000000004),(-0.020000000000000018,-0.020000000000000004),(-0.020000000000000018,0.)));
#8503=IFCINDEXEDPOLYCURVE(#8502,(IFCLINEINDEX((1,2,3,4,5,6,1))),$);
#8504=IFCARBITRARYCLOSEDPROFILEDEF(.AREA.,$,#8503);
#8505=IFCCARTESIANPOINT((1.8830800287425518,-0.035000000149011612,1.015000000372529));
#8506=IFCDIRECTION((0.,0.,1.));
#8507=IFCDIRECTION((1.,0.,0.));
#8508=IFCAXIS2PLACEMENT3D(#8505,#8506,#8507);
#8509=IFCDIRECTION((0.,0.,1.));
#8510=IFCEXTRUDEDAREASOLID(#8504,#8508,#8509,0.02);
#8511=IFCEXTRUDEDAREASOLID(#8512,#8515,#8519,0.02);
#8512=IFCARBITRARYCLOSEDPROFILEDEF(.AREA.,$,#8513);
#8513=IFCINDEXEDPOLYCURVE(#8514,(IFCLINEINDEX((1,2,3,4,5,6,1))),$);
#8514=IFCCARTESIANPOINTLIST2D(((0.,0.),(0.,0.040000000000000008),(-0.11999999999999988,0.040000000000000008),(-0.11999999999999988,0.020000000000000004),(-0.020000000000000018,0.020000000000000004),(-0.020000000000000018,0.)));
#8515=IFCAXIS2PLACEMENT3D(#8516,#8517,#8518);
#8516=IFCCARTESIANPOINT((1.8830800287425518,0.,1.015000000372529));
#8517=IFCDIRECTION((0.,0.,1.));
#8518=IFCDIRECTION((1.,0.,0.));
#8519=IFCDIRECTION((0.,0.,1.));
#8520=IFCSHAPEREPRESENTATION(#11,'Body','SweptSolid',(#8465,#8501,#8510,#8511,#8474,#8483,#8492));
#8521=IFCCARTESIANPOINTLIST2D(((0.,0.),(0.05000000074505806,0.),(0.05000000074505806,0.05000000074505806),(0.,0.05000000074505806)));
#8522=IFCINDEXEDPOLYCURVE(#8521,(IFCLINEINDEX((1,2,3,4,1))),$);
#8523=IFCINDEXEDPOLYCURVE(#8524,(IFCLINEINDEX((1,2,3,4,1))),$);
#8524=IFCCARTESIANPOINTLIST2D(((1.9830800294876099,0.),(1.9330800287425518,0.),(1.9330800287425518,0.05000000074505806),(1.9830800294876099,0.05000000074505806)));
#8525=IFCCARTESIANPOINTLIST2D(((-0.89154001325368881,-0.035000000149011612),(0.99154001474380493,-0.035000000149011612),(0.99154001474380493,0.),(-0.89154001325368881,0.)));
#8526=IFCINDEXEDPOLYCURVE(#8525,(IFCLINEINDEX((1,2,3,4,1))),$);
#8527=IFCSHAPEREPRESENTATION(#24,'Body','Curve2D',(#8522,#8523,#8526));
#8528=IFCCARTESIANPOINTLIST2D(((0.70907801054418085,-0.081587428267465345),(1.2740020189434291,-0.081587428267465345)));
#8529=IFCINDEXEDPOLYCURVE(#8528,$,$);
#8530=IFCCARTESIANPOINTLIST2D(((0.73907801054418087,-0.050529142855162856),(0.70907801054418085,-0.081587428267465345),(0.73907801054418087,-0.11264571367976783)));
#8531=IFCINDEXEDPOLYCURVE(#8530,$,$);
#8532=IFCSHAPEREPRESENTATION(#25,'Annotation','Curve2D',(#8529,#8531));
#8533=IFCCARTESIANPOINT((0.,0.,0.));
#8534=IFCDIRECTION((1.,0.,0.));
#8535=IFCDIRECTION((0.,0.,1.));
#8536=IFCAXIS2PLACEMENT3D(#8533,#8535,#8534);
#8537=IFCREPRESENTATIONMAP(#8536,#8532);
#8538=IFCCARTESIANPOINT((0.,0.,0.));
#8539=IFCDIRECTION((1.,0.,0.));
#8540=IFCDIRECTION((0.,1.,0.));
#8541=IFCDIRECTION((0.,0.,1.));
#8542=IFCCARTESIANTRANSFORMATIONOPERATOR3D(#8539,#8540,#8538,1.,#8541);
#8543=IFCMAPPEDITEM(#8537,#8542);
#8544=IFCSHAPEREPRESENTATION(#25,'Annotation','MappedRepresentation',(#8543));
#8545=IFCCARTESIANPOINTLIST2D(((0.,0.),(1.9830800294876099,0.),(1.9830800294876099,2.),(0.,2.)));
#8546=IFCINDEXEDPOLYCURVE(#8545,(IFCLINEINDEX((1,2,3,4,1))),$);
#8547=IFCARBITRARYCLOSEDPROFILEDEF(.AREA.,$,#8546);
#8548=IFCCARTESIANPOINT((0.,-0.60000002384185791,0.));
#8549=IFCDIRECTION((0.,-1.,0.));
#8550=IFCDIRECTION((1.,0.,0.));
#8551=IFCAXIS2PLACEMENT3D(#8548,#8549,#8550);
#8552=IFCDIRECTION((0.,0.,-1.));
#8553=IFCEXTRUDEDAREASOLID(#8547,#8551,#8552,1.2);
#8554=IFCSHAPEREPRESENTATION(#11,'Body','SweptSolid',(#8553));
#8560=IFCCARTESIANPOINT((3.3477010097200641,0.10000002384185791,0.));
#8561=IFCDIRECTION((0.,0.,1.));
#8562=IFCDIRECTION((-0.99999999999998868,1.5099580252808492E-07,0.));
#8563=IFCAXIS2PLACEMENT3D(#8560,#8561,#8562);
#8564=IFCLOCALPLACEMENT(#6063,#8563);
#8565=IFCCARTESIANPOINT((-2.7755575615628914E-17,-8.9023050259863658E-17,0.));
#8566=IFCDIRECTION((0.,0.,1.));
#8567=IFCDIRECTION((1.,0.,0.));
#8568=IFCAXIS2PLACEMENT3D(#8565,#8566,#8567);
#8569=IFCLOCALPLACEMENT(#8564,#8568);
#8570=IFCDOORTYPE('3iC4gmO792m8_S0Tz98H6x',$,'Balcony-2',$,$,(#8571),(#8573,#8581,#8659),$,$,.DOOR.,.SINGLE_SWING_LEFT.,$,$);
#8571=IFCPROPERTYSET('35rfb6KcD3AeWR$rWx2YGW',$,'BBIM_Door',$,(#8572));
#8572=IFCPROPERTYSINGLEVALUE('Data',$,IFCTEXT('{"door_type": "SINGLE_SWING_LEFT", "overall_height": 2.0, "overall_width": 0.8999999761581421, "lining_properties": {"lining_depth": 0.05000000074505806, "lining_thickness": 0.05000000074505806, "lining_offset": 0.0, "lining_to_panel_offset_x": 0.02500000037252903, "lining_to_panel_offset_y": 0.02500000037252903, "transom_thickness": 0.0, "casing_thickness": 0.07500000298023224, "casing_depth": 0.004999999888241291, "threshold_thickness": 0.02500000037252903, "threshold_depth": 0.10000000149011612, "threshold_offset": 0.0}, "panel_properties": {"panel_depth": 0.03500000014901161, "panel_width_ratio": 1.0}}'),$);
#8573=IFCREPRESENTATIONMAP(#8574,#8745);
#8574=IFCAXIS2PLACEMENT3D(#8575,#8576,#8577);
#8575=IFCCARTESIANPOINT((0.,0.,0.));
#8576=IFCDIRECTION((0.,0.,1.));
#8577=IFCDIRECTION((1.,0.,0.));
#8581=IFCREPRESENTATIONMAP(#8582,#8818);
#8582=IFCAXIS2PLACEMENT3D(#8583,#8584,#8585);
#8583=IFCCARTESIANPOINT((0.,0.,0.));
#8584=IFCDIRECTION((0.,0.,1.));
#8585=IFCDIRECTION((1.,0.,0.));
#8659=IFCREPRESENTATIONMAP(#8660,#8836);
#8660=IFCAXIS2PLACEMENT3D(#8661,#8662,#8663);
#8661=IFCCARTESIANPOINT((0.,0.,0.));
#8662=IFCDIRECTION((0.,0.,1.));
#8663=IFCDIRECTION((1.,0.,0.));
#8678=IFCDOOR('28xNpEUbjEh9CHi7B7oCIL',$,'Door',$,$,#8861,#8687,$,2.,0.89999997615814209,$,.SINGLE_SWING_LEFT.,$);
#8679=IFCRELDEFINESBYTYPE('3WC8rHKOLBIgP21LvAlN8s',$,$,$,(#8678),#8570);
#8680=IFCCARTESIANPOINT((0.,0.,0.));
#8681=IFCDIRECTION((1.,0.,0.));
#8682=IFCDIRECTION((0.,1.,0.));
#8683=IFCDIRECTION((0.,0.,1.));
#8684=IFCCARTESIANTRANSFORMATIONOPERATOR3D(#8681,#8682,#8680,1.,#8683);
#8685=IFCMAPPEDITEM(#8573,#8684);
#8686=IFCSHAPEREPRESENTATION(#18,'Profile','MappedRepresentation',(#8685));
#8687=IFCPRODUCTDEFINITIONSHAPE($,$,(#8686,#8694,#8701));
#8688=IFCCARTESIANPOINT((0.,0.,0.));
#8689=IFCDIRECTION((1.,0.,0.));
#8690=IFCDIRECTION((0.,1.,0.));
#8691=IFCDIRECTION((0.,0.,1.));
#8692=IFCCARTESIANTRANSFORMATIONOPERATOR3D(#8689,#8690,#8688,1.,#8691);
#8693=IFCMAPPEDITEM(#8581,#8692);
#8694=IFCSHAPEREPRESENTATION(#11,'Body','MappedRepresentation',(#8693));
#8695=IFCCARTESIANPOINT((0.,0.,0.));
#8696=IFCDIRECTION((1.,0.,0.));
#8697=IFCDIRECTION((0.,1.,0.));
#8698=IFCDIRECTION((0.,0.,1.));
#8699=IFCCARTESIANTRANSFORMATIONOPERATOR3D(#8696,#8697,#8695,1.,#8698);
#8700=IFCMAPPEDITEM(#8659,#8699);
#8701=IFCSHAPEREPRESENTATION(#24,'Body','MappedRepresentation',(#8700));
#8702=IFCOPENINGELEMENT('0UWJY1B_v5ixAd7DxL8$Zw',$,'Opening',$,$,#8856,#8730,$,.OPENING.);
#8718=IFCCARTESIANPOINT((0.,0.,0.));
#8719=IFCDIRECTION((1.,0.,0.));
#8720=IFCDIRECTION((0.,0.,1.));
#8721=IFCAXIS2PLACEMENT3D(#8718,#8720,#8719);
#8722=IFCREPRESENTATIONMAP(#8721,#8846);
#8723=IFCCARTESIANPOINT((0.,0.,0.));
#8724=IFCDIRECTION((1.,0.,0.));
#8725=IFCDIRECTION((0.,1.,0.));
#8726=IFCDIRECTION((0.,0.,1.));
#8727=IFCCARTESIANTRANSFORMATIONOPERATOR3D(#8724,#8725,#8723,1.,#8726);
#8728=IFCMAPPEDITEM(#8722,#8727);
#8729=IFCSHAPEREPRESENTATION(#11,'Body','MappedRepresentation',(#8728));
#8730=IFCPRODUCTDEFINITIONSHAPE($,$,(#8729));
#8731=IFCRELVOIDSELEMENT('3DPYaHVnH3GvvMpg9p4Ia9',$,$,$,#5724,#8702);
#8737=IFCRELFILLSELEMENT('0q1eFKsJv3HgIQLSnzGXNp',$,$,$,#8702,#8678);
#8743=IFCCARTESIANPOINTLIST3D(((0.,0.,0.),(0.89999997615814209,0.,0.),(0.89999997615814209,0.,2.),(0.,0.,2.)));
#8744=IFCINDEXEDPOLYCURVE(#8743,(IFCLINEINDEX((1,2,3,4,1))),$);
#8745=IFCSHAPEREPRESENTATION(#18,'Profile','Curve3D',(#8744));
#8746=IFCCARTESIANPOINTLIST2D(((0.,0.),(0.,2.),(0.89999997615814209,2.),(0.89999997615814209,0.),(0.87499997578561306,0.),(0.87499997578561306,1.974999999627471),(0.02500000037252903,1.974999999627471),(0.02500000037252903,0.)));
#8747=IFCINDEXEDPOLYCURVE(#8746,(IFCLINEINDEX((1,2,3,4,5,6,7,8,1))),$);
#8748=IFCARBITRARYCLOSEDPROFILEDEF(.AREA.,$,#8747);
#8749=IFCCARTESIANPOINT((0.,0.02500000037252903,0.));
#8750=IFCDIRECTION((0.,-1.,0.));
#8751=IFCDIRECTION((1.,0.,0.));
#8752=IFCAXIS2PLACEMENT3D(#8749,#8750,#8751);
#8753=IFCDIRECTION((0.,0.,-1.));
#8754=IFCEXTRUDEDAREASOLID(#8748,#8752,#8753,0.02500000037252903);
#8755=IFCCARTESIANPOINTLIST2D(((0.,0.),(0.,2.),(0.89999997615814209,2.),(0.89999997615814209,0.),(0.84999997541308403,0.),(0.84999997541308403,1.9499999992549419),(0.05000000074505806,1.9499999992549419),(0.05000000074505806,0.)));
#8756=IFCINDEXEDPOLYCURVE(#8755,(IFCLINEINDEX((1,2,3,4,5,6,7,8,1))),$);
#8757=IFCARBITRARYCLOSEDPROFILEDEF(.AREA.,$,#8756);
#8758=IFCCARTESIANPOINT((0.,0.,0.));
#8759=IFCDIRECTION((0.,-1.,0.));
#8760=IFCDIRECTION((1.,0.,0.));
#8761=IFCAXIS2PLACEMENT3D(#8758,#8759,#8760);
#8762=IFCDIRECTION((0.,0.,-1.));
#8763=IFCEXTRUDEDAREASOLID(#8757,#8761,#8762,0.02500000037252903);
#8764=IFCCARTESIANPOINTLIST2D(((0.,0.),(0.79999997466802597,0.),(0.79999997466802597,0.10000000149011612),(0.,0.10000000149011612)));
#8765=IFCINDEXEDPOLYCURVE(#8764,(IFCLINEINDEX((1,2,3,4,1))),$);
#8766=IFCARBITRARYCLOSEDPROFILEDEF(.AREA.,$,#8765);
#8767=IFCCARTESIANPOINT((0.05000000074505806,0.,0.));
#8768=IFCDIRECTION((0.,0.,1.));
#8769=IFCDIRECTION((1.,0.,0.));
#8770=IFCAXIS2PLACEMENT3D(#8767,#8768,#8769);
#8771=IFCDIRECTION((0.,0.,1.));
#8772=IFCEXTRUDEDAREASOLID(#8766,#8770,#8771,0.02500000037252903);
#8773=IFCCARTESIANPOINTLIST2D(((0.,0.),(0.,2.0250000022351742),(0.94999998062849045,2.0250000022351742),(0.94999998062849045,0.),(0.87499997764825821,0.),(0.87499997764825821,1.9499999992549419),(0.075000002980232239,1.9499999992549419),(0.075000002980232239,0.)));
#8774=IFCINDEXEDPOLYCURVE(#8773,(IFCLINEINDEX((1,2,3,4,5,6,7,8,1))),$);
#8775=IFCARBITRARYCLOSEDPROFILEDEF(.AREA.,$,#8774);
#8776=IFCCARTESIANPOINT((-0.025000002235174179,-0.004999999888241291,0.));
#8777=IFCDIRECTION((0.,-1.,0.));
#8778=IFCDIRECTION((1.,0.,0.));
#8779=IFCAXIS2PLACEMENT3D(#8776,#8777,#8778);
#8780=IFCDIRECTION((0.,0.,-1.));
#8781=IFCEXTRUDEDAREASOLID(#8775,#8779,#8780,0.004999999888241291);
#8782=IFCCARTESIANPOINTLIST2D(((0.,0.),(0.,2.0250000022351742),(0.94999998062849045,2.0250000022351742),(0.94999998062849045,0.),(0.89999997802078724,0.),(0.89999997802078724,1.974999999627471),(0.050000002607703209,1.974999999627471),(0.050000002607703209,0.)));
#8783=IFCINDEXEDPOLYCURVE(#8782,(IFCLINEINDEX((1,2,3,4,5,6,7,8,1))),$);
#8784=IFCARBITRARYCLOSEDPROFILEDEF(.AREA.,$,#8783);
#8785=IFCCARTESIANPOINT((-0.025000002235174179,0.05000000074505806,0.));
#8786=IFCDIRECTION((0.,-1.,0.));
#8787=IFCDIRECTION((1.,0.,0.));
#8788=IFCAXIS2PLACEMENT3D(#8785,#8786,#8787);
#8789=IFCDIRECTION((0.,0.,-1.));
#8790=IFCEXTRUDEDAREASOLID(#8784,#8788,#8789,0.004999999888241291);
#8791=IFCCARTESIANPOINTLIST2D(((0.,0.),(0.84999997541308403,0.),(0.84999997541308403,0.035000000149011612),(0.,0.035000000149011612)));
#8792=IFCINDEXEDPOLYCURVE(#8791,(IFCLINEINDEX((1,2,3,4,1))),$);
#8793=IFCARBITRARYCLOSEDPROFILEDEF(.AREA.,$,#8792);
#8794=IFCCARTESIANPOINT((0.02500000037252903,0.02500000037252903,0.02500000037252903));
#8795=IFCDIRECTION((0.,0.,1.));
#8796=IFCDIRECTION((1.,0.,0.));
#8797=IFCAXIS2PLACEMENT3D(#8794,#8795,#8796);
#8798=IFCDIRECTION((0.,0.,1.));
#8799=IFCEXTRUDEDAREASOLID(#8793,#8797,#8798,1.9499999992549419);
#8800=IFCCARTESIANPOINTLIST2D(((0.,0.),(0.,-0.040000000000000001),(-0.11999999999999988,-0.040000000000000001),(-0.11999999999999988,-0.02),(-0.020000000000000018,-0.02),(-0.020000000000000018,0.)));
#8801=IFCINDEXEDPOLYCURVE(#8800,(IFCLINEINDEX((1,2,3,4,5,6,1))),$);
#8802=IFCARBITRARYCLOSEDPROFILEDEF(.AREA.,$,#8801);
#8803=IFCCARTESIANPOINT((0.82499997578561302,0.02500000037252903,1.015000000372529));
#8804=IFCDIRECTION((0.,0.,1.));
#8805=IFCDIRECTION((1.,0.,0.));
#8806=IFCAXIS2PLACEMENT3D(#8803,#8804,#8805);
#8807=IFCDIRECTION((0.,0.,1.));
#8808=IFCEXTRUDEDAREASOLID(#8802,#8806,#8807,0.02);
#8809=IFCEXTRUDEDAREASOLID(#8810,#8813,#8817,0.02);
#8810=IFCARBITRARYCLOSEDPROFILEDEF(.AREA.,$,#8811);
#8811=IFCINDEXEDPOLYCURVE(#8812,(IFCLINEINDEX((1,2,3,4,5,6,1))),$);
#8812=IFCCARTESIANPOINTLIST2D(((0.,0.),(0.,0.040000000000000008),(-0.11999999999999988,0.040000000000000008),(-0.11999999999999988,0.020000000000000004),(-0.020000000000000018,0.020000000000000004),(-0.020000000000000018,0.)));
#8813=IFCAXIS2PLACEMENT3D(#8814,#8815,#8816);
#8814=IFCCARTESIANPOINT((0.82499997578561302,0.060000000521540642,1.015000000372529));
#8815=IFCDIRECTION((0.,0.,1.));
#8816=IFCDIRECTION((1.,0.,0.));
#8817=IFCDIRECTION((0.,0.,1.));
#8818=IFCSHAPEREPRESENTATION(#11,'Body','SweptSolid',(#8754,#8763,#8799,#8808,#8809,#8772,#8781,#8790));
#8819=IFCSHAPEREPRESENTATION(#11,'Body','SweptSolid',(#8754,#8763,#8772,#8781,#8790));
#8820=IFCSHAPEASPECT((#8819),'Lining',$,.T.,#8687);
#8821=IFCSHAPEREPRESENTATION(#11,'Body','SweptSolid',(#8799,#8808,#8809));
#8822=IFCSHAPEASPECT((#8821),'Framing',$,.T.,#8687);
#8823=IFCCARTESIANPOINTLIST2D(((0.,0.),(0.,0.05000000074505806),(0.02500000037252903,0.05000000074505806),(0.02500000037252903,0.02500000037252903),(0.05000000074505806,0.02500000037252903),(0.05000000074505806,0.)));
#8824=IFCINDEXEDPOLYCURVE(#8823,(IFCLINEINDEX((1,2,3,4,5,6,1))),$);
#8825=IFCINDEXEDPOLYCURVE(#8826,(IFCLINEINDEX((1,2,3,4,5,6,1))),$);
#8826=IFCCARTESIANPOINTLIST2D(((0.89999997615814209,0.),(0.89999997615814209,0.05000000074505806),(0.87499997578561306,0.05000000074505806),(0.87499997578561306,0.02500000037252903),(0.84999997541308403,0.02500000037252903),(0.84999997541308403,0.)));
#8827=IFCDIRECTION((1.,0.));
#8828=IFCCARTESIANPOINT((0.060000000521540642,0.05000000074505806));
#8829=IFCAXIS2PLACEMENT2D(#8828,#8827);
#8830=IFCELLIPSE(#8829,0.81499997526407242,0.84999997541308403);
#8831=IFCCARTESIANPOINT((0.87499997578561306,0.05000000074505806));
#8832=IFCCARTESIANPOINT((0.060000000521540642,0.89999997615814209));
#8833=IFCTRIMMEDCURVE(#8830,(#8831),(#8832),.T.,.CARTESIAN.);
#8834=IFCCARTESIANPOINTLIST2D(((0.02500000037252903,0.05000000074505806),(0.060000000521540642,0.05000000074505806),(0.060000000521540642,0.89999997615814209),(0.02500000037252903,0.89999997615814209)));
#8835=IFCINDEXEDPOLYCURVE(#8834,(IFCLINEINDEX((1,2,3,4,1))),$);
#8836=IFCSHAPEREPRESENTATION(#24,'Body','Curve2D',(#8824,#8825,#8833,#8835));
#8837=IFCCARTESIANPOINTLIST2D(((0.,0.),(0.89999997615814209,0.),(0.89999997615814209,2.),(0.,2.)));
#8838=IFCINDEXEDPOLYCURVE(#8837,(IFCLINEINDEX((1,2,3,4,1))),$);
#8839=IFCARBITRARYCLOSEDPROFILEDEF(.AREA.,$,#8838);
#8840=IFCCARTESIANPOINT((0.,-0.60000002384185791,0.));
#8841=IFCDIRECTION((0.,-1.,0.));
#8842=IFCDIRECTION((1.,0.,0.));
#8843=IFCAXIS2PLACEMENT3D(#8840,#8841,#8842);
#8844=IFCDIRECTION((0.,0.,-1.));
#8845=IFCEXTRUDEDAREASOLID(#8839,#8843,#8844,1.2);
#8846=IFCSHAPEREPRESENTATION(#11,'Body','SweptSolid',(#8845));
#8852=IFCCARTESIANPOINT((0.21480771196559184,0.015000042994433027,0.));
#8853=IFCDIRECTION((0.,0.,1.));
#8854=IFCDIRECTION((0.99999999999998479,-1.7484555314694642E-07,0.));
#8855=IFCAXIS2PLACEMENT3D(#8852,#8853,#8854);
#8856=IFCLOCALPLACEMENT(#6520,#8855);
#8857=IFCCARTESIANPOINT((1.6653345369377348E-16,-6.4002820640115718E-16,0.));
#8858=IFCDIRECTION((0.,0.,1.));
#8859=IFCDIRECTION((1.0000000000000002,-2.6469779601696886E-23,0.));
#8860=IFCAXIS2PLACEMENT3D(#8857,#8858,#8859);
#8861=IFCLOCALPLACEMENT(#8856,#8860);
#8862=IFCWINDOWTYPE('37PANplzb8NeP018GJmo7s',$,'Balcony-1',$,$,(#8863),(#8865,#8873,#8959),$,$,.WINDOW.,.SINGLE_PANEL.,$,$);
#8863=IFCPROPERTYSET('2$E11tMSvEUxv6jE$ua5iF',$,'BBIM_Window',$,(#8864));
#8864=IFCPROPERTYSINGLEVALUE('Data',$,IFCTEXT('{"window_type": "DOUBLE_PANEL_VERTICAL", "overall_height": 0.8999999761581421, "overall_width": 1.2281278371810913, "lining_properties": {"lining_depth": 0.05000000074505806, "lining_thickness": 0.05000000074505806, "lining_offset": 0.05000000074505806, "lining_to_panel_offset_x": 0.02500000037252903, "lining_to_panel_offset_y": 0.02500000037252903, "mullion_thickness": 0.05000000074505806, "first_mullion_offset": 0.616745114326477}, "panel_properties": {"frame_depth": [0.03500000014901161, 0.03500000014901161, 0.03500000014901161], "frame_thickness": [0.03500000014901161, 0.03500000014901161, 0.03500000014901161]}}'),$);
#8865=IFCREPRESENTATIONMAP(#8866,#8870);
#8866=IFCAXIS2PLACEMENT3D(#8867,#8868,#8869);
#8867=IFCCARTESIANPOINT((0.,0.,0.));
#8868=IFCDIRECTION((0.,0.,1.));
#8869=IFCDIRECTION((1.,0.,0.));
#8870=IFCSHAPEREPRESENTATION(#18,'Profile','Curve3D',(#8871));
#8871=IFCINDEXEDPOLYCURVE(#8872,(IFCLINEINDEX((1,2,3,4,1))),$);
#8872=IFCCARTESIANPOINTLIST3D(((0.,0.,0.),(1.2281278371810913,0.,0.),(1.2281278371810913,0.,0.89999997615814209),(0.,0.,0.89999997615814209)));
#8873=IFCREPRESENTATIONMAP(#8874,#8878);
#8874=IFCAXIS2PLACEMENT3D(#8875,#8876,#8877);
#8875=IFCCARTESIANPOINT((0.,0.,0.));
#8876=IFCDIRECTION((0.,0.,1.));
#8877=IFCDIRECTION((1.,0.,0.));
#8878=IFCSHAPEREPRESENTATION(#11,'Body','SweptSolid',(#8879,#8888,#8899,#8910,#8919,#8928,#8939,#8950));
#8879=IFCEXTRUDEDAREASOLID(#8880,#8883,#8887,0.0099999997764825821);
#8880=IFCARBITRARYCLOSEDPROFILEDEF(.AREA.,$,#8881);
#8881=IFCINDEXEDPOLYCURVE(#8882,(IFCLINEINDEX((1,2,3,4,5,6,7,8,1))),$);
#8882=IFCCARTESIANPOINTLIST2D(((0.61674511432647705,0.),(0.,0.),(0.,0.89999997615814209),(0.61674511432647705,0.89999997615814209),(0.61674511432647705,0.87499997578561306),(0.02500000037252903,0.87499997578561306),(0.02500000037252903,0.02500000037252903),(0.61674511432647705,0.02500000037252903)));
#8883=IFCAXIS2PLACEMENT3D(#8884,#8885,#8886);
#8884=IFCCARTESIANPOINT((0.,0.090000001713633537,0.));
#8885=IFCDIRECTION((0.,-1.,0.));
#8886=IFCDIRECTION((1.,0.,0.));
#8887=IFCDIRECTION((0.,0.,-1.));
#8888=IFCEXTRUDEDAREASOLID(#8889,#8894,#8898,0.040000000968575478);
#8889=IFCARBITRARYPROFILEDEFWITHVOIDS(.AREA.,$,#8890,(#8892));
#8890=IFCINDEXEDPOLYCURVE(#8891,(IFCLINEINDEX((1,2,3,4,1))),$);
#8891=IFCCARTESIANPOINTLIST2D(((0.,0.),(0.61674511432647705,0.),(0.61674511432647705,0.89999997615814209),(0.,0.89999997615814209)));
#8892=IFCINDEXEDPOLYCURVE(#8893,(IFCLINEINDEX((1,2,3,4,1))),$);
#8893=IFCCARTESIANPOINTLIST2D(((0.05000000074505806,0.05000000074505806),(0.59174511395394802,0.05000000074505806),(0.59174511395394802,0.84999997541308403),(0.05000000074505806,0.84999997541308403)));
#8894=IFCAXIS2PLACEMENT3D(#8895,#8896,#8897);
#8895=IFCCARTESIANPOINT((0.,0.05000000074505806,0.));
#8896=IFCDIRECTION((0.,-1.,0.));
#8897=IFCDIRECTION((1.,0.,0.));
#8898=IFCDIRECTION((0.,0.,-1.));
#8899=IFCEXTRUDEDAREASOLID(#8900,#8905,#8909,0.035000000149011612);
#8900=IFCARBITRARYPROFILEDEFWITHVOIDS(.AREA.,$,#8901,(#8903));
#8901=IFCINDEXEDPOLYCURVE(#8902,(IFCLINEINDEX((1,2,3,4,1))),$);
#8902=IFCCARTESIANPOINTLIST2D(((0.,0.),(0.59174511395394802,0.),(0.59174511395394802,0.84999997541308403),(0.,0.84999997541308403)));
#8903=IFCINDEXEDPOLYCURVE(#8904,(IFCLINEINDEX((1,2,3,4,1))),$);
#8904=IFCCARTESIANPOINTLIST2D(((0.035000000149011612,0.035000000149011612),(0.55674511380493641,0.035000000149011612),(0.55674511380493641,0.81499997526407242),(0.035000000149011612,0.81499997526407242)));
#8905=IFCAXIS2PLACEMENT3D(#8906,#8907,#8908);
#8906=IFCCARTESIANPOINT((0.02500000037252903,0.090000001713633537,0.02500000037252903));
#8907=IFCDIRECTION((0.,-1.,0.));
#8908=IFCDIRECTION((1.,0.,0.));
#8909=IFCDIRECTION((0.,0.,-1.));
#8910=IFCEXTRUDEDAREASOLID(#8911,#8914,#8918,0.01);
#8911=IFCARBITRARYCLOSEDPROFILEDEF(.AREA.,$,#8912);
#8912=IFCINDEXEDPOLYCURVE(#8913,(IFCLINEINDEX((1,2,3,4,1))),$);
#8913=IFCCARTESIANPOINTLIST2D(((0.035000000149011612,0.035000000149011612),(0.55674511380493641,0.035000000149011612),(0.55674511380493641,0.81499997526407242),(0.035000000149011612,0.81499997526407242)));
#8914=IFCAXIS2PLACEMENT3D(#8915,#8916,#8917);
#8915=IFCCARTESIANPOINT((0.02500000037252903,0.10250000178813934,0.02500000037252903));
#8916=IFCDIRECTION((0.,-1.,0.));
#8917=IFCDIRECTION((1.,0.,0.));
#8918=IFCDIRECTION((0.,0.,-1.));
#8919=IFCEXTRUDEDAREASOLID(#8920,#8923,#8927,0.0099999997764825821);
#8920=IFCARBITRARYCLOSEDPROFILEDEF(.AREA.,$,#8921);
#8921=IFCINDEXEDPOLYCURVE(#8922,(IFCLINEINDEX((1,2,3,4,5,6,7,8,1))),$);
#8922=IFCCARTESIANPOINTLIST2D(((0.,0.89999997615814209),(0.61138272285461426,0.89999997615814209),(0.61138272285461426,0.),(0.,0.),(0.,0.02500000037252903),(0.58638272248208523,0.02500000037252903),(0.58638272248208523,0.87499997578561306),(0.,0.87499997578561306)));
#8923=IFCAXIS2PLACEMENT3D(#8924,#8925,#8926);
#8924=IFCCARTESIANPOINT((0.61674511432647705,0.090000001713633537,0.));
#8925=IFCDIRECTION((0.,-1.,0.));
#8926=IFCDIRECTION((1.,0.,0.));
#8927=IFCDIRECTION((0.,0.,-1.));
#8928=IFCEXTRUDEDAREASOLID(#8929,#8934,#8938,0.040000000968575478);
#8929=IFCARBITRARYPROFILEDEFWITHVOIDS(.AREA.,$,#8930,(#8932));
#8930=IFCINDEXEDPOLYCURVE(#8931,(IFCLINEINDEX((1,2,3,4,1))),$);
#8931=IFCCARTESIANPOINTLIST2D(((0.,0.),(0.61138272285461426,0.),(0.61138272285461426,0.89999997615814209),(0.,0.89999997615814209)));
#8932=IFCINDEXEDPOLYCURVE(#8933,(IFCLINEINDEX((1,2,3,4,1))),$);
#8933=IFCCARTESIANPOINTLIST2D(((0.02500000037252903,0.05000000074505806),(0.5613827221095562,0.05000000074505806),(0.5613827221095562,0.84999997541308403),(0.02500000037252903,0.84999997541308403)));
#8934=IFCAXIS2PLACEMENT3D(#8935,#8936,#8937);
#8935=IFCCARTESIANPOINT((0.61674511432647705,0.05000000074505806,0.));
#8936=IFCDIRECTION((0.,-1.,0.));
#8937=IFCDIRECTION((1.,0.,0.));
#8938=IFCDIRECTION((0.,0.,-1.));
#8939=IFCEXTRUDEDAREASOLID(#8940,#8945,#8949,0.035000000149011612);
#8940=IFCARBITRARYPROFILEDEFWITHVOIDS(.AREA.,$,#8941,(#8943));
#8941=IFCINDEXEDPOLYCURVE(#8942,(IFCLINEINDEX((1,2,3,4,1))),$);
#8942=IFCCARTESIANPOINTLIST2D(((0.,0.),(0.58638272248208523,0.),(0.58638272248208523,0.84999997541308403),(0.,0.84999997541308403)));
#8943=IFCINDEXEDPOLYCURVE(#8944,(IFCLINEINDEX((1,2,3,4,1))),$);
#8944=IFCCARTESIANPOINTLIST2D(((0.035000000149011612,0.035000000149011612),(0.55138272233307362,0.035000000149011612),(0.55138272233307362,0.81499997526407242),(0.035000000149011612,0.81499997526407242)));
#8945=IFCAXIS2PLACEMENT3D(#8946,#8947,#8948);
#8946=IFCCARTESIANPOINT((0.61674511432647705,0.090000001713633537,0.02500000037252903));
#8947=IFCDIRECTION((0.,-1.,0.));
#8948=IFCDIRECTION((1.,0.,0.));
#8949=IFCDIRECTION((0.,0.,-1.));
#8950=IFCEXTRUDEDAREASOLID(#8951,#8954,#8958,0.01);
#8951=IFCARBITRARYCLOSEDPROFILEDEF(.AREA.,$,#8952);
#8952=IFCINDEXEDPOLYCURVE(#8953,(IFCLINEINDEX((1,2,3,4,1))),$);
#8953=IFCCARTESIANPOINTLIST2D(((0.035000000149011612,0.035000000149011612),(0.55138272233307362,0.035000000149011612),(0.55138272233307362,0.81499997526407242),(0.035000000149011612,0.81499997526407242)));
#8954=IFCAXIS2PLACEMENT3D(#8955,#8956,#8957);
#8955=IFCCARTESIANPOINT((0.61674511432647705,0.10250000178813934,0.02500000037252903));
#8956=IFCDIRECTION((0.,-1.,0.));
#8957=IFCDIRECTION((1.,0.,0.));
#8958=IFCDIRECTION((0.,0.,-1.));
#8959=IFCREPRESENTATIONMAP(#8960,#8964);
#8960=IFCAXIS2PLACEMENT3D(#8961,#8962,#8963);
#8961=IFCCARTESIANPOINT((0.,0.,0.));
#8962=IFCDIRECTION((0.,0.,1.));
#8963=IFCDIRECTION((1.,0.,0.));
#8964=IFCSHAPEREPRESENTATION(#24,'Body','Curve2D',(#8965,#8967,#8969,#8971,#8973,#8975,#8977,#8979,#8981,#8983,#8985,#8987,#8989,#8991,#8993,#8995));
#8965=IFCINDEXEDPOLYCURVE(#8966,$,$);
#8966=IFCCARTESIANPOINTLIST2D(((0.05000000074505806,0.05000000074505806),(0.59174511395394802,0.05000000074505806)));
#8967=IFCINDEXEDPOLYCURVE(#8968,(IFCLINEINDEX((1,2,3,4,5,6,1))),$);
#8968=IFCCARTESIANPOINTLIST2D(((0.,0.10000000149011612),(0.02500000037252903,0.10000000149011612),(0.02500000037252903,0.090000001713633537),(0.05000000074505806,0.090000001713633537),(0.05000000074505806,0.05000000074505806),(0.,0.05000000074505806)));
#8969=IFCINDEXEDPOLYCURVE(#8970,$,$);
#8970=IFCCARTESIANPOINTLIST2D(((0.61674511432647705,0.10000000149011612),(0.61674511432647705,0.10000000149011612),(0.61674511432647705,0.090000001713633537),(0.59174511395394802,0.090000001713633537),(0.59174511395394802,0.05000000074505806),(0.61674511432647705,0.05000000074505806)));
#8971=IFCINDEXEDPOLYCURVE(#8972,(IFCLINEINDEX((1,2,3,4,1))),$);
#8972=IFCCARTESIANPOINTLIST2D(((0.02500000037252903,0.090000001713633537),(0.060000000521540642,0.090000001713633537),(0.060000000521540642,0.12500000186264515),(0.02500000037252903,0.12500000186264515)));
#8973=IFCINDEXEDPOLYCURVE(#8974,(IFCLINEINDEX((1,2,3,4,1))),$);
#8974=IFCCARTESIANPOINTLIST2D(((0.61674511432647705,0.090000001713633537),(0.58174511417746544,0.090000001713633537),(0.58174511417746544,0.12500000186264515),(0.61674511432647705,0.12500000186264515)));
#8975=IFCINDEXEDPOLYCURVE(#8976,$,$);
#8976=IFCCARTESIANPOINTLIST2D(((0.060000000521540642,0.090000001713633537),(0.58174511417746544,0.090000001713633537)));
#8977=IFCINDEXEDPOLYCURVE(#8978,$,$);
#8978=IFCCARTESIANPOINTLIST2D(((0.060000000521540642,0.12500000186264515),(0.58174511417746544,0.12500000186264515)));
#8979=IFCINDEXEDPOLYCURVE(#8980,$,$);
#8980=IFCCARTESIANPOINTLIST2D(((0.060000000521540642,0.10750000178813934),(0.58174511417746544,0.10750000178813934)));
#8981=IFCINDEXEDPOLYCURVE(#8982,$,$);
#8982=IFCCARTESIANPOINTLIST2D(((0.64174511469900608,0.05000000074505806),(1.1781278364360332,0.05000000074505806)));
#8983=IFCINDEXEDPOLYCURVE(#8984,$,$);
#8984=IFCCARTESIANPOINTLIST2D(((0.61674511432647705,0.10000000149011612),(0.61674511432647705,0.10000000149011612),(0.61674511432647705,0.090000001713633537),(0.64174511469900608,0.090000001713633537),(0.64174511469900608,0.05000000074505806),(0.61674511432647705,0.05000000074505806)));
#8985=IFCINDEXEDPOLYCURVE(#8986,(IFCLINEINDEX((1,2,3,4,5,6,1))),$);
#8986=IFCCARTESIANPOINTLIST2D(((1.2281278371810913,0.10000000149011612),(1.2031278368085623,0.10000000149011612),(1.2031278368085623,0.090000001713633537),(1.1781278364360332,0.090000001713633537),(1.1781278364360332,0.05000000074505806),(1.2281278371810913,0.05000000074505806)));
#8987=IFCINDEXEDPOLYCURVE(#8988,(IFCLINEINDEX((1,2,3,4,1))),$);
#8988=IFCCARTESIANPOINTLIST2D(((0.61674511432647705,0.090000001713633537),(0.65174511447548866,0.090000001713633537),(0.65174511447548866,0.12500000186264515),(0.61674511432647705,0.12500000186264515)));
#8989=IFCINDEXEDPOLYCURVE(#8990,(IFCLINEINDEX((1,2,3,4,1))),$);
#8990=IFCCARTESIANPOINTLIST2D(((1.2031278368085623,0.090000001713633537),(1.1681278366595507,0.090000001713633537),(1.1681278366595507,0.12500000186264515),(1.2031278368085623,0.12500000186264515)));
#8991=IFCINDEXEDPOLYCURVE(#8992,$,$);
#8992=IFCCARTESIANPOINTLIST2D(((0.65174511447548866,0.090000001713633537),(1.1681278366595507,0.090000001713633537)));
#8993=IFCINDEXEDPOLYCURVE(#8994,$,$);
#8994=IFCCARTESIANPOINTLIST2D(((0.65174511447548866,0.12500000186264515),(1.1681278366595507,0.12500000186264515)));
#8995=IFCINDEXEDPOLYCURVE(#8996,$,$);
#8996=IFCCARTESIANPOINTLIST2D(((0.65174511447548866,0.10750000178813934),(1.1681278366595507,0.10750000178813934)));
#8997=IFCWINDOW('2aBhmtMAfFGPG4Iqhl6num',$,'Window',$,$,#10877,#9006,$,0.89999997615814209,1.2281278371810913,$,$,$);
#8998=IFCRELDEFINESBYTYPE('0UniUtS7XBWxF8hnjqitFL',$,$,$,(#8997),#8862);
#8999=IFCCARTESIANPOINT((0.,0.,0.));
#9000=IFCDIRECTION((1.,0.,0.));
#9001=IFCDIRECTION((0.,1.,0.));
#9002=IFCDIRECTION((0.,0.,1.));
#9003=IFCCARTESIANTRANSFORMATIONOPERATOR3D(#9000,#9001,#8999,1.,#9002);
#9004=IFCMAPPEDITEM(#8865,#9003);
#9005=IFCSHAPEREPRESENTATION(#18,'Profile','MappedRepresentation',(#9004));
#9006=IFCPRODUCTDEFINITIONSHAPE($,$,(#9005,#9013,#9020));
#9007=IFCCARTESIANPOINT((0.,0.,0.));
#9008=IFCDIRECTION((1.,0.,0.));
#9009=IFCDIRECTION((0.,1.,0.));
#9010=IFCDIRECTION((0.,0.,1.));
#9011=IFCCARTESIANTRANSFORMATIONOPERATOR3D(#9008,#9009,#9007,1.,#9010);
#9012=IFCMAPPEDITEM(#8873,#9011);
#9013=IFCSHAPEREPRESENTATION(#11,'Body','MappedRepresentation',(#9012));
#9014=IFCCARTESIANPOINT((0.,0.,0.));
#9015=IFCDIRECTION((1.,0.,0.));
#9016=IFCDIRECTION((0.,1.,0.));
#9017=IFCDIRECTION((0.,0.,1.));
#9018=IFCCARTESIANTRANSFORMATIONOPERATOR3D(#9015,#9016,#9014,1.,#9017);
#9019=IFCMAPPEDITEM(#8959,#9018);
#9020=IFCSHAPEREPRESENTATION(#24,'Body','MappedRepresentation',(#9019));
#9021=IFCOPENINGELEMENT('0ZwQ4xwub0LBXISK$JBJ3H',$,'Opening',$,$,#9071,#9049,$,.OPENING.);
#9027=IFCCARTESIANPOINTLIST2D(((0.,0.),(1.2281278371810913,0.),(1.2281278371810913,0.89999997615814209),(0.,0.89999997615814209)));
#9028=IFCINDEXEDPOLYCURVE(#9027,(IFCLINEINDEX((1,2,3,4,1))),$);
#9029=IFCARBITRARYCLOSEDPROFILEDEF(.AREA.,$,#9028);
#9030=IFCCARTESIANPOINT((0.,-0.60000002384185791,0.));
#9031=IFCDIRECTION((0.,-1.,0.));
#9032=IFCDIRECTION((1.,0.,0.));
#9033=IFCAXIS2PLACEMENT3D(#9030,#9031,#9032);
#9034=IFCDIRECTION((0.,0.,-1.));
#9035=IFCEXTRUDEDAREASOLID(#9029,#9033,#9034,1.2);
#9036=IFCSHAPEREPRESENTATION(#11,'Body','SweptSolid',(#9035));
#9037=IFCCARTESIANPOINT((0.,0.,0.));
#9038=IFCDIRECTION((1.,0.,0.));
#9039=IFCDIRECTION((0.,0.,1.));
#9040=IFCAXIS2PLACEMENT3D(#9037,#9039,#9038);
#9041=IFCREPRESENTATIONMAP(#9040,#9036);
#9042=IFCCARTESIANPOINT((0.,0.,0.));
#9043=IFCDIRECTION((1.,0.,0.));
#9044=IFCDIRECTION((0.,1.,0.));
#9045=IFCDIRECTION((0.,0.,1.));
#9046=IFCCARTESIANTRANSFORMATIONOPERATOR3D(#9043,#9044,#9042,1.,#9045);
#9047=IFCMAPPEDITEM(#9041,#9046);
#9048=IFCSHAPEREPRESENTATION(#11,'Body','MappedRepresentation',(#9047));
#9049=IFCPRODUCTDEFINITIONSHAPE($,$,(#9048));
#9050=IFCRELVOIDSELEMENT('2t7MYszGjCQwjB6OPTegoX',$,$,$,#5774,#9021);
#9056=IFCRELFILLSELEMENT('369rdIaWj6pe7IZkytySvI',$,$,$,#9021,#8997);
#9067=IFCCARTESIANPOINT((0.29340758681413992,2.384185791015625E-07,1.));
#9068=IFCDIRECTION((0.,0.,1.));
#9069=IFCDIRECTION((0.99999999999997158,-2.3841857910155572E-07,0.));
#9070=IFCAXIS2PLACEMENT3D(#9067,#9068,#9069);
#9071=IFCLOCALPLACEMENT(#6191,#9070);
#9077=IFCDOORTYPE('0SXtiEF$j5pu1QL1VyYUY0',$,'2F Bedroom-1',$,$,(#9078),(#9080,#9088,#9166),$,$,.DOOR.,.SINGLE_SWING_LEFT.,$,$);
#9078=IFCPROPERTYSET('0bKHo6wz55sxnA08KKe$Et',$,'BBIM_Door',$,(#9079));
#9079=IFCPROPERTYSINGLEVALUE('Data',$,IFCTEXT('{"door_type": "SINGLE_SWING_RIGHT", "overall_height": 2.0, "overall_width": 0.8999999761581421, "lining_properties": {"lining_depth": 0.05000000074505806, "lining_thickness": 0.05000000074505806, "lining_offset": 0.0, "lining_to_panel_offset_x": 0.02500000037252903, "lining_to_panel_offset_y": 0.02500000037252903, "transom_thickness": 0.0, "casing_thickness": 0.07500000298023224, "casing_depth": 0.004999999888241291, "threshold_thickness": 0.02500000037252903, "threshold_depth": 0.10000000149011612, "threshold_offset": 0.0}, "panel_properties": {"panel_depth": 0.03500000014901161, "panel_width_ratio": 1.0}}'),$);
#9080=IFCREPRESENTATIONMAP(#9081,#9252);
#9081=IFCAXIS2PLACEMENT3D(#9082,#9083,#9084);
#9082=IFCCARTESIANPOINT((0.,0.,0.));
#9083=IFCDIRECTION((0.,0.,1.));
#9084=IFCDIRECTION((1.,0.,0.));
#9088=IFCREPRESENTATIONMAP(#9089,#9325);
#9089=IFCAXIS2PLACEMENT3D(#9090,#9091,#9092);
#9090=IFCCARTESIANPOINT((0.,0.,0.));
#9091=IFCDIRECTION((0.,0.,1.));
#9092=IFCDIRECTION((1.,0.,0.));
#9166=IFCREPRESENTATIONMAP(#9167,#9343);
#9167=IFCAXIS2PLACEMENT3D(#9168,#9169,#9170);
#9168=IFCCARTESIANPOINT((0.,0.,0.));
#9169=IFCDIRECTION((0.,0.,1.));
#9170=IFCDIRECTION((1.,0.,0.));
#9185=IFCDOOR('1pUMqyUPf7kgDZpQ$qCzU5',$,'Door',$,$,#9368,#9194,$,2.,0.89999997615814209,$,.SINGLE_SWING_RIGHT.,$);
#9186=IFCRELDEFINESBYTYPE('1cNbrBa1n57PzXuy8trO5Y',$,$,$,(#9185),#9077);
#9187=IFCCARTESIANPOINT((0.,0.,0.));
#9188=IFCDIRECTION((1.,0.,0.));
#9189=IFCDIRECTION((0.,1.,0.));
#9190=IFCDIRECTION((0.,0.,1.));
#9191=IFCCARTESIANTRANSFORMATIONOPERATOR3D(#9188,#9189,#9187,1.,#9190);
#9192=IFCMAPPEDITEM(#9080,#9191);
#9193=IFCSHAPEREPRESENTATION(#18,'Profile','MappedRepresentation',(#9192));
#9194=IFCPRODUCTDEFINITIONSHAPE($,$,(#9193,#9201,#9208));
#9195=IFCCARTESIANPOINT((0.,0.,0.));
#9196=IFCDIRECTION((1.,0.,0.));
#9197=IFCDIRECTION((0.,1.,0.));
#9198=IFCDIRECTION((0.,0.,1.));
#9199=IFCCARTESIANTRANSFORMATIONOPERATOR3D(#9196,#9197,#9195,1.,#9198);
#9200=IFCMAPPEDITEM(#9088,#9199);
#9201=IFCSHAPEREPRESENTATION(#11,'Body','MappedRepresentation',(#9200));
#9202=IFCCARTESIANPOINT((0.,0.,0.));
#9203=IFCDIRECTION((1.,0.,0.));
#9204=IFCDIRECTION((0.,1.,0.));
#9205=IFCDIRECTION((0.,0.,1.));
#9206=IFCCARTESIANTRANSFORMATIONOPERATOR3D(#9203,#9204,#9202,1.,#9205);
#9207=IFCMAPPEDITEM(#9166,#9206);
#9208=IFCSHAPEREPRESENTATION(#24,'Body','MappedRepresentation',(#9207));
#9209=IFCOPENINGELEMENT('01PX97DxT9oeR4_X69SG9d',$,'Opening',$,$,#9363,#9237,$,.OPENING.);
#9225=IFCCARTESIANPOINT((0.,0.,0.));
#9226=IFCDIRECTION((1.,0.,0.));
#9227=IFCDIRECTION((0.,0.,1.));
#9228=IFCAXIS2PLACEMENT3D(#9225,#9227,#9226);
#9229=IFCREPRESENTATIONMAP(#9228,#9353);
#9230=IFCCARTESIANPOINT((0.,0.,0.));
#9231=IFCDIRECTION((1.,0.,0.));
#9232=IFCDIRECTION((0.,1.,0.));
#9233=IFCDIRECTION((0.,0.,1.));
#9234=IFCCARTESIANTRANSFORMATIONOPERATOR3D(#9231,#9232,#9230,1.,#9233);
#9235=IFCMAPPEDITEM(#9229,#9234);
#9236=IFCSHAPEREPRESENTATION(#11,'Body','MappedRepresentation',(#9235));
#9237=IFCPRODUCTDEFINITIONSHAPE($,$,(#9236));
#9238=IFCRELVOIDSELEMENT('3L0vKp_rX1YRPjNJIe4VWh',$,$,$,#6442,#9209);
#9244=IFCRELFILLSELEMENT('1Cq8LKYj93luDkISwUXP4H',$,$,$,#9209,#9185);
#9250=IFCCARTESIANPOINTLIST3D(((0.,0.,0.),(0.89999997615814209,0.,0.),(0.89999997615814209,0.,2.),(0.,0.,2.)));
#9251=IFCINDEXEDPOLYCURVE(#9250,(IFCLINEINDEX((1,2,3,4,1))),$);
#9252=IFCSHAPEREPRESENTATION(#18,'Profile','Curve3D',(#9251));
#9253=IFCCARTESIANPOINTLIST2D(((0.,0.),(0.,2.),(0.89999997615814209,2.),(0.89999997615814209,0.),(0.87499997578561306,0.),(0.87499997578561306,1.974999999627471),(0.02500000037252903,1.974999999627471),(0.02500000037252903,0.)));
#9254=IFCINDEXEDPOLYCURVE(#9253,(IFCLINEINDEX((1,2,3,4,5,6,7,8,1))),$);
#9255=IFCARBITRARYCLOSEDPROFILEDEF(.AREA.,$,#9254);
#9256=IFCCARTESIANPOINT((0.,0.02500000037252903,0.));
#9257=IFCDIRECTION((0.,-1.,0.));
#9258=IFCDIRECTION((1.,0.,0.));
#9259=IFCAXIS2PLACEMENT3D(#9256,#9257,#9258);
#9260=IFCDIRECTION((0.,0.,-1.));
#9261=IFCEXTRUDEDAREASOLID(#9255,#9259,#9260,0.02500000037252903);
#9262=IFCCARTESIANPOINTLIST2D(((0.,0.),(0.,2.),(0.89999997615814209,2.),(0.89999997615814209,0.),(0.84999997541308403,0.),(0.84999997541308403,1.9499999992549419),(0.05000000074505806,1.9499999992549419),(0.05000000074505806,0.)));
#9263=IFCINDEXEDPOLYCURVE(#9262,(IFCLINEINDEX((1,2,3,4,5,6,7,8,1))),$);
#9264=IFCARBITRARYCLOSEDPROFILEDEF(.AREA.,$,#9263);
#9265=IFCCARTESIANPOINT((0.,0.,0.));
#9266=IFCDIRECTION((0.,-1.,0.));
#9267=IFCDIRECTION((1.,0.,0.));
#9268=IFCAXIS2PLACEMENT3D(#9265,#9266,#9267);
#9269=IFCDIRECTION((0.,0.,-1.));
#9270=IFCEXTRUDEDAREASOLID(#9264,#9268,#9269,0.02500000037252903);
#9271=IFCCARTESIANPOINTLIST2D(((0.,0.),(0.79999997466802597,0.),(0.79999997466802597,0.10000000149011612),(0.,0.10000000149011612)));
#9272=IFCINDEXEDPOLYCURVE(#9271,(IFCLINEINDEX((1,2,3,4,1))),$);
#9273=IFCARBITRARYCLOSEDPROFILEDEF(.AREA.,$,#9272);
#9274=IFCCARTESIANPOINT((0.05000000074505806,0.,0.));
#9275=IFCDIRECTION((0.,0.,1.));
#9276=IFCDIRECTION((1.,0.,0.));
#9277=IFCAXIS2PLACEMENT3D(#9274,#9275,#9276);
#9278=IFCDIRECTION((0.,0.,1.));
#9279=IFCEXTRUDEDAREASOLID(#9273,#9277,#9278,0.02500000037252903);
#9280=IFCCARTESIANPOINTLIST2D(((0.,0.),(0.,2.0250000022351742),(0.94999998062849045,2.0250000022351742),(0.94999998062849045,0.),(0.87499997764825821,0.),(0.87499997764825821,1.9499999992549419),(0.075000002980232239,1.9499999992549419),(0.075000002980232239,0.)));
#9281=IFCINDEXEDPOLYCURVE(#9280,(IFCLINEINDEX((1,2,3,4,5,6,7,8,1))),$);
#9282=IFCARBITRARYCLOSEDPROFILEDEF(.AREA.,$,#9281);
#9283=IFCCARTESIANPOINT((-0.025000002235174179,-0.004999999888241291,0.));
#9284=IFCDIRECTION((0.,-1.,0.));
#9285=IFCDIRECTION((1.,0.,0.));
#9286=IFCAXIS2PLACEMENT3D(#9283,#9284,#9285);
#9287=IFCDIRECTION((0.,0.,-1.));
#9288=IFCEXTRUDEDAREASOLID(#9282,#9286,#9287,0.004999999888241291);
#9289=IFCCARTESIANPOINTLIST2D(((0.,0.),(0.,2.0250000022351742),(0.94999998062849045,2.0250000022351742),(0.94999998062849045,0.),(0.89999997802078724,0.),(0.89999997802078724,1.974999999627471),(0.050000002607703209,1.974999999627471),(0.050000002607703209,0.)));
#9290=IFCINDEXEDPOLYCURVE(#9289,(IFCLINEINDEX((1,2,3,4,5,6,7,8,1))),$);
#9291=IFCARBITRARYCLOSEDPROFILEDEF(.AREA.,$,#9290);
#9292=IFCCARTESIANPOINT((-0.025000002235174179,0.05000000074505806,0.));
#9293=IFCDIRECTION((0.,-1.,0.));
#9294=IFCDIRECTION((1.,0.,0.));
#9295=IFCAXIS2PLACEMENT3D(#9292,#9293,#9294);
#9296=IFCDIRECTION((0.,0.,-1.));
#9297=IFCEXTRUDEDAREASOLID(#9291,#9295,#9296,0.004999999888241291);
#9298=IFCCARTESIANPOINTLIST2D(((0.,0.),(0.84999997541308403,0.),(0.84999997541308403,0.035000000149011612),(0.,0.035000000149011612)));
#9299=IFCINDEXEDPOLYCURVE(#9298,(IFCLINEINDEX((1,2,3,4,1))),$);
#9300=IFCARBITRARYCLOSEDPROFILEDEF(.AREA.,$,#9299);
#9301=IFCCARTESIANPOINT((0.02500000037252903,0.02500000037252903,0.02500000037252903));
#9302=IFCDIRECTION((0.,0.,1.));
#9303=IFCDIRECTION((1.,0.,0.));
#9304=IFCAXIS2PLACEMENT3D(#9301,#9302,#9303);
#9305=IFCDIRECTION((0.,0.,1.));
#9306=IFCEXTRUDEDAREASOLID(#9300,#9304,#9305,1.9499999992549419);
#9307=IFCCARTESIANPOINTLIST2D(((0.,0.),(0.,-0.040000000000000001),(0.12,-0.040000000000000001),(0.12,-0.02),(0.02,-0.02),(0.02,0.)));
#9308=IFCINDEXEDPOLYCURVE(#9307,(IFCLINEINDEX((1,2,3,4,5,6,1))),$);
#9309=IFCARBITRARYCLOSEDPROFILEDEF(.AREA.,$,#9308);
#9310=IFCCARTESIANPOINT((0.075000000372529033,0.02500000037252903,1.015000000372529));
#9311=IFCDIRECTION((0.,0.,1.));
#9312=IFCDIRECTION((1.,0.,0.));
#9313=IFCAXIS2PLACEMENT3D(#9310,#9311,#9312);
#9314=IFCDIRECTION((0.,0.,1.));
#9315=IFCEXTRUDEDAREASOLID(#9309,#9313,#9314,0.02);
#9316=IFCEXTRUDEDAREASOLID(#9317,#9320,#9324,0.02);
#9317=IFCARBITRARYCLOSEDPROFILEDEF(.AREA.,$,#9318);
#9318=IFCINDEXEDPOLYCURVE(#9319,(IFCLINEINDEX((1,2,3,4,5,6,1))),$);
#9319=IFCCARTESIANPOINTLIST2D(((0.,0.),(0.,0.040000000000000008),(0.11999999999999998,0.040000000000000008),(0.11999999999999998,0.020000000000000004),(0.020000000000000004,0.020000000000000004),(0.020000000000000004,0.)));
#9320=IFCAXIS2PLACEMENT3D(#9321,#9322,#9323);
#9321=IFCCARTESIANPOINT((0.075000000372529033,0.060000000521540642,1.015000000372529));
#9322=IFCDIRECTION((0.,0.,1.));
#9323=IFCDIRECTION((1.,0.,0.));
#9324=IFCDIRECTION((0.,0.,1.));
#9325=IFCSHAPEREPRESENTATION(#11,'Body','SweptSolid',(#9261,#9270,#9306,#9315,#9316,#9279,#9288,#9297));
#9326=IFCSHAPEREPRESENTATION(#11,'Body','SweptSolid',(#9261,#9270,#9279,#9288,#9297));
#9327=IFCSHAPEASPECT((#9326),'Lining',$,.T.,#9194);
#9328=IFCSHAPEREPRESENTATION(#11,'Body','SweptSolid',(#9306,#9315,#9316));
#9329=IFCSHAPEASPECT((#9328),'Framing',$,.T.,#9194);
#9330=IFCCARTESIANPOINTLIST2D(((0.,0.),(0.,0.05000000074505806),(0.02500000037252903,0.05000000074505806),(0.02500000037252903,0.02500000037252903),(0.05000000074505806,0.02500000037252903),(0.05000000074505806,0.)));
#9331=IFCINDEXEDPOLYCURVE(#9330,(IFCLINEINDEX((1,2,3,4,5,6,1))),$);
#9332=IFCINDEXEDPOLYCURVE(#9333,(IFCLINEINDEX((1,2,3,4,5,6,1))),$);
#9333=IFCCARTESIANPOINTLIST2D(((0.89999997615814209,0.),(0.89999997615814209,0.05000000074505806),(0.87499997578561306,0.05000000074505806),(0.87499997578561306,0.02500000037252903),(0.84999997541308403,0.02500000037252903),(0.84999997541308403,0.)));
#9334=IFCDIRECTION((1.,0.));
#9335=IFCCARTESIANPOINT((0.83999997563660145,0.05000000074505806));
#9336=IFCAXIS2PLACEMENT2D(#9335,#9334);
#9337=IFCELLIPSE(#9336,0.81499997526407242,0.84999997541308403);
#9338=IFCCARTESIANPOINT((0.83999997563660145,0.89999997615814209));
#9339=IFCCARTESIANPOINT((0.02500000037252903,0.05000000074505806));
#9340=IFCTRIMMEDCURVE(#9337,(#9338),(#9339),.T.,.CARTESIAN.);
#9341=IFCCARTESIANPOINTLIST2D(((0.87499997578561306,0.05000000074505806),(0.83999997563660145,0.05000000074505806),(0.83999997563660145,0.89999997615814209),(0.87499997578561306,0.89999997615814209)));
#9342=IFCINDEXEDPOLYCURVE(#9341,(IFCLINEINDEX((1,2,3,4,1))),$);
#9343=IFCSHAPEREPRESENTATION(#24,'Body','Curve2D',(#9331,#9332,#9340,#9342));
#9344=IFCCARTESIANPOINTLIST2D(((0.,0.),(0.89999997615814209,0.),(0.89999997615814209,2.),(0.,2.)));
#9345=IFCINDEXEDPOLYCURVE(#9344,(IFCLINEINDEX((1,2,3,4,1))),$);
#9346=IFCARBITRARYCLOSEDPROFILEDEF(.AREA.,$,#9345);
#9347=IFCCARTESIANPOINT((0.,-0.60000002384185791,0.));
#9348=IFCDIRECTION((0.,-1.,0.));
#9349=IFCDIRECTION((1.,0.,0.));
#9350=IFCAXIS2PLACEMENT3D(#9347,#9348,#9349);
#9351=IFCDIRECTION((0.,0.,-1.));
#9352=IFCEXTRUDEDAREASOLID(#9346,#9350,#9351,1.2);
#9353=IFCSHAPEREPRESENTATION(#11,'Body','SweptSolid',(#9352));
#9359=IFCCARTESIANPOINT((2.7214514039754993,0.015000141011271994,0.));
#9360=IFCDIRECTION((0.,0.,1.));
#9361=IFCDIRECTION((0.99999999999995448,-3.0199160505616635E-07,0.));
#9362=IFCAXIS2PLACEMENT3D(#9359,#9360,#9361);
#9363=IFCLOCALPLACEMENT(#6453,#9362);
#9364=IFCCARTESIANPOINT((-8.8817841970012523E-16,1.2831649178396192E-17,0.));
#9365=IFCDIRECTION((0.,0.,1.));
#9366=IFCDIRECTION((1.,0.,0.));
#9367=IFCAXIS2PLACEMENT3D(#9364,#9365,#9366);
#9368=IFCLOCALPLACEMENT(#9363,#9367);
#9369=IFCDOORTYPE('1HF0OPccD488MJiPQ$I_6M',$,'2F Masters',$,$,(#9370),(#9372,#9380,#9458),$,$,.DOOR.,.SINGLE_SWING_LEFT.,$,$);
#9370=IFCPROPERTYSET('0xZpitreD3vgCXd8sX5X$k',$,'BBIM_Door',$,(#9371));
#9371=IFCPROPERTYSINGLEVALUE('Data',$,IFCTEXT('{"door_type": "SINGLE_SWING_RIGHT", "overall_height": 2.0, "overall_width": 0.8424683809280396, "lining_properties": {"lining_depth": 0.05000000074505806, "lining_thickness": 0.05000000074505806, "lining_offset": 0.0, "lining_to_panel_offset_x": 0.02500000037252903, "lining_to_panel_offset_y": 0.02500000037252903, "transom_thickness": 0.0, "casing_thickness": 0.07500000298023224, "casing_depth": 0.004999999888241291, "threshold_thickness": 0.02500000037252903, "threshold_depth": 0.10000000149011612, "threshold_offset": 0.0}, "panel_properties": {"panel_depth": 0.03500000014901161, "panel_width_ratio": 1.0}}'),$);
#9372=IFCREPRESENTATIONMAP(#9373,#9893);
#9373=IFCAXIS2PLACEMENT3D(#9374,#9375,#9376);
#9374=IFCCARTESIANPOINT((0.,0.,0.));
#9375=IFCDIRECTION((0.,0.,1.));
#9376=IFCDIRECTION((1.,0.,0.));
#9380=IFCREPRESENTATIONMAP(#9381,#9966);
#9381=IFCAXIS2PLACEMENT3D(#9382,#9383,#9384);
#9382=IFCCARTESIANPOINT((0.,0.,0.));
#9383=IFCDIRECTION((0.,0.,1.));
#9384=IFCDIRECTION((1.,0.,0.));
#9458=IFCREPRESENTATIONMAP(#9459,#9980);
#9459=IFCAXIS2PLACEMENT3D(#9460,#9461,#9462);
#9460=IFCCARTESIANPOINT((0.,0.,0.));
#9461=IFCDIRECTION((0.,0.,1.));
#9462=IFCDIRECTION((1.,0.,0.));
#9477=IFCDOOR('2YWsyRVWf5FBVa6kEfMlXK',$,'Door',$,$,#10005,#9486,$,2.,0.84246838092803955,$,.SINGLE_SWING_RIGHT.,$);
#9478=IFCRELDEFINESBYTYPE('3maKAn6Hf64PCvsfySnA$p',$,$,$,(#9477),#9369);
#9479=IFCCARTESIANPOINT((0.,0.,0.));
#9480=IFCDIRECTION((1.,0.,0.));
#9481=IFCDIRECTION((0.,1.,0.));
#9482=IFCDIRECTION((0.,0.,1.));
#9483=IFCCARTESIANTRANSFORMATIONOPERATOR3D(#9480,#9481,#9479,1.,#9482);
#9484=IFCMAPPEDITEM(#9372,#9483);
#9485=IFCSHAPEREPRESENTATION(#18,'Profile','MappedRepresentation',(#9484));
#9486=IFCPRODUCTDEFINITIONSHAPE($,$,(#9485,#9493,#9500));
#9487=IFCCARTESIANPOINT((0.,0.,0.));
#9488=IFCDIRECTION((1.,0.,0.));
#9489=IFCDIRECTION((0.,1.,0.));
#9490=IFCDIRECTION((0.,0.,1.));
#9491=IFCCARTESIANTRANSFORMATIONOPERATOR3D(#9488,#9489,#9487,1.,#9490);
#9492=IFCMAPPEDITEM(#9380,#9491);
#9493=IFCSHAPEREPRESENTATION(#11,'Body','MappedRepresentation',(#9492));
#9494=IFCCARTESIANPOINT((0.,0.,0.));
#9495=IFCDIRECTION((1.,0.,0.));
#9496=IFCDIRECTION((0.,1.,0.));
#9497=IFCDIRECTION((0.,0.,1.));
#9498=IFCCARTESIANTRANSFORMATIONOPERATOR3D(#9495,#9496,#9494,1.,#9497);
#9499=IFCMAPPEDITEM(#9458,#9498);
#9500=IFCSHAPEREPRESENTATION(#24,'Body','MappedRepresentation',(#9499));
#9501=IFCOPENINGELEMENT('1qEL6kjSv1I95zZch6W$Eb',$,'Opening',$,$,#10000,#9529,$,.OPENING.);
#9517=IFCCARTESIANPOINT((0.,0.,0.));
#9518=IFCDIRECTION((1.,0.,0.));
#9519=IFCDIRECTION((0.,0.,1.));
#9520=IFCAXIS2PLACEMENT3D(#9517,#9519,#9518);
#9521=IFCREPRESENTATIONMAP(#9520,#9990);
#9522=IFCCARTESIANPOINT((0.,0.,0.));
#9523=IFCDIRECTION((1.,0.,0.));
#9524=IFCDIRECTION((0.,1.,0.));
#9525=IFCDIRECTION((0.,0.,1.));
#9526=IFCCARTESIANTRANSFORMATIONOPERATOR3D(#9523,#9524,#9522,1.,#9525);
#9527=IFCMAPPEDITEM(#9521,#9526);
#9528=IFCSHAPEREPRESENTATION(#11,'Body','MappedRepresentation',(#9527));
#9529=IFCPRODUCTDEFINITIONSHAPE($,$,(#9528));
#9530=IFCRELVOIDSELEMENT('2nsnZog7b4aQtlfZr4IonP',$,$,$,#10888,#9501);
#9536=IFCRELFILLSELEMENT('0ME4GusZ9Fj8z9G3Sk4Y$Y',$,$,$,#9501,#9477);
#9545=IFCCARTESIANPOINTLIST2D(((0.,0.),(0.,2.),(0.84246838092803955,2.),(0.84246838092803955,0.),(0.81746838055551052,0.),(0.81746838055551052,1.974999999627471),(0.02500000037252903,1.974999999627471),(0.02500000037252903,0.)));
#9546=IFCINDEXEDPOLYCURVE(#9545,(IFCLINEINDEX((1,2,3,4,5,6,7,8,1))),$);
#9547=IFCARBITRARYCLOSEDPROFILEDEF(.AREA.,$,#9546);
#9548=IFCCARTESIANPOINT((0.,0.02500000037252903,0.));
#9549=IFCDIRECTION((0.,-1.,0.));
#9550=IFCDIRECTION((1.,0.,0.));
#9551=IFCAXIS2PLACEMENT3D(#9548,#9549,#9550);
#9552=IFCDIRECTION((0.,0.,-1.));
#9553=IFCEXTRUDEDAREASOLID(#9547,#9551,#9552,0.02500000037252903);
#9554=IFCCARTESIANPOINTLIST2D(((0.,0.),(0.,2.),(0.84246838092803955,2.),(0.84246838092803955,0.),(0.79246838018298149,0.),(0.79246838018298149,1.9499999992549419),(0.05000000074505806,1.9499999992549419),(0.05000000074505806,0.)));
#9555=IFCINDEXEDPOLYCURVE(#9554,(IFCLINEINDEX((1,2,3,4,5,6,7,8,1))),$);
#9556=IFCARBITRARYCLOSEDPROFILEDEF(.AREA.,$,#9555);
#9557=IFCCARTESIANPOINT((0.,0.,0.));
#9558=IFCDIRECTION((0.,-1.,0.));
#9559=IFCDIRECTION((1.,0.,0.));
#9560=IFCAXIS2PLACEMENT3D(#9557,#9558,#9559);
#9561=IFCDIRECTION((0.,0.,-1.));
#9562=IFCEXTRUDEDAREASOLID(#9556,#9560,#9561,0.02500000037252903);
#9563=IFCCARTESIANPOINTLIST2D(((0.,0.),(0.74246837943792343,0.),(0.74246837943792343,0.10000000149011612),(0.,0.10000000149011612)));
#9564=IFCINDEXEDPOLYCURVE(#9563,(IFCLINEINDEX((1,2,3,4,1))),$);
#9565=IFCARBITRARYCLOSEDPROFILEDEF(.AREA.,$,#9564);
#9566=IFCCARTESIANPOINT((0.05000000074505806,0.,0.));
#9567=IFCDIRECTION((0.,0.,1.));
#9568=IFCDIRECTION((1.,0.,0.));
#9569=IFCAXIS2PLACEMENT3D(#9566,#9567,#9568);
#9570=IFCDIRECTION((0.,0.,1.));
#9571=IFCEXTRUDEDAREASOLID(#9565,#9569,#9570,0.02500000037252903);
#9572=IFCCARTESIANPOINTLIST2D(((0.,0.),(0.,2.0250000022351742),(0.89246838539838791,2.0250000022351742),(0.89246838539838791,0.),(0.81746838241815567,0.),(0.81746838241815567,1.9499999992549419),(0.075000002980232239,1.9499999992549419),(0.075000002980232239,0.)));
#9573=IFCINDEXEDPOLYCURVE(#9572,(IFCLINEINDEX((1,2,3,4,5,6,7,8,1))),$);
#9574=IFCARBITRARYCLOSEDPROFILEDEF(.AREA.,$,#9573);
#9575=IFCCARTESIANPOINT((-0.025000002235174179,-0.004999999888241291,0.));
#9576=IFCDIRECTION((0.,-1.,0.));
#9577=IFCDIRECTION((1.,0.,0.));
#9578=IFCAXIS2PLACEMENT3D(#9575,#9576,#9577);
#9579=IFCDIRECTION((0.,0.,-1.));
#9580=IFCEXTRUDEDAREASOLID(#9574,#9578,#9579,0.004999999888241291);
#9581=IFCCARTESIANPOINTLIST2D(((0.,0.),(0.,2.0250000022351742),(0.89246838539838791,2.0250000022351742),(0.89246838539838791,0.),(0.8424683827906847,0.),(0.8424683827906847,1.974999999627471),(0.050000002607703209,1.974999999627471),(0.050000002607703209,0.)));
#9582=IFCINDEXEDPOLYCURVE(#9581,(IFCLINEINDEX((1,2,3,4,5,6,7,8,1))),$);
#9583=IFCARBITRARYCLOSEDPROFILEDEF(.AREA.,$,#9582);
#9584=IFCCARTESIANPOINT((-0.025000002235174179,0.05000000074505806,0.));
#9585=IFCDIRECTION((0.,-1.,0.));
#9586=IFCDIRECTION((1.,0.,0.));
#9587=IFCAXIS2PLACEMENT3D(#9584,#9585,#9586);
#9588=IFCDIRECTION((0.,0.,-1.));
#9589=IFCEXTRUDEDAREASOLID(#9583,#9587,#9588,0.004999999888241291);
#9590=IFCCARTESIANPOINTLIST2D(((0.,0.),(0.79246838018298149,0.),(0.79246838018298149,0.035000000149011612),(0.,0.035000000149011612)));
#9591=IFCINDEXEDPOLYCURVE(#9590,(IFCLINEINDEX((1,2,3,4,1))),$);
#9592=IFCARBITRARYCLOSEDPROFILEDEF(.AREA.,$,#9591);
#9593=IFCCARTESIANPOINT((0.02500000037252903,0.02500000037252903,0.02500000037252903));
#9594=IFCDIRECTION((0.,0.,1.));
#9595=IFCDIRECTION((1.,0.,0.));
#9596=IFCAXIS2PLACEMENT3D(#9593,#9594,#9595);
#9597=IFCDIRECTION((0.,0.,1.));
#9598=IFCEXTRUDEDAREASOLID(#9592,#9596,#9597,1.9499999992549419);
#9599=IFCCARTESIANPOINTLIST2D(((0.,0.),(0.,-0.040000000000000001),(0.12,-0.040000000000000001),(0.12,-0.02),(0.02,-0.02),(0.02,0.)));
#9600=IFCINDEXEDPOLYCURVE(#9599,(IFCLINEINDEX((1,2,3,4,5,6,1))),$);
#9601=IFCARBITRARYCLOSEDPROFILEDEF(.AREA.,$,#9600);
#9602=IFCCARTESIANPOINT((0.075000000372529033,0.02500000037252903,1.015000000372529));
#9603=IFCDIRECTION((0.,0.,1.));
#9604=IFCDIRECTION((1.,0.,0.));
#9605=IFCAXIS2PLACEMENT3D(#9602,#9603,#9604);
#9606=IFCDIRECTION((0.,0.,1.));
#9607=IFCEXTRUDEDAREASOLID(#9601,#9605,#9606,0.02);
#9608=IFCEXTRUDEDAREASOLID(#9609,#9612,#9616,0.02);
#9609=IFCARBITRARYCLOSEDPROFILEDEF(.AREA.,$,#9610);
#9610=IFCINDEXEDPOLYCURVE(#9611,(IFCLINEINDEX((1,2,3,4,5,6,1))),$);
#9611=IFCCARTESIANPOINTLIST2D(((0.,0.),(0.,0.040000000000000008),(0.11999999999999998,0.040000000000000008),(0.11999999999999998,0.020000000000000004),(0.020000000000000004,0.020000000000000004),(0.020000000000000004,0.)));
#9612=IFCAXIS2PLACEMENT3D(#9613,#9614,#9615);
#9613=IFCCARTESIANPOINT((0.075000000372529033,0.060000000521540642,1.015000000372529));
#9614=IFCDIRECTION((0.,0.,1.));
#9615=IFCDIRECTION((1.,0.,0.));
#9616=IFCDIRECTION((0.,0.,1.));
#9618=IFCSHAPEREPRESENTATION(#11,'Body','SweptSolid',(#9580,#9571,#9814,#9562,#9553,#9589,#9902,#9805,#9672,#9708,#9796,#9699,#9938,#9787,#9690,#9929,#9911,#9681,#9920,#9823));
#9619=IFCSHAPEASPECT((#9618),'Lining',$,.T.,#9486);
#9620=IFCSHAPEREPRESENTATION(#11,'Body','SweptSolid',(#9947,#9717,#9726,#9957,#9841,#9727,#9842,#9956,#9832,#9607,#9608,#9598));
#9621=IFCSHAPEASPECT((#9620),'Framing',$,.T.,#9486);
#9664=IFCCARTESIANPOINTLIST2D(((0.,0.),(0.,2.),(0.84246838092803955,2.),(0.84246838092803955,0.),(0.81746838055551052,0.),(0.81746838055551052,1.974999999627471),(0.02500000037252903,1.974999999627471),(0.02500000037252903,0.)));
#9665=IFCINDEXEDPOLYCURVE(#9664,(IFCLINEINDEX((1,2,3,4,5,6,7,8,1))),$);
#9666=IFCARBITRARYCLOSEDPROFILEDEF(.AREA.,$,#9665);
#9667=IFCCARTESIANPOINT((0.,0.02500000037252903,0.));
#9668=IFCDIRECTION((0.,-1.,0.));
#9669=IFCDIRECTION((1.,0.,0.));
#9670=IFCAXIS2PLACEMENT3D(#9667,#9668,#9669);
#9671=IFCDIRECTION((0.,0.,-1.));
#9672=IFCEXTRUDEDAREASOLID(#9666,#9670,#9671,0.02500000037252903);
#9673=IFCCARTESIANPOINTLIST2D(((0.,0.),(0.,2.),(0.84246838092803955,2.),(0.84246838092803955,0.),(0.79246838018298149,0.),(0.79246838018298149,1.9499999992549419),(0.05000000074505806,1.9499999992549419),(0.05000000074505806,0.)));
#9674=IFCINDEXEDPOLYCURVE(#9673,(IFCLINEINDEX((1,2,3,4,5,6,7,8,1))),$);
#9675=IFCARBITRARYCLOSEDPROFILEDEF(.AREA.,$,#9674);
#9676=IFCCARTESIANPOINT((0.,0.,0.));
#9677=IFCDIRECTION((0.,-1.,0.));
#9678=IFCDIRECTION((1.,0.,0.));
#9679=IFCAXIS2PLACEMENT3D(#9676,#9677,#9678);
#9680=IFCDIRECTION((0.,0.,-1.));
#9681=IFCEXTRUDEDAREASOLID(#9675,#9679,#9680,0.02500000037252903);
#9682=IFCCARTESIANPOINTLIST2D(((0.,0.),(0.74246837943792343,0.),(0.74246837943792343,0.10000000149011612),(0.,0.10000000149011612)));
#9683=IFCINDEXEDPOLYCURVE(#9682,(IFCLINEINDEX((1,2,3,4,1))),$);
#9684=IFCARBITRARYCLOSEDPROFILEDEF(.AREA.,$,#9683);
#9685=IFCCARTESIANPOINT((0.05000000074505806,0.,0.));
#9686=IFCDIRECTION((0.,0.,1.));
#9687=IFCDIRECTION((1.,0.,0.));
#9688=IFCAXIS2PLACEMENT3D(#9685,#9686,#9687);
#9689=IFCDIRECTION((0.,0.,1.));
#9690=IFCEXTRUDEDAREASOLID(#9684,#9688,#9689,0.02500000037252903);
#9691=IFCCARTESIANPOINTLIST2D(((0.,0.),(0.,2.0250000022351742),(0.89246838539838791,2.0250000022351742),(0.89246838539838791,0.),(0.81746838241815567,0.),(0.81746838241815567,1.9499999992549419),(0.075000002980232239,1.9499999992549419),(0.075000002980232239,0.)));
#9692=IFCINDEXEDPOLYCURVE(#9691,(IFCLINEINDEX((1,2,3,4,5,6,7,8,1))),$);
#9693=IFCARBITRARYCLOSEDPROFILEDEF(.AREA.,$,#9692);
#9694=IFCCARTESIANPOINT((-0.025000002235174179,-0.004999999888241291,0.));
#9695=IFCDIRECTION((0.,-1.,0.));
#9696=IFCDIRECTION((1.,0.,0.));
#9697=IFCAXIS2PLACEMENT3D(#9694,#9695,#9696);
#9698=IFCDIRECTION((0.,0.,-1.));
#9699=IFCEXTRUDEDAREASOLID(#9693,#9697,#9698,0.004999999888241291);
#9700=IFCCARTESIANPOINTLIST2D(((0.,0.),(0.,2.0250000022351742),(0.89246838539838791,2.0250000022351742),(0.89246838539838791,0.),(0.8424683827906847,0.),(0.8424683827906847,1.974999999627471),(0.050000002607703209,1.974999999627471),(0.050000002607703209,0.)));
#9701=IFCINDEXEDPOLYCURVE(#9700,(IFCLINEINDEX((1,2,3,4,5,6,7,8,1))),$);
#9702=IFCARBITRARYCLOSEDPROFILEDEF(.AREA.,$,#9701);
#9703=IFCCARTESIANPOINT((-0.025000002235174179,0.05000000074505806,0.));
#9704=IFCDIRECTION((0.,-1.,0.));
#9705=IFCDIRECTION((1.,0.,0.));
#9706=IFCAXIS2PLACEMENT3D(#9703,#9704,#9705);
#9707=IFCDIRECTION((0.,0.,-1.));
#9708=IFCEXTRUDEDAREASOLID(#9702,#9706,#9707,0.004999999888241291);
#9709=IFCCARTESIANPOINTLIST2D(((0.,0.),(0.79246838018298149,0.),(0.79246838018298149,0.035000000149011612),(0.,0.035000000149011612)));
#9710=IFCINDEXEDPOLYCURVE(#9709,(IFCLINEINDEX((1,2,3,4,1))),$);
#9711=IFCARBITRARYCLOSEDPROFILEDEF(.AREA.,$,#9710);
#9712=IFCCARTESIANPOINT((0.02500000037252903,0.02500000037252903,0.02500000037252903));
#9713=IFCDIRECTION((0.,0.,1.));
#9714=IFCDIRECTION((1.,0.,0.));
#9715=IFCAXIS2PLACEMENT3D(#9712,#9713,#9714);
#9716=IFCDIRECTION((0.,0.,1.));
#9717=IFCEXTRUDEDAREASOLID(#9711,#9715,#9716,1.9499999992549419);
#9718=IFCCARTESIANPOINTLIST2D(((0.,0.),(0.,-0.040000000000000001),(0.12,-0.040000000000000001),(0.12,-0.02),(0.02,-0.02),(0.02,0.)));
#9719=IFCINDEXEDPOLYCURVE(#9718,(IFCLINEINDEX((1,2,3,4,5,6,1))),$);
#9720=IFCARBITRARYCLOSEDPROFILEDEF(.AREA.,$,#9719);
#9721=IFCCARTESIANPOINT((0.075000000372529033,0.02500000037252903,1.015000000372529));
#9722=IFCDIRECTION((0.,0.,1.));
#9723=IFCDIRECTION((1.,0.,0.));
#9724=IFCAXIS2PLACEMENT3D(#9721,#9722,#9723);
#9725=IFCDIRECTION((0.,0.,1.));
#9726=IFCEXTRUDEDAREASOLID(#9720,#9724,#9725,0.02);
#9727=IFCEXTRUDEDAREASOLID(#9728,#9731,#9735,0.02);
#9728=IFCARBITRARYCLOSEDPROFILEDEF(.AREA.,$,#9729);
#9729=IFCINDEXEDPOLYCURVE(#9730,(IFCLINEINDEX((1,2,3,4,5,6,1))),$);
#9730=IFCCARTESIANPOINTLIST2D(((0.,0.),(0.,0.040000000000000008),(0.11999999999999998,0.040000000000000008),(0.11999999999999998,0.020000000000000004),(0.020000000000000004,0.020000000000000004),(0.020000000000000004,0.)));
#9731=IFCAXIS2PLACEMENT3D(#9732,#9733,#9734);
#9732=IFCCARTESIANPOINT((0.075000000372529033,0.060000000521540642,1.015000000372529));
#9733=IFCDIRECTION((0.,0.,1.));
#9734=IFCDIRECTION((1.,0.,0.));
#9735=IFCDIRECTION((0.,0.,1.));
#9779=IFCCARTESIANPOINTLIST2D(((0.,0.),(0.,2.),(0.84246838092803955,2.),(0.84246838092803955,0.),(0.81746838055551052,0.),(0.81746838055551052,1.974999999627471),(0.02500000037252903,1.974999999627471),(0.02500000037252903,0.)));
#9780=IFCINDEXEDPOLYCURVE(#9779,(IFCLINEINDEX((1,2,3,4,5,6,7,8,1))),$);
#9781=IFCARBITRARYCLOSEDPROFILEDEF(.AREA.,$,#9780);
#9782=IFCCARTESIANPOINT((0.,0.02500000037252903,0.));
#9783=IFCDIRECTION((0.,-1.,0.));
#9784=IFCDIRECTION((1.,0.,0.));
#9785=IFCAXIS2PLACEMENT3D(#9782,#9783,#9784);
#9786=IFCDIRECTION((0.,0.,-1.));
#9787=IFCEXTRUDEDAREASOLID(#9781,#9785,#9786,0.02500000037252903);
#9788=IFCCARTESIANPOINTLIST2D(((0.,0.),(0.,2.),(0.84246838092803955,2.),(0.84246838092803955,0.),(0.79246838018298149,0.),(0.79246838018298149,1.9499999992549419),(0.05000000074505806,1.9499999992549419),(0.05000000074505806,0.)));
#9789=IFCINDEXEDPOLYCURVE(#9788,(IFCLINEINDEX((1,2,3,4,5,6,7,8,1))),$);
#9790=IFCARBITRARYCLOSEDPROFILEDEF(.AREA.,$,#9789);
#9791=IFCCARTESIANPOINT((0.,0.,0.));
#9792=IFCDIRECTION((0.,-1.,0.));
#9793=IFCDIRECTION((1.,0.,0.));
#9794=IFCAXIS2PLACEMENT3D(#9791,#9792,#9793);
#9795=IFCDIRECTION((0.,0.,-1.));
#9796=IFCEXTRUDEDAREASOLID(#9790,#9794,#9795,0.02500000037252903);
#9797=IFCCARTESIANPOINTLIST2D(((0.,0.),(0.74246837943792343,0.),(0.74246837943792343,0.10000000149011612),(0.,0.10000000149011612)));
#9798=IFCINDEXEDPOLYCURVE(#9797,(IFCLINEINDEX((1,2,3,4,1))),$);
#9799=IFCARBITRARYCLOSEDPROFILEDEF(.AREA.,$,#9798);
#9800=IFCCARTESIANPOINT((0.05000000074505806,0.,0.));
#9801=IFCDIRECTION((0.,0.,1.));
#9802=IFCDIRECTION((1.,0.,0.));
#9803=IFCAXIS2PLACEMENT3D(#9800,#9801,#9802);
#9804=IFCDIRECTION((0.,0.,1.));
#9805=IFCEXTRUDEDAREASOLID(#9799,#9803,#9804,0.02500000037252903);
#9806=IFCCARTESIANPOINTLIST2D(((0.,0.),(0.,2.0250000022351742),(0.89246838539838791,2.0250000022351742),(0.89246838539838791,0.),(0.81746838241815567,0.),(0.81746838241815567,1.9499999992549419),(0.075000002980232239,1.9499999992549419),(0.075000002980232239,0.)));
#9807=IFCINDEXEDPOLYCURVE(#9806,(IFCLINEINDEX((1,2,3,4,5,6,7,8,1))),$);
#9808=IFCARBITRARYCLOSEDPROFILEDEF(.AREA.,$,#9807);
#9809=IFCCARTESIANPOINT((-0.025000002235174179,-0.004999999888241291,0.));
#9810=IFCDIRECTION((0.,-1.,0.));
#9811=IFCDIRECTION((1.,0.,0.));
#9812=IFCAXIS2PLACEMENT3D(#9809,#9810,#9811);
#9813=IFCDIRECTION((0.,0.,-1.));
#9814=IFCEXTRUDEDAREASOLID(#9808,#9812,#9813,0.004999999888241291);
#9815=IFCCARTESIANPOINTLIST2D(((0.,0.),(0.,2.0250000022351742),(0.89246838539838791,2.0250000022351742),(0.89246838539838791,0.),(0.8424683827906847,0.),(0.8424683827906847,1.974999999627471),(0.050000002607703209,1.974999999627471),(0.050000002607703209,0.)));
#9816=IFCINDEXEDPOLYCURVE(#9815,(IFCLINEINDEX((1,2,3,4,5,6,7,8,1))),$);
#9817=IFCARBITRARYCLOSEDPROFILEDEF(.AREA.,$,#9816);
#9818=IFCCARTESIANPOINT((-0.025000002235174179,0.05000000074505806,0.));
#9819=IFCDIRECTION((0.,-1.,0.));
#9820=IFCDIRECTION((1.,0.,0.));
#9821=IFCAXIS2PLACEMENT3D(#9818,#9819,#9820);
#9822=IFCDIRECTION((0.,0.,-1.));
#9823=IFCEXTRUDEDAREASOLID(#9817,#9821,#9822,0.004999999888241291);
#9824=IFCCARTESIANPOINTLIST2D(((0.,0.),(0.79246838018298149,0.),(0.79246838018298149,0.035000000149011612),(0.,0.035000000149011612)));
#9825=IFCINDEXEDPOLYCURVE(#9824,(IFCLINEINDEX((1,2,3,4,1))),$);
#9826=IFCARBITRARYCLOSEDPROFILEDEF(.AREA.,$,#9825);
#9827=IFCCARTESIANPOINT((0.02500000037252903,0.02500000037252903,0.02500000037252903));
#9828=IFCDIRECTION((0.,0.,1.));
#9829=IFCDIRECTION((1.,0.,0.));
#9830=IFCAXIS2PLACEMENT3D(#9827,#9828,#9829);
#9831=IFCDIRECTION((0.,0.,1.));
#9832=IFCEXTRUDEDAREASOLID(#9826,#9830,#9831,1.9499999992549419);
#9833=IFCCARTESIANPOINTLIST2D(((0.,0.),(0.,-0.040000000000000001),(-0.11999999999999988,-0.040000000000000001),(-0.11999999999999988,-0.02),(-0.020000000000000018,-0.02),(-0.020000000000000018,0.)));
#9834=IFCINDEXEDPOLYCURVE(#9833,(IFCLINEINDEX((1,2,3,4,5,6,1))),$);
#9835=IFCARBITRARYCLOSEDPROFILEDEF(.AREA.,$,#9834);
#9836=IFCCARTESIANPOINT((0.76746838055551048,0.02500000037252903,1.015000000372529));
#9837=IFCDIRECTION((0.,0.,1.));
#9838=IFCDIRECTION((1.,0.,0.));
#9839=IFCAXIS2PLACEMENT3D(#9836,#9837,#9838);
#9840=IFCDIRECTION((0.,0.,1.));
#9841=IFCEXTRUDEDAREASOLID(#9835,#9839,#9840,0.02);
#9842=IFCEXTRUDEDAREASOLID(#9843,#9846,#9850,0.02);
#9843=IFCARBITRARYCLOSEDPROFILEDEF(.AREA.,$,#9844);
#9844=IFCINDEXEDPOLYCURVE(#9845,(IFCLINEINDEX((1,2,3,4,5,6,1))),$);
#9845=IFCCARTESIANPOINTLIST2D(((0.,0.),(0.,0.040000000000000008),(-0.11999999999999988,0.040000000000000008),(-0.11999999999999988,0.020000000000000004),(-0.020000000000000018,0.020000000000000004),(-0.020000000000000018,0.)));
#9846=IFCAXIS2PLACEMENT3D(#9847,#9848,#9849);
#9847=IFCCARTESIANPOINT((0.76746838055551048,0.060000000521540642,1.015000000372529));
#9848=IFCDIRECTION((0.,0.,1.));
#9849=IFCDIRECTION((1.,0.,0.));
#9850=IFCDIRECTION((0.,0.,1.));
#9891=IFCCARTESIANPOINTLIST3D(((0.,0.,0.),(0.84246838092803955,0.,0.),(0.84246838092803955,0.,2.),(0.,0.,2.)));
#9892=IFCINDEXEDPOLYCURVE(#9891,(IFCLINEINDEX((1,2,3,4,1))),$);
#9893=IFCSHAPEREPRESENTATION(#18,'Profile','Curve3D',(#9892));
#9894=IFCCARTESIANPOINTLIST2D(((0.,0.),(0.,2.),(0.84246838092803955,2.),(0.84246838092803955,0.),(0.81746838055551052,0.),(0.81746838055551052,1.974999999627471),(0.02500000037252903,1.974999999627471),(0.02500000037252903,0.)));
#9895=IFCINDEXEDPOLYCURVE(#9894,(IFCLINEINDEX((1,2,3,4,5,6,7,8,1))),$);
#9896=IFCARBITRARYCLOSEDPROFILEDEF(.AREA.,$,#9895);
#9897=IFCCARTESIANPOINT((0.,0.02500000037252903,0.));
#9898=IFCDIRECTION((0.,-1.,0.));
#9899=IFCDIRECTION((1.,0.,0.));
#9900=IFCAXIS2PLACEMENT3D(#9897,#9898,#9899);
#9901=IFCDIRECTION((0.,0.,-1.));
#9902=IFCEXTRUDEDAREASOLID(#9896,#9900,#9901,0.02500000037252903);
#9903=IFCCARTESIANPOINTLIST2D(((0.,0.),(0.,2.),(0.84246838092803955,2.),(0.84246838092803955,0.),(0.79246838018298149,0.),(0.79246838018298149,1.9499999992549419),(0.05000000074505806,1.9499999992549419),(0.05000000074505806,0.)));
#9904=IFCINDEXEDPOLYCURVE(#9903,(IFCLINEINDEX((1,2,3,4,5,6,7,8,1))),$);
#9905=IFCARBITRARYCLOSEDPROFILEDEF(.AREA.,$,#9904);
#9906=IFCCARTESIANPOINT((0.,0.,0.));
#9907=IFCDIRECTION((0.,-1.,0.));
#9908=IFCDIRECTION((1.,0.,0.));
#9909=IFCAXIS2PLACEMENT3D(#9906,#9907,#9908);
#9910=IFCDIRECTION((0.,0.,-1.));
#9911=IFCEXTRUDEDAREASOLID(#9905,#9909,#9910,0.02500000037252903);
#9912=IFCCARTESIANPOINTLIST2D(((0.,0.),(0.74246837943792343,0.),(0.74246837943792343,0.10000000149011612),(0.,0.10000000149011612)));
#9913=IFCINDEXEDPOLYCURVE(#9912,(IFCLINEINDEX((1,2,3,4,1))),$);
#9914=IFCARBITRARYCLOSEDPROFILEDEF(.AREA.,$,#9913);
#9915=IFCCARTESIANPOINT((0.05000000074505806,0.,0.));
#9916=IFCDIRECTION((0.,0.,1.));
#9917=IFCDIRECTION((1.,0.,0.));
#9918=IFCAXIS2PLACEMENT3D(#9915,#9916,#9917);
#9919=IFCDIRECTION((0.,0.,1.));
#9920=IFCEXTRUDEDAREASOLID(#9914,#9918,#9919,0.02500000037252903);
#9921=IFCCARTESIANPOINTLIST2D(((0.,0.),(0.,2.0250000022351742),(0.89246838539838791,2.0250000022351742),(0.89246838539838791,0.),(0.81746838241815567,0.),(0.81746838241815567,1.9499999992549419),(0.075000002980232239,1.9499999992549419),(0.075000002980232239,0.)));
#9922=IFCINDEXEDPOLYCURVE(#9921,(IFCLINEINDEX((1,2,3,4,5,6,7,8,1))),$);
#9923=IFCARBITRARYCLOSEDPROFILEDEF(.AREA.,$,#9922);
#9924=IFCCARTESIANPOINT((-0.025000002235174179,-0.004999999888241291,0.));
#9925=IFCDIRECTION((0.,-1.,0.));
#9926=IFCDIRECTION((1.,0.,0.));
#9927=IFCAXIS2PLACEMENT3D(#9924,#9925,#9926);
#9928=IFCDIRECTION((0.,0.,-1.));
#9929=IFCEXTRUDEDAREASOLID(#9923,#9927,#9928,0.004999999888241291);
#9930=IFCCARTESIANPOINTLIST2D(((0.,0.),(0.,2.0250000022351742),(0.89246838539838791,2.0250000022351742),(0.89246838539838791,0.),(0.8424683827906847,0.),(0.8424683827906847,1.974999999627471),(0.050000002607703209,1.974999999627471),(0.050000002607703209,0.)));
#9931=IFCINDEXEDPOLYCURVE(#9930,(IFCLINEINDEX((1,2,3,4,5,6,7,8,1))),$);
#9932=IFCARBITRARYCLOSEDPROFILEDEF(.AREA.,$,#9931);
#9933=IFCCARTESIANPOINT((-0.025000002235174179,0.05000000074505806,0.));
#9934=IFCDIRECTION((0.,-1.,0.));
#9935=IFCDIRECTION((1.,0.,0.));
#9936=IFCAXIS2PLACEMENT3D(#9933,#9934,#9935);
#9937=IFCDIRECTION((0.,0.,-1.));
#9938=IFCEXTRUDEDAREASOLID(#9932,#9936,#9937,0.004999999888241291);
#9939=IFCCARTESIANPOINTLIST2D(((0.,0.),(0.79246838018298149,0.),(0.79246838018298149,0.035000000149011612),(0.,0.035000000149011612)));
#9940=IFCINDEXEDPOLYCURVE(#9939,(IFCLINEINDEX((1,2,3,4,1))),$);
#9941=IFCARBITRARYCLOSEDPROFILEDEF(.AREA.,$,#9940);
#9942=IFCCARTESIANPOINT((0.02500000037252903,0.02500000037252903,0.02500000037252903));
#9943=IFCDIRECTION((0.,0.,1.));
#9944=IFCDIRECTION((1.,0.,0.));
#9945=IFCAXIS2PLACEMENT3D(#9942,#9943,#9944);
#9946=IFCDIRECTION((0.,0.,1.));
#9947=IFCEXTRUDEDAREASOLID(#9941,#9945,#9946,1.9499999992549419);
#9948=IFCCARTESIANPOINTLIST2D(((0.,0.),(0.,-0.040000000000000001),(0.12,-0.040000000000000001),(0.12,-0.02),(0.02,-0.02),(0.02,0.)));
#9949=IFCINDEXEDPOLYCURVE(#9948,(IFCLINEINDEX((1,2,3,4,5,6,1))),$);
#9950=IFCARBITRARYCLOSEDPROFILEDEF(.AREA.,$,#9949);
#9951=IFCCARTESIANPOINT((0.075000000372529033,0.02500000037252903,1.015000000372529));
#9952=IFCDIRECTION((0.,0.,1.));
#9953=IFCDIRECTION((1.,0.,0.));
#9954=IFCAXIS2PLACEMENT3D(#9951,#9952,#9953);
#9955=IFCDIRECTION((0.,0.,1.));
#9956=IFCEXTRUDEDAREASOLID(#9950,#9954,#9955,0.02);
#9957=IFCEXTRUDEDAREASOLID(#9958,#9961,#9965,0.02);
#9958=IFCARBITRARYCLOSEDPROFILEDEF(.AREA.,$,#9959);
#9959=IFCINDEXEDPOLYCURVE(#9960,(IFCLINEINDEX((1,2,3,4,5,6,1))),$);
#9960=IFCCARTESIANPOINTLIST2D(((0.,0.),(0.,0.040000000000000008),(0.11999999999999998,0.040000000000000008),(0.11999999999999998,0.020000000000000004),(0.020000000000000004,0.020000000000000004),(0.020000000000000004,0.)));
#9961=IFCAXIS2PLACEMENT3D(#9962,#9963,#9964);
#9962=IFCCARTESIANPOINT((0.075000000372529033,0.060000000521540642,1.015000000372529));
#9963=IFCDIRECTION((0.,0.,1.));
#9964=IFCDIRECTION((1.,0.,0.));
#9965=IFCDIRECTION((0.,0.,1.));
#9966=IFCSHAPEREPRESENTATION(#11,'Body','SweptSolid',(#9902,#9911,#9947,#9956,#9957,#9920,#9929,#9938));
#9967=IFCCARTESIANPOINTLIST2D(((0.,0.),(0.,0.05000000074505806),(0.02500000037252903,0.05000000074505806),(0.02500000037252903,0.02500000037252903),(0.05000000074505806,0.02500000037252903),(0.05000000074505806,0.)));
#9968=IFCINDEXEDPOLYCURVE(#9967,(IFCLINEINDEX((1,2,3,4,5,6,1))),$);
#9969=IFCINDEXEDPOLYCURVE(#9970,(IFCLINEINDEX((1,2,3,4,5,6,1))),$);
#9970=IFCCARTESIANPOINTLIST2D(((0.84246838092803955,0.),(0.84246838092803955,0.05000000074505806),(0.81746838055551052,0.05000000074505806),(0.81746838055551052,0.02500000037252903),(0.79246838018298149,0.02500000037252903),(0.79246838018298149,0.)));
#9971=IFCDIRECTION((1.,0.));
#9972=IFCCARTESIANPOINT((0.78246838040649891,0.05000000074505806));
#9973=IFCAXIS2PLACEMENT2D(#9972,#9971);
#9974=IFCELLIPSE(#9973,0.75746838003396988,0.79246838018298149);
#9975=IFCCARTESIANPOINT((0.78246838040649891,0.84246838092803955));
#9976=IFCCARTESIANPOINT((0.02500000037252903,0.05000000074505806));
#9977=IFCTRIMMEDCURVE(#9974,(#9975),(#9976),.T.,.CARTESIAN.);
#9978=IFCCARTESIANPOINTLIST2D(((0.81746838055551052,0.05000000074505806),(0.78246838040649891,0.05000000074505806),(0.78246838040649891,0.84246838092803955),(0.81746838055551052,0.84246838092803955)));
#9979=IFCINDEXEDPOLYCURVE(#9978,(IFCLINEINDEX((1,2,3,4,1))),$);
#9980=IFCSHAPEREPRESENTATION(#24,'Body','Curve2D',(#9968,#9969,#9977,#9979));
#9981=IFCCARTESIANPOINTLIST2D(((0.,0.),(0.84246838092803955,0.),(0.84246838092803955,2.),(0.,2.)));
#9982=IFCINDEXEDPOLYCURVE(#9981,(IFCLINEINDEX((1,2,3,4,1))),$);
#9983=IFCARBITRARYCLOSEDPROFILEDEF(.AREA.,$,#9982);
#9984=IFCCARTESIANPOINT((0.,-0.60000002384185791,0.));
#9985=IFCDIRECTION((0.,-1.,0.));
#9986=IFCDIRECTION((1.,0.,0.));
#9987=IFCAXIS2PLACEMENT3D(#9984,#9985,#9986);
#9988=IFCDIRECTION((0.,0.,-1.));
#9989=IFCEXTRUDEDAREASOLID(#9983,#9987,#9988,1.2);
#9990=IFCSHAPEREPRESENTATION(#11,'Body','SweptSolid',(#9989));
#9996=IFCCARTESIANPOINT((4.9414018239030026,0.10000050357585455,0.));
#9997=IFCDIRECTION((0.,0.,1.));
#9998=IFCDIRECTION((-0.99999999999996347,2.7020508497342693E-07,0.));
#9999=IFCAXIS2PLACEMENT3D(#9996,#9997,#9998);
#10000=IFCLOCALPLACEMENT(#10918,#10922);
#10001=IFCCARTESIANPOINT((1.1648933897771461E-15,-5.5511151231257827E-17,0.));
#10002=IFCDIRECTION((0.,0.,1.));
#10003=IFCDIRECTION((1.,-5.2939559203393771E-23,0.));
#10004=IFCAXIS2PLACEMENT3D(#10001,#10002,#10003);
#10005=IFCLOCALPLACEMENT(#10000,#10004);
#10006=IFCDOORTYPE('1llK8j4Q9A0fzAKPW7_DHR',$,'2F Bedroom 01',$,$,(#10007),(#10009,#10017,#10095),$,$,.DOOR.,.SINGLE_SWING_LEFT.,$,$);
#10007=IFCPROPERTYSET('3eVIGVmcv7sfToG3JrTUqR',$,'BBIM_Door',$,(#10008));
#10008=IFCPROPERTYSINGLEVALUE('Data',$,IFCTEXT('{"door_type": "SINGLE_SWING_LEFT", "overall_height": 2.0, "overall_width": 0.8424683809280396, "lining_properties": {"lining_depth": 0.05000000074505806, "lining_thickness": 0.05000000074505806, "lining_offset": 0.0, "lining_to_panel_offset_x": 0.02500000037252903, "lining_to_panel_offset_y": 0.02500000037252903, "transom_thickness": 0.0, "casing_thickness": 0.07500000298023224, "casing_depth": 0.004999999888241291, "threshold_thickness": 0.02500000037252903, "threshold_depth": 0.10000000149011612, "threshold_offset": 0.0}, "panel_properties": {"panel_depth": 0.03500000014901161, "panel_width_ratio": 1.0}}'),$);
#10009=IFCREPRESENTATIONMAP(#10010,#10181);
#10010=IFCAXIS2PLACEMENT3D(#10011,#10012,#10013);
#10011=IFCCARTESIANPOINT((0.,0.,0.));
#10012=IFCDIRECTION((0.,0.,1.));
#10013=IFCDIRECTION((1.,0.,0.));
#10017=IFCREPRESENTATIONMAP(#10018,#10254);
#10018=IFCAXIS2PLACEMENT3D(#10019,#10020,#10021);
#10019=IFCCARTESIANPOINT((0.,0.,0.));
#10020=IFCDIRECTION((0.,0.,1.));
#10021=IFCDIRECTION((1.,0.,0.));
#10095=IFCREPRESENTATIONMAP(#10096,#10272);
#10096=IFCAXIS2PLACEMENT3D(#10097,#10098,#10099);
#10097=IFCCARTESIANPOINT((0.,0.,0.));
#10098=IFCDIRECTION((0.,0.,1.));
#10099=IFCDIRECTION((1.,0.,0.));
#10114=IFCDOOR('0kN1xhhx5FcBh$Rj0UbZxv',$,'Door',$,$,#10297,#10123,$,2.,0.84246838092803955,$,.SINGLE_SWING_LEFT.,$);
#10115=IFCRELDEFINESBYTYPE('1O4NUJsAb6SQDNZjBjGTmv',$,$,$,(#10114),#10006);
#10116=IFCCARTESIANPOINT((0.,0.,0.));
#10117=IFCDIRECTION((1.,0.,0.));
#10118=IFCDIRECTION((0.,1.,0.));
#10119=IFCDIRECTION((0.,0.,1.));
#10120=IFCCARTESIANTRANSFORMATIONOPERATOR3D(#10117,#10118,#10116,1.,#10119);
#10121=IFCMAPPEDITEM(#10009,#10120);
#10122=IFCSHAPEREPRESENTATION(#18,'Profile','MappedRepresentation',(#10121));
#10123=IFCPRODUCTDEFINITIONSHAPE($,$,(#10122,#10130,#10137));
#10124=IFCCARTESIANPOINT((0.,0.,0.));
#10125=IFCDIRECTION((1.,0.,0.));
#10126=IFCDIRECTION((0.,1.,0.));
#10127=IFCDIRECTION((0.,0.,1.));
#10128=IFCCARTESIANTRANSFORMATIONOPERATOR3D(#10125,#10126,#10124,1.,#10127);
#10129=IFCMAPPEDITEM(#10017,#10128);
#10130=IFCSHAPEREPRESENTATION(#11,'Body','MappedRepresentation',(#10129));
#10131=IFCCARTESIANPOINT((0.,0.,0.));
#10132=IFCDIRECTION((1.,0.,0.));
#10133=IFCDIRECTION((0.,1.,0.));
#10134=IFCDIRECTION((0.,0.,1.));
#10135=IFCCARTESIANTRANSFORMATIONOPERATOR3D(#10132,#10133,#10131,1.,#10134);
#10136=IFCMAPPEDITEM(#10095,#10135);
#10137=IFCSHAPEREPRESENTATION(#24,'Body','MappedRepresentation',(#10136));
#10138=IFCOPENINGELEMENT('3wY3SSriX8ku4os6wXH2lS',$,'Opening',$,$,#10292,#10166,$,.OPENING.);
#10154=IFCCARTESIANPOINT((0.,0.,0.));
#10155=IFCDIRECTION((1.,0.,0.));
#10156=IFCDIRECTION((0.,0.,1.));
#10157=IFCAXIS2PLACEMENT3D(#10154,#10156,#10155);
#10158=IFCREPRESENTATIONMAP(#10157,#10282);
#10159=IFCCARTESIANPOINT((0.,0.,0.));
#10160=IFCDIRECTION((1.,0.,0.));
#10161=IFCDIRECTION((0.,1.,0.));
#10162=IFCDIRECTION((0.,0.,1.));
#10163=IFCCARTESIANTRANSFORMATIONOPERATOR3D(#10160,#10161,#10159,1.,#10162);
#10164=IFCMAPPEDITEM(#10158,#10163);
#10165=IFCSHAPEREPRESENTATION(#11,'Body','MappedRepresentation',(#10164));
#10166=IFCPRODUCTDEFINITIONSHAPE($,$,(#10165));
#10167=IFCRELVOIDSELEMENT('1JSnJTFgnEfeu7QkQJLnoT',$,$,$,#6262,#10138);
#10173=IFCRELFILLSELEMENT('1VSSm5X_LE2uHt$M2NMvj6',$,$,$,#10138,#10114);
#10179=IFCCARTESIANPOINTLIST3D(((0.,0.,0.),(0.84246838092803955,0.,0.),(0.84246838092803955,0.,2.),(0.,0.,2.)));
#10180=IFCINDEXEDPOLYCURVE(#10179,(IFCLINEINDEX((1,2,3,4,1))),$);
#10181=IFCSHAPEREPRESENTATION(#18,'Profile','Curve3D',(#10180));
#10182=IFCCARTESIANPOINTLIST2D(((0.,0.),(0.,2.),(0.84246838092803955,2.),(0.84246838092803955,0.),(0.81746838055551052,0.),(0.81746838055551052,1.974999999627471),(0.02500000037252903,1.974999999627471),(0.02500000037252903,0.)));
#10183=IFCINDEXEDPOLYCURVE(#10182,(IFCLINEINDEX((1,2,3,4,5,6,7,8,1))),$);
#10184=IFCARBITRARYCLOSEDPROFILEDEF(.AREA.,$,#10183);
#10185=IFCCARTESIANPOINT((0.,0.02500000037252903,0.));
#10186=IFCDIRECTION((0.,-1.,0.));
#10187=IFCDIRECTION((1.,0.,0.));
#10188=IFCAXIS2PLACEMENT3D(#10185,#10186,#10187);
#10189=IFCDIRECTION((0.,0.,-1.));
#10190=IFCEXTRUDEDAREASOLID(#10184,#10188,#10189,0.02500000037252903);
#10191=IFCCARTESIANPOINTLIST2D(((0.,0.),(0.,2.),(0.84246838092803955,2.),(0.84246838092803955,0.),(0.79246838018298149,0.),(0.79246838018298149,1.9499999992549419),(0.05000000074505806,1.9499999992549419),(0.05000000074505806,0.)));
#10192=IFCINDEXEDPOLYCURVE(#10191,(IFCLINEINDEX((1,2,3,4,5,6,7,8,1))),$);
#10193=IFCARBITRARYCLOSEDPROFILEDEF(.AREA.,$,#10192);
#10194=IFCCARTESIANPOINT((0.,0.,0.));
#10195=IFCDIRECTION((0.,-1.,0.));
#10196=IFCDIRECTION((1.,0.,0.));
#10197=IFCAXIS2PLACEMENT3D(#10194,#10195,#10196);
#10198=IFCDIRECTION((0.,0.,-1.));
#10199=IFCEXTRUDEDAREASOLID(#10193,#10197,#10198,0.02500000037252903);
#10200=IFCCARTESIANPOINTLIST2D(((0.,0.),(0.74246837943792343,0.),(0.74246837943792343,0.10000000149011612),(0.,0.10000000149011612)));
#10201=IFCINDEXEDPOLYCURVE(#10200,(IFCLINEINDEX((1,2,3,4,1))),$);
#10202=IFCARBITRARYCLOSEDPROFILEDEF(.AREA.,$,#10201);
#10203=IFCCARTESIANPOINT((0.05000000074505806,0.,0.));
#10204=IFCDIRECTION((0.,0.,1.));
#10205=IFCDIRECTION((1.,0.,0.));
#10206=IFCAXIS2PLACEMENT3D(#10203,#10204,#10205);
#10207=IFCDIRECTION((0.,0.,1.));
#10208=IFCEXTRUDEDAREASOLID(#10202,#10206,#10207,0.02500000037252903);
#10209=IFCCARTESIANPOINTLIST2D(((0.,0.),(0.,2.0250000022351742),(0.89246838539838791,2.0250000022351742),(0.89246838539838791,0.),(0.81746838241815567,0.),(0.81746838241815567,1.9499999992549419),(0.075000002980232239,1.9499999992549419),(0.075000002980232239,0.)));
#10210=IFCINDEXEDPOLYCURVE(#10209,(IFCLINEINDEX((1,2,3,4,5,6,7,8,1))),$);
#10211=IFCARBITRARYCLOSEDPROFILEDEF(.AREA.,$,#10210);
#10212=IFCCARTESIANPOINT((-0.025000002235174179,-0.004999999888241291,0.));
#10213=IFCDIRECTION((0.,-1.,0.));
#10214=IFCDIRECTION((1.,0.,0.));
#10215=IFCAXIS2PLACEMENT3D(#10212,#10213,#10214);
#10216=IFCDIRECTION((0.,0.,-1.));
#10217=IFCEXTRUDEDAREASOLID(#10211,#10215,#10216,0.004999999888241291);
#10218=IFCCARTESIANPOINTLIST2D(((0.,0.),(0.,2.0250000022351742),(0.89246838539838791,2.0250000022351742),(0.89246838539838791,0.),(0.8424683827906847,0.),(0.8424683827906847,1.974999999627471),(0.050000002607703209,1.974999999627471),(0.050000002607703209,0.)));
#10219=IFCINDEXEDPOLYCURVE(#10218,(IFCLINEINDEX((1,2,3,4,5,6,7,8,1))),$);
#10220=IFCARBITRARYCLOSEDPROFILEDEF(.AREA.,$,#10219);
#10221=IFCCARTESIANPOINT((-0.025000002235174179,0.05000000074505806,0.));
#10222=IFCDIRECTION((0.,-1.,0.));
#10223=IFCDIRECTION((1.,0.,0.));
#10224=IFCAXIS2PLACEMENT3D(#10221,#10222,#10223);
#10225=IFCDIRECTION((0.,0.,-1.));
#10226=IFCEXTRUDEDAREASOLID(#10220,#10224,#10225,0.004999999888241291);
#10227=IFCCARTESIANPOINTLIST2D(((0.,0.),(0.79246838018298149,0.),(0.79246838018298149,0.035000000149011612),(0.,0.035000000149011612)));
#10228=IFCINDEXEDPOLYCURVE(#10227,(IFCLINEINDEX((1,2,3,4,1))),$);
#10229=IFCARBITRARYCLOSEDPROFILEDEF(.AREA.,$,#10228);
#10230=IFCCARTESIANPOINT((0.02500000037252903,0.02500000037252903,0.02500000037252903));
#10231=IFCDIRECTION((0.,0.,1.));
#10232=IFCDIRECTION((1.,0.,0.));
#10233=IFCAXIS2PLACEMENT3D(#10230,#10231,#10232);
#10234=IFCDIRECTION((0.,0.,1.));
#10235=IFCEXTRUDEDAREASOLID(#10229,#10233,#10234,1.9499999992549419);
#10236=IFCCARTESIANPOINTLIST2D(((0.,0.),(0.,-0.040000000000000001),(-0.11999999999999988,-0.040000000000000001),(-0.11999999999999988,-0.02),(-0.020000000000000018,-0.02),(-0.020000000000000018,0.)));
#10237=IFCINDEXEDPOLYCURVE(#10236,(IFCLINEINDEX((1,2,3,4,5,6,1))),$);
#10238=IFCARBITRARYCLOSEDPROFILEDEF(.AREA.,$,#10237);
#10239=IFCCARTESIANPOINT((0.76746838055551048,0.02500000037252903,1.015000000372529));
#10240=IFCDIRECTION((0.,0.,1.));
#10241=IFCDIRECTION((1.,0.,0.));
#10242=IFCAXIS2PLACEMENT3D(#10239,#10240,#10241);
#10243=IFCDIRECTION((0.,0.,1.));
#10244=IFCEXTRUDEDAREASOLID(#10238,#10242,#10243,0.02);
#10245=IFCEXTRUDEDAREASOLID(#10246,#10249,#10253,0.02);
#10246=IFCARBITRARYCLOSEDPROFILEDEF(.AREA.,$,#10247);
#10247=IFCINDEXEDPOLYCURVE(#10248,(IFCLINEINDEX((1,2,3,4,5,6,1))),$);
#10248=IFCCARTESIANPOINTLIST2D(((0.,0.),(0.,0.040000000000000008),(-0.11999999999999988,0.040000000000000008),(-0.11999999999999988,0.020000000000000004),(-0.020000000000000018,0.020000000000000004),(-0.020000000000000018,0.)));
#10249=IFCAXIS2PLACEMENT3D(#10250,#10251,#10252);
#10250=IFCCARTESIANPOINT((0.76746838055551048,0.060000000521540642,1.015000000372529));
#10251=IFCDIRECTION((0.,0.,1.));
#10252=IFCDIRECTION((1.,0.,0.));
#10253=IFCDIRECTION((0.,0.,1.));
#10254=IFCSHAPEREPRESENTATION(#11,'Body','SweptSolid',(#10190,#10199,#10235,#10244,#10245,#10208,#10217,#10226));
#10255=IFCSHAPEREPRESENTATION(#11,'Body','SweptSolid',(#10190,#10199,#10208,#10217,#10226));
#10256=IFCSHAPEASPECT((#10255),'Lining',$,.T.,#10123);
#10257=IFCSHAPEREPRESENTATION(#11,'Body','SweptSolid',(#10235,#10244,#10245));
#10258=IFCSHAPEASPECT((#10257),'Framing',$,.T.,#10123);
#10259=IFCCARTESIANPOINTLIST2D(((0.,0.),(0.,0.05000000074505806),(0.02500000037252903,0.05000000074505806),(0.02500000037252903,0.02500000037252903),(0.05000000074505806,0.02500000037252903),(0.05000000074505806,0.)));
#10260=IFCINDEXEDPOLYCURVE(#10259,(IFCLINEINDEX((1,2,3,4,5,6,1))),$);
#10261=IFCINDEXEDPOLYCURVE(#10262,(IFCLINEINDEX((1,2,3,4,5,6,1))),$);
#10262=IFCCARTESIANPOINTLIST2D(((0.84246838092803955,0.),(0.84246838092803955,0.05000000074505806),(0.81746838055551052,0.05000000074505806),(0.81746838055551052,0.02500000037252903),(0.79246838018298149,0.02500000037252903),(0.79246838018298149,0.)));
#10263=IFCDIRECTION((1.,0.));
#10264=IFCCARTESIANPOINT((0.060000000521540642,0.05000000074505806));
#10265=IFCAXIS2PLACEMENT2D(#10264,#10263);
#10266=IFCELLIPSE(#10265,0.75746838003396988,0.79246838018298149);
#10267=IFCCARTESIANPOINT((0.81746838055551052,0.05000000074505806));
#10268=IFCCARTESIANPOINT((0.060000000521540642,0.84246838092803955));
#10269=IFCTRIMMEDCURVE(#10266,(#10267),(#10268),.T.,.CARTESIAN.);
#10270=IFCCARTESIANPOINTLIST2D(((0.02500000037252903,0.05000000074505806),(0.060000000521540642,0.05000000074505806),(0.060000000521540642,0.84246838092803955),(0.02500000037252903,0.84246838092803955)));
#10271=IFCINDEXEDPOLYCURVE(#10270,(IFCLINEINDEX((1,2,3,4,1))),$);
#10272=IFCSHAPEREPRESENTATION(#24,'Body','Curve2D',(#10260,#10261,#10269,#10271));
#10273=IFCCARTESIANPOINTLIST2D(((0.,0.),(0.84246838092803955,0.),(0.84246838092803955,2.),(0.,2.)));
#10274=IFCINDEXEDPOLYCURVE(#10273,(IFCLINEINDEX((1,2,3,4,1))),$);
#10275=IFCARBITRARYCLOSEDPROFILEDEF(.AREA.,$,#10274);
#10276=IFCCARTESIANPOINT((0.,-0.60000002384185791,0.));
#10277=IFCDIRECTION((0.,-1.,0.));
#10278=IFCDIRECTION((1.,0.,0.));
#10279=IFCAXIS2PLACEMENT3D(#10276,#10277,#10278);
#10280=IFCDIRECTION((0.,0.,-1.));
#10281=IFCEXTRUDEDAREASOLID(#10275,#10279,#10280,1.2);
#10282=IFCSHAPEREPRESENTATION(#11,'Body','SweptSolid',(#10281));
#10288=IFCCARTESIANPOINT((3.736423357869068,0.10000045090457299,0.));
#10289=IFCDIRECTION((0.,0.,1.));
#10290=IFCDIRECTION((-0.99999999999999944,3.1786512977305273E-08,0.));
#10291=IFCAXIS2PLACEMENT3D(#10288,#10289,#10290);
#10292=IFCLOCALPLACEMENT(#6390,#10291);
#10293=IFCCARTESIANPOINT((1.302985416013476E-15,5.5511151231257827E-17,0.));
#10294=IFCDIRECTION((0.,0.,1.));
#10295=IFCDIRECTION((1.0000000000000002,1.3234889800848443E-23,0.));
#10296=IFCAXIS2PLACEMENT3D(#10293,#10294,#10295);
#10297=IFCLOCALPLACEMENT(#10292,#10296);
#10406=IFCDOORTYPE('3OoTMw8MD6Cv9IGWibz_Hr',$,'2F Extra',$,$,(#10407),(#10409,#10417,#10495),$,$,.DOOR.,.SINGLE_SWING_LEFT.,$,$);
#10407=IFCPROPERTYSET('0$NhqRcMj4iOfi0wVrUced',$,'BBIM_Door',$,(#10408));
#10408=IFCPROPERTYSINGLEVALUE('Data',$,IFCTEXT('{"door_type": "SINGLE_SWING_LEFT", "overall_height": 2.0, "overall_width": 0.7249650955200195, "lining_properties": {"lining_depth": 0.05000000074505806, "lining_thickness": 0.05000000074505806, "lining_offset": 0.0, "lining_to_panel_offset_x": 0.02500000037252903, "lining_to_panel_offset_y": 0.02500000037252903, "transom_thickness": 0.0, "casing_thickness": 0.07500000298023224, "casing_depth": 0.004999999888241291, "threshold_thickness": 0.02500000037252903, "threshold_depth": 0.10000000149011612, "threshold_offset": 0.0}, "panel_properties": {"panel_depth": 0.03500000014901161, "panel_width_ratio": 1.0}}'),$);
#10409=IFCREPRESENTATIONMAP(#10410,#10703);
#10410=IFCAXIS2PLACEMENT3D(#10411,#10412,#10413);
#10411=IFCCARTESIANPOINT((0.,0.,0.));
#10412=IFCDIRECTION((0.,0.,1.));
#10413=IFCDIRECTION((1.,0.,0.));
#10417=IFCREPRESENTATIONMAP(#10418,#10776);
#10418=IFCAXIS2PLACEMENT3D(#10419,#10420,#10421);
#10419=IFCCARTESIANPOINT((0.,0.,0.));
#10420=IFCDIRECTION((0.,0.,1.));
#10421=IFCDIRECTION((1.,0.,0.));
#10495=IFCREPRESENTATIONMAP(#10496,#10790);
#10496=IFCAXIS2PLACEMENT3D(#10497,#10498,#10499);
#10497=IFCCARTESIANPOINT((0.,0.,0.));
#10498=IFCDIRECTION((0.,0.,1.));
#10499=IFCDIRECTION((1.,0.,0.));
#10517=IFCDOOR('20P1ert0vDLRYyduD_GJhw',$,'Door',$,$,#10815,#10526,$,2.,0.72496509552001953,$,.SINGLE_SWING_LEFT.,$);
#10518=IFCRELDEFINESBYTYPE('1YpXHdRgjA48saa8aBQPLe',$,$,$,(#10517),#10406);
#10519=IFCCARTESIANPOINT((0.,0.,0.));
#10520=IFCDIRECTION((1.,0.,0.));
#10521=IFCDIRECTION((0.,1.,0.));
#10522=IFCDIRECTION((0.,0.,1.));
#10523=IFCCARTESIANTRANSFORMATIONOPERATOR3D(#10520,#10521,#10519,1.,#10522);
#10524=IFCMAPPEDITEM(#10409,#10523);
#10525=IFCSHAPEREPRESENTATION(#18,'Profile','MappedRepresentation',(#10524));
#10526=IFCPRODUCTDEFINITIONSHAPE($,$,(#10525,#10533,#10540));
#10527=IFCCARTESIANPOINT((0.,0.,0.));
#10528=IFCDIRECTION((1.,0.,0.));
#10529=IFCDIRECTION((0.,1.,0.));
#10530=IFCDIRECTION((0.,0.,1.));
#10531=IFCCARTESIANTRANSFORMATIONOPERATOR3D(#10528,#10529,#10527,1.,#10530);
#10532=IFCMAPPEDITEM(#10417,#10531);
#10533=IFCSHAPEREPRESENTATION(#11,'Body','MappedRepresentation',(#10532));
#10534=IFCCARTESIANPOINT((0.,0.,0.));
#10535=IFCDIRECTION((1.,0.,0.));
#10536=IFCDIRECTION((0.,1.,0.));
#10537=IFCDIRECTION((0.,0.,1.));
#10538=IFCCARTESIANTRANSFORMATIONOPERATOR3D(#10535,#10536,#10534,1.,#10537);
#10539=IFCMAPPEDITEM(#10495,#10538);
#10540=IFCSHAPEREPRESENTATION(#24,'Body','MappedRepresentation',(#10539));
#10541=IFCOPENINGELEMENT('3R0fakL9PCdRDzAVIsO0IM',$,'Opening',$,$,#10810,#10569,$,.OPENING.);
#10557=IFCCARTESIANPOINT((0.,0.,0.));
#10558=IFCDIRECTION((1.,0.,0.));
#10559=IFCDIRECTION((0.,0.,1.));
#10560=IFCAXIS2PLACEMENT3D(#10557,#10559,#10558);
#10561=IFCREPRESENTATIONMAP(#10560,#10800);
#10562=IFCCARTESIANPOINT((0.,0.,0.));
#10563=IFCDIRECTION((1.,0.,0.));
#10564=IFCDIRECTION((0.,1.,0.));
#10565=IFCDIRECTION((0.,0.,1.));
#10566=IFCCARTESIANTRANSFORMATIONOPERATOR3D(#10563,#10564,#10562,1.,#10565);
#10567=IFCMAPPEDITEM(#10561,#10566);
#10568=IFCSHAPEREPRESENTATION(#11,'Body','MappedRepresentation',(#10567));
#10569=IFCPRODUCTDEFINITIONSHAPE($,$,(#10568));
#10570=IFCRELVOIDSELEMENT('1nHdjOT3v5jO2MhzCZofTO',$,$,$,#6237,#10541);
#10576=IFCRELFILLSELEMENT('02zqv_5Ir47haep$8C5ieU',$,$,$,#10541,#10517);
#10585=IFCCARTESIANPOINTLIST2D(((0.,0.),(0.,2.),(0.72496509552001953,2.),(0.72496509552001953,0.),(0.6999650951474905,0.),(0.6999650951474905,1.974999999627471),(0.02500000037252903,1.974999999627471),(0.02500000037252903,0.)));
#10586=IFCINDEXEDPOLYCURVE(#10585,(IFCLINEINDEX((1,2,3,4,5,6,7,8,1))),$);
#10587=IFCARBITRARYCLOSEDPROFILEDEF(.AREA.,$,#10586);
#10588=IFCCARTESIANPOINT((0.,0.02500000037252903,0.));
#10589=IFCDIRECTION((0.,-1.,0.));
#10590=IFCDIRECTION((1.,0.,0.));
#10591=IFCAXIS2PLACEMENT3D(#10588,#10589,#10590);
#10592=IFCDIRECTION((0.,0.,-1.));
#10593=IFCEXTRUDEDAREASOLID(#10587,#10591,#10592,0.02500000037252903);
#10594=IFCCARTESIANPOINTLIST2D(((0.,0.),(0.,2.),(0.72496509552001953,2.),(0.72496509552001953,0.),(0.67496509477496147,0.),(0.67496509477496147,1.9499999992549419),(0.05000000074505806,1.9499999992549419),(0.05000000074505806,0.)));
#10595=IFCINDEXEDPOLYCURVE(#10594,(IFCLINEINDEX((1,2,3,4,5,6,7,8,1))),$);
#10596=IFCARBITRARYCLOSEDPROFILEDEF(.AREA.,$,#10595);
#10597=IFCCARTESIANPOINT((0.,0.,0.));
#10598=IFCDIRECTION((0.,-1.,0.));
#10599=IFCDIRECTION((1.,0.,0.));
#10600=IFCAXIS2PLACEMENT3D(#10597,#10598,#10599);
#10601=IFCDIRECTION((0.,0.,-1.));
#10602=IFCEXTRUDEDAREASOLID(#10596,#10600,#10601,0.02500000037252903);
#10603=IFCCARTESIANPOINTLIST2D(((0.,0.),(0.62496509402990341,0.),(0.62496509402990341,0.10000000149011612),(0.,0.10000000149011612)));
#10604=IFCINDEXEDPOLYCURVE(#10603,(IFCLINEINDEX((1,2,3,4,1))),$);
#10605=IFCARBITRARYCLOSEDPROFILEDEF(.AREA.,$,#10604);
#10606=IFCCARTESIANPOINT((0.05000000074505806,0.,0.));
#10607=IFCDIRECTION((0.,0.,1.));
#10608=IFCDIRECTION((1.,0.,0.));
#10609=IFCAXIS2PLACEMENT3D(#10606,#10607,#10608);
#10610=IFCDIRECTION((0.,0.,1.));
#10611=IFCEXTRUDEDAREASOLID(#10605,#10609,#10610,0.02500000037252903);
#10612=IFCCARTESIANPOINTLIST2D(((0.,0.),(0.,2.0250000022351742),(0.77496509999036789,2.0250000022351742),(0.77496509999036789,0.),(0.69996509701013565,0.),(0.69996509701013565,1.9499999992549419),(0.075000002980232239,1.9499999992549419),(0.075000002980232239,0.)));
#10613=IFCINDEXEDPOLYCURVE(#10612,(IFCLINEINDEX((1,2,3,4,5,6,7,8,1))),$);
#10614=IFCARBITRARYCLOSEDPROFILEDEF(.AREA.,$,#10613);
#10615=IFCCARTESIANPOINT((-0.025000002235174179,-0.004999999888241291,0.));
#10616=IFCDIRECTION((0.,-1.,0.));
#10617=IFCDIRECTION((1.,0.,0.));
#10618=IFCAXIS2PLACEMENT3D(#10615,#10616,#10617);
#10619=IFCDIRECTION((0.,0.,-1.));
#10620=IFCEXTRUDEDAREASOLID(#10614,#10618,#10619,0.004999999888241291);
#10621=IFCCARTESIANPOINTLIST2D(((0.,0.),(0.,2.0250000022351742),(0.77496509999036789,2.0250000022351742),(0.77496509999036789,0.),(0.72496509738266468,0.),(0.72496509738266468,1.974999999627471),(0.050000002607703209,1.974999999627471),(0.050000002607703209,0.)));
#10622=IFCINDEXEDPOLYCURVE(#10621,(IFCLINEINDEX((1,2,3,4,5,6,7,8,1))),$);
#10623=IFCARBITRARYCLOSEDPROFILEDEF(.AREA.,$,#10622);
#10624=IFCCARTESIANPOINT((-0.025000002235174179,0.05000000074505806,0.));
#10625=IFCDIRECTION((0.,-1.,0.));
#10626=IFCDIRECTION((1.,0.,0.));
#10627=IFCAXIS2PLACEMENT3D(#10624,#10625,#10626);
#10628=IFCDIRECTION((0.,0.,-1.));
#10629=IFCEXTRUDEDAREASOLID(#10623,#10627,#10628,0.004999999888241291);
#10630=IFCCARTESIANPOINTLIST2D(((0.,0.),(0.67496509477496147,0.),(0.67496509477496147,0.035000000149011612),(0.,0.035000000149011612)));
#10631=IFCINDEXEDPOLYCURVE(#10630,(IFCLINEINDEX((1,2,3,4,1))),$);
#10632=IFCARBITRARYCLOSEDPROFILEDEF(.AREA.,$,#10631);
#10633=IFCCARTESIANPOINT((0.02500000037252903,0.02500000037252903,0.02500000037252903));
#10634=IFCDIRECTION((0.,0.,1.));
#10635=IFCDIRECTION((1.,0.,0.));
#10636=IFCAXIS2PLACEMENT3D(#10633,#10634,#10635);
#10637=IFCDIRECTION((0.,0.,1.));
#10638=IFCEXTRUDEDAREASOLID(#10632,#10636,#10637,1.9499999992549419);
#10639=IFCCARTESIANPOINTLIST2D(((0.,0.),(0.,-0.040000000000000001),(0.12,-0.040000000000000001),(0.12,-0.02),(0.02,-0.02),(0.02,0.)));
#10640=IFCINDEXEDPOLYCURVE(#10639,(IFCLINEINDEX((1,2,3,4,5,6,1))),$);
#10641=IFCARBITRARYCLOSEDPROFILEDEF(.AREA.,$,#10640);
#10642=IFCCARTESIANPOINT((0.075000000372529033,0.02500000037252903,1.015000000372529));
#10643=IFCDIRECTION((0.,0.,1.));
#10644=IFCDIRECTION((1.,0.,0.));
#10645=IFCAXIS2PLACEMENT3D(#10642,#10643,#10644);
#10646=IFCDIRECTION((0.,0.,1.));
#10647=IFCEXTRUDEDAREASOLID(#10641,#10645,#10646,0.02);
#10648=IFCEXTRUDEDAREASOLID(#10649,#10652,#10656,0.02);
#10649=IFCARBITRARYCLOSEDPROFILEDEF(.AREA.,$,#10650);
#10650=IFCINDEXEDPOLYCURVE(#10651,(IFCLINEINDEX((1,2,3,4,5,6,1))),$);
#10651=IFCCARTESIANPOINTLIST2D(((0.,0.),(0.,0.040000000000000008),(0.11999999999999998,0.040000000000000008),(0.11999999999999998,0.020000000000000004),(0.020000000000000004,0.020000000000000004),(0.020000000000000004,0.)));
#10652=IFCAXIS2PLACEMENT3D(#10653,#10654,#10655);
#10653=IFCCARTESIANPOINT((0.075000000372529033,0.060000000521540642,1.015000000372529));
#10654=IFCDIRECTION((0.,0.,1.));
#10655=IFCDIRECTION((1.,0.,0.));
#10656=IFCDIRECTION((0.,0.,1.));
#10658=IFCSHAPEREPRESENTATION(#11,'Body','SweptSolid',(#10611,#10748,#10629,#10602,#10739,#10593,#10730,#10721,#10712,#10620));
#10659=IFCSHAPEASPECT((#10658),'Lining',$,.T.,#10526);
#10660=IFCSHAPEREPRESENTATION(#11,'Body','SweptSolid',(#10638,#10757,#10766,#10647,#10767,#10648));
#10661=IFCSHAPEASPECT((#10660),'Framing',$,.T.,#10526);
#10701=IFCCARTESIANPOINTLIST3D(((0.,0.,0.),(0.72496509552001953,0.,0.),(0.72496509552001953,0.,2.),(0.,0.,2.)));
#10702=IFCINDEXEDPOLYCURVE(#10701,(IFCLINEINDEX((1,2,3,4,1))),$);
#10703=IFCSHAPEREPRESENTATION(#18,'Profile','Curve3D',(#10702));
#10704=IFCCARTESIANPOINTLIST2D(((0.,0.),(0.,2.),(0.72496509552001953,2.),(0.72496509552001953,0.),(0.6999650951474905,0.),(0.6999650951474905,1.974999999627471),(0.02500000037252903,1.974999999627471),(0.02500000037252903,0.)));
#10705=IFCINDEXEDPOLYCURVE(#10704,(IFCLINEINDEX((1,2,3,4,5,6,7,8,1))),$);
#10706=IFCARBITRARYCLOSEDPROFILEDEF(.AREA.,$,#10705);
#10707=IFCCARTESIANPOINT((0.,0.02500000037252903,0.));
#10708=IFCDIRECTION((0.,-1.,0.));
#10709=IFCDIRECTION((1.,0.,0.));
#10710=IFCAXIS2PLACEMENT3D(#10707,#10708,#10709);
#10711=IFCDIRECTION((0.,0.,-1.));
#10712=IFCEXTRUDEDAREASOLID(#10706,#10710,#10711,0.02500000037252903);
#10713=IFCCARTESIANPOINTLIST2D(((0.,0.),(0.,2.),(0.72496509552001953,2.),(0.72496509552001953,0.),(0.67496509477496147,0.),(0.67496509477496147,1.9499999992549419),(0.05000000074505806,1.9499999992549419),(0.05000000074505806,0.)));
#10714=IFCINDEXEDPOLYCURVE(#10713,(IFCLINEINDEX((1,2,3,4,5,6,7,8,1))),$);
#10715=IFCARBITRARYCLOSEDPROFILEDEF(.AREA.,$,#10714);
#10716=IFCCARTESIANPOINT((0.,0.,0.));
#10717=IFCDIRECTION((0.,-1.,0.));
#10718=IFCDIRECTION((1.,0.,0.));
#10719=IFCAXIS2PLACEMENT3D(#10716,#10717,#10718);
#10720=IFCDIRECTION((0.,0.,-1.));
#10721=IFCEXTRUDEDAREASOLID(#10715,#10719,#10720,0.02500000037252903);
#10722=IFCCARTESIANPOINTLIST2D(((0.,0.),(0.62496509402990341,0.),(0.62496509402990341,0.10000000149011612),(0.,0.10000000149011612)));
#10723=IFCINDEXEDPOLYCURVE(#10722,(IFCLINEINDEX((1,2,3,4,1))),$);
#10724=IFCARBITRARYCLOSEDPROFILEDEF(.AREA.,$,#10723);
#10725=IFCCARTESIANPOINT((0.05000000074505806,0.,0.));
#10726=IFCDIRECTION((0.,0.,1.));
#10727=IFCDIRECTION((1.,0.,0.));
#10728=IFCAXIS2PLACEMENT3D(#10725,#10726,#10727);
#10729=IFCDIRECTION((0.,0.,1.));
#10730=IFCEXTRUDEDAREASOLID(#10724,#10728,#10729,0.02500000037252903);
#10731=IFCCARTESIANPOINTLIST2D(((0.,0.),(0.,2.0250000022351742),(0.77496509999036789,2.0250000022351742),(0.77496509999036789,0.),(0.69996509701013565,0.),(0.69996509701013565,1.9499999992549419),(0.075000002980232239,1.9499999992549419),(0.075000002980232239,0.)));
#10732=IFCINDEXEDPOLYCURVE(#10731,(IFCLINEINDEX((1,2,3,4,5,6,7,8,1))),$);
#10733=IFCARBITRARYCLOSEDPROFILEDEF(.AREA.,$,#10732);
#10734=IFCCARTESIANPOINT((-0.025000002235174179,-0.004999999888241291,0.));
#10735=IFCDIRECTION((0.,-1.,0.));
#10736=IFCDIRECTION((1.,0.,0.));
#10737=IFCAXIS2PLACEMENT3D(#10734,#10735,#10736);
#10738=IFCDIRECTION((0.,0.,-1.));
#10739=IFCEXTRUDEDAREASOLID(#10733,#10737,#10738,0.004999999888241291);
#10740=IFCCARTESIANPOINTLIST2D(((0.,0.),(0.,2.0250000022351742),(0.77496509999036789,2.0250000022351742),(0.77496509999036789,0.),(0.72496509738266468,0.),(0.72496509738266468,1.974999999627471),(0.050000002607703209,1.974999999627471),(0.050000002607703209,0.)));
#10741=IFCINDEXEDPOLYCURVE(#10740,(IFCLINEINDEX((1,2,3,4,5,6,7,8,1))),$);
#10742=IFCARBITRARYCLOSEDPROFILEDEF(.AREA.,$,#10741);
#10743=IFCCARTESIANPOINT((-0.025000002235174179,0.05000000074505806,0.));
#10744=IFCDIRECTION((0.,-1.,0.));
#10745=IFCDIRECTION((1.,0.,0.));
#10746=IFCAXIS2PLACEMENT3D(#10743,#10744,#10745);
#10747=IFCDIRECTION((0.,0.,-1.));
#10748=IFCEXTRUDEDAREASOLID(#10742,#10746,#10747,0.004999999888241291);
#10749=IFCCARTESIANPOINTLIST2D(((0.,0.),(0.67496509477496147,0.),(0.67496509477496147,0.035000000149011612),(0.,0.035000000149011612)));
#10750=IFCINDEXEDPOLYCURVE(#10749,(IFCLINEINDEX((1,2,3,4,1))),$);
#10751=IFCARBITRARYCLOSEDPROFILEDEF(.AREA.,$,#10750);
#10752=IFCCARTESIANPOINT((0.02500000037252903,0.02500000037252903,0.02500000037252903));
#10753=IFCDIRECTION((0.,0.,1.));
#10754=IFCDIRECTION((1.,0.,0.));
#10755=IFCAXIS2PLACEMENT3D(#10752,#10753,#10754);
#10756=IFCDIRECTION((0.,0.,1.));
#10757=IFCEXTRUDEDAREASOLID(#10751,#10755,#10756,1.9499999992549419);
#10758=IFCCARTESIANPOINTLIST2D(((0.,0.),(0.,-0.040000000000000001),(-0.11999999999999988,-0.040000000000000001),(-0.11999999999999988,-0.02),(-0.020000000000000018,-0.02),(-0.020000000000000018,0.)));
#10759=IFCINDEXEDPOLYCURVE(#10758,(IFCLINEINDEX((1,2,3,4,5,6,1))),$);
#10760=IFCARBITRARYCLOSEDPROFILEDEF(.AREA.,$,#10759);
#10761=IFCCARTESIANPOINT((0.64996509514749046,0.02500000037252903,1.015000000372529));
#10762=IFCDIRECTION((0.,0.,1.));
#10763=IFCDIRECTION((1.,0.,0.));
#10764=IFCAXIS2PLACEMENT3D(#10761,#10762,#10763);
#10765=IFCDIRECTION((0.,0.,1.));
#10766=IFCEXTRUDEDAREASOLID(#10760,#10764,#10765,0.02);
#10767=IFCEXTRUDEDAREASOLID(#10768,#10771,#10775,0.02);
#10768=IFCARBITRARYCLOSEDPROFILEDEF(.AREA.,$,#10769);
#10769=IFCINDEXEDPOLYCURVE(#10770,(IFCLINEINDEX((1,2,3,4,5,6,1))),$);
#10770=IFCCARTESIANPOINTLIST2D(((0.,0.),(0.,0.040000000000000008),(-0.11999999999999988,0.040000000000000008),(-0.11999999999999988,0.020000000000000004),(-0.020000000000000018,0.020000000000000004),(-0.020000000000000018,0.)));
#10771=IFCAXIS2PLACEMENT3D(#10772,#10773,#10774);
#10772=IFCCARTESIANPOINT((0.64996509514749046,0.060000000521540642,1.015000000372529));
#10773=IFCDIRECTION((0.,0.,1.));
#10774=IFCDIRECTION((1.,0.,0.));
#10775=IFCDIRECTION((0.,0.,1.));
#10776=IFCSHAPEREPRESENTATION(#11,'Body','SweptSolid',(#10712,#10721,#10757,#10766,#10767,#10730,#10739,#10748));
#10777=IFCCARTESIANPOINTLIST2D(((0.,0.),(0.,0.05000000074505806),(0.02500000037252903,0.05000000074505806),(0.02500000037252903,0.02500000037252903),(0.05000000074505806,0.02500000037252903),(0.05000000074505806,0.)));
#10778=IFCINDEXEDPOLYCURVE(#10777,(IFCLINEINDEX((1,2,3,4,5,6,1))),$);
#10779=IFCINDEXEDPOLYCURVE(#10780,(IFCLINEINDEX((1,2,3,4,5,6,1))),$);
#10780=IFCCARTESIANPOINTLIST2D(((0.72496509552001953,0.),(0.72496509552001953,0.05000000074505806),(0.6999650951474905,0.05000000074505806),(0.6999650951474905,0.02500000037252903),(0.67496509477496147,0.02500000037252903),(0.67496509477496147,0.)));
#10781=IFCDIRECTION((1.,0.));
#10782=IFCCARTESIANPOINT((0.060000000521540642,0.05000000074505806));
#10783=IFCAXIS2PLACEMENT2D(#10782,#10781);
#10784=IFCELLIPSE(#10783,0.63996509462594986,0.67496509477496147);
#10785=IFCCARTESIANPOINT((0.6999650951474905,0.05000000074505806));
#10786=IFCCARTESIANPOINT((0.060000000521540642,0.72496509552001953));
#10787=IFCTRIMMEDCURVE(#10784,(#10785),(#10786),.T.,.CARTESIAN.);
#10788=IFCCARTESIANPOINTLIST2D(((0.02500000037252903,0.05000000074505806),(0.060000000521540642,0.05000000074505806),(0.060000000521540642,0.72496509552001953),(0.02500000037252903,0.72496509552001953)));
#10789=IFCINDEXEDPOLYCURVE(#10788,(IFCLINEINDEX((1,2,3,4,1))),$);
#10790=IFCSHAPEREPRESENTATION(#24,'Body','Curve2D',(#10778,#10779,#10787,#10789));
#10791=IFCCARTESIANPOINTLIST2D(((0.,0.),(0.72496509552001953,0.),(0.72496509552001953,2.),(0.,2.)));
#10792=IFCINDEXEDPOLYCURVE(#10791,(IFCLINEINDEX((1,2,3,4,1))),$);
#10793=IFCARBITRARYCLOSEDPROFILEDEF(.AREA.,$,#10792);
#10794=IFCCARTESIANPOINT((0.,-0.60000002384185791,0.));
#10795=IFCDIRECTION((0.,-1.,0.));
#10796=IFCDIRECTION((1.,0.,0.));
#10797=IFCAXIS2PLACEMENT3D(#10794,#10795,#10796);
#10798=IFCDIRECTION((0.,0.,-1.));
#10799=IFCEXTRUDEDAREASOLID(#10793,#10797,#10798,1.2);
#10800=IFCSHAPEREPRESENTATION(#11,'Body','SweptSolid',(#10799));
#10806=IFCCARTESIANPOINT((3.4731637390452161,0.099999857036580625,0.));
#10807=IFCDIRECTION((0.,0.,1.));
#10808=IFCDIRECTION((-0.99999999999992417,3.8941438162963358E-07,0.));
#10809=IFCAXIS2PLACEMENT3D(#10806,#10807,#10808);
#10810=IFCLOCALPLACEMENT(#6248,#10809);
#10811=IFCCARTESIANPOINT((-1.1102230246251565E-16,-8.8818286662309832E-16,0.));
#10812=IFCDIRECTION((0.,0.,1.));
#10813=IFCDIRECTION((1.,5.2939559203393771E-23,0.));
#10814=IFCAXIS2PLACEMENT3D(#10811,#10812,#10813);
#10815=IFCLOCALPLACEMENT(#10810,#10814);
#10828=IFCBUILDINGSTOREY('2kejEixMLDtfRqIHloGE3x',$,'Roof',$,$,#10849,$,$,$,$);
#10845=IFCCARTESIANPOINT((0.,0.,6.));
#10846=IFCDIRECTION((0.,0.,1.));
#10847=IFCDIRECTION((1.,0.,0.));
#10848=IFCAXIS2PLACEMENT3D(#10845,#10846,#10847);
#10849=IFCLOCALPLACEMENT(#56,#10848);
#10850=IFCROOF('0bqNeIOkzDDev9vHurqlTq',$,'Roof',$,$,#10882,#10860,$,$);
#10852=IFCRELDEFINESBYTYPE('1ZGEotilb7uvQclWkqlawS',$,$,$,(#10850),#5493);
#10853=IFCCARTESIANPOINT((0.,0.,0.));
#10854=IFCDIRECTION((1.,0.,0.));
#10855=IFCDIRECTION((0.,1.,0.));
#10856=IFCDIRECTION((0.,0.,1.));
#10857=IFCCARTESIANTRANSFORMATIONOPERATOR3D(#10854,#10855,#10853,1.,#10856);
#10858=IFCMAPPEDITEM(#5523,#10857);
#10859=IFCSHAPEREPRESENTATION(#11,'Body','MappedRepresentation',(#10858));
#10860=IFCPRODUCTDEFINITIONSHAPE($,$,(#10859,#10867));
#10861=IFCCARTESIANPOINT((0.,0.,0.));
#10862=IFCDIRECTION((1.,0.,0.));
#10863=IFCDIRECTION((0.,1.,0.));
#10864=IFCDIRECTION((0.,0.,1.));
#10865=IFCCARTESIANTRANSFORMATIONOPERATOR3D(#10862,#10863,#10861,1.,#10864);
#10866=IFCMAPPEDITEM(#5551,#10865);
#10867=IFCSHAPEREPRESENTATION(#13,'Box','MappedRepresentation',(#10866));
#10873=IFCCARTESIANPOINT((-4.4408920985006262E-16,-1.4505439221729893E-20,0.));
#10874=IFCDIRECTION((0.,0.,1.));
#10875=IFCDIRECTION((1.,0.,0.));
#10876=IFCAXIS2PLACEMENT3D(#10873,#10874,#10875);
#10877=IFCLOCALPLACEMENT(#9071,#10876);
#10878=IFCCARTESIANPOINT((0.52621579170227051,1.6662077903747559,3.1015424728393555));
#10879=IFCDIRECTION((0.,0.,1.));
#10880=IFCDIRECTION((1.,0.,0.));
#10881=IFCAXIS2PLACEMENT3D(#10878,#10879,#10880);
#10882=IFCLOCALPLACEMENT(#10849,#10887);
#10883=IFCRELCONTAINEDINSPATIALSTRUCTURE('34D26mvSDCNQI96YiBmQnt',$,$,$,(#10850),#10828);
#10884=IFCCARTESIANPOINT((0.52621579170227051,1.6662077903747559,0.10154247283935547));
#10885=IFCDIRECTION((0.,0.,1.));
#10886=IFCDIRECTION((1.,0.,0.));
#10887=IFCAXIS2PLACEMENT3D(#10884,#10885,#10886);
#10888=IFCWALL('27CT3mTarAQh7zauD1EwgJ',$,'Wall - central partition south',$,$,#10918,#10889,$,$);
#10889=IFCPRODUCTDEFINITIONSHAPE($,$,(#10890,#10898));
#10890=IFCSHAPEREPRESENTATION(#10891,'Axis','Curve2D',(#10896));
#10891=IFCGEOMETRICREPRESENTATIONSUBCONTEXT('Axis','Plan',*,*,*,*,#10892,$,.GRAPH_VIEW.,$);
#10892=IFCGEOMETRICREPRESENTATIONCONTEXT($,'Plan',2,1.0000000000000001E-05,#10893,$);
#10893=IFCAXIS2PLACEMENT2D(#10894,#10895);
#10894=IFCCARTESIANPOINT((0.,0.));
#10895=IFCDIRECTION((1.,0.));
#10896=IFCINDEXEDPOLYCURVE(#10897,$,$);
#10897=IFCCARTESIANPOINTLIST2D(((0.,0.),(4.8096286450141168,0.)));
#10898=IFCSHAPEREPRESENTATION(#10899,'Body','SweptSolid',(#10905));
#10899=IFCGEOMETRICREPRESENTATIONSUBCONTEXT('Body','Model',*,*,*,*,#10900,$,.MODEL_VIEW.,$);
#10900=IFCGEOMETRICREPRESENTATIONCONTEXT($,'Model',3,1.0000000000000001E-05,#10901,$);
#10901=IFCAXIS2PLACEMENT3D(#10902,#10903,#10904);
#10902=IFCCARTESIANPOINT((0.,0.,0.));
#10903=IFCDIRECTION((0.,0.,1.));
#10904=IFCDIRECTION((1.,0.,0.));
#10905=IFCEXTRUDEDAREASOLID(#10906,#10909,#10913,3.);
#10906=IFCARBITRARYCLOSEDPROFILEDEF(.AREA.,$,#10907);
#10907=IFCINDEXEDPOLYCURVE(#10908,(IFCLINEINDEX((1,2,3,4,1))),$);
#10908=IFCCARTESIANPOINTLIST2D(((0.,0.10000000000000001),(4.7096286168011154,0.10000000000000001),(4.8096286450141168,0.),(0.,0.)));
#10909=IFCAXIS2PLACEMENT3D(#10910,#10911,#10912);
#10910=IFCCARTESIANPOINT((0.,0.,0.));
#10911=IFCDIRECTION((0.,0.,1.));
#10912=IFCDIRECTION((1.,0.,0.));
#10913=IFCDIRECTION((0.,0.,1.));
#10914=IFCCARTESIANPOINT((0.2631834867629354,2.5962497494597061,0.));
#10915=IFCDIRECTION((0.,0.,1.));
#10916=IFCDIRECTION((-4.3711388286737889E-08,-0.99999999999999911,0.));
#10917=IFCAXIS2PLACEMENT3D(#10914,#10915,#10916);
#10918=IFCLOCALPLACEMENT(#5469,#10917);
#10919=IFCCARTESIANPOINT((1.0276815154132539,0.10000050357585455,0.));
#10920=IFCDIRECTION((0.,0.,1.));
#10921=IFCDIRECTION((-0.99999999999996358,2.7020508497342688E-07,0.));
#10922=IFCAXIS2PLACEMENT3D(#10919,#10920,#10921);
#10923=IFCRELCONNECTSPATHELEMENTS('1oZeGwjPDBJPGYprkimBsL',$,$,$,$,#6262,#10888,(),(),.ATSTART.,.ATEND.);
ENDSEC;
END-ISO-10303-21;
